prediction_horizon_s,model,accuracy,macro_f1,balanced_accuracy,risk_precision,risk_recall,roc_auc,pr_auc,n_train,n_test
0,ExtraTrees,0.8797061524334252,0.8452260706826873,0.8383838383838385,0.7985611510791367,0.7474747474747475,0.9390920994456348,0.874172996188899,2190,1089
1,ExtraTrees,0.8704044117647058,0.8337262348760002,0.8278124694053898,0.7785714285714286,0.734006734006734,0.938048840703708,0.8690110591350021,2188,1088
3,ExtraTrees,0.8646408839779005,0.8257615197980412,0.818661904213235,0.7717391304347826,0.7171717171717171,0.9237687393580928,0.8318303973489212,2184,1086
5,ExtraTrees,0.8708487084870848,0.8362982874747047,0.8334894904145222,0.7716262975778547,0.7508417508417509,0.9135274815071512,0.8031712324625965,2180,1084
