feature_set,n_features,accuracy,balanced_accuracy,macro_f1,risk_precision,risk_recall,roc_auc,pr_auc
event_only,10,0.9660238751147842,0.9377104377104376,0.9553736472709512,1.0,0.8754208754208754,0.9377104377104376,0.9093970003060912
event_free,24,0.8797061524334252,0.8383838383838385,0.8452260706826873,0.7985611510791367,0.7474747474747475,0.9390920994456348,0.874172996188899
all_features,34,0.9963269054178144,0.9932659932659932,0.9953507236476968,1.0,0.9865319865319864,0.9993835663027584,0.9986115754852876
