setting,task,prediction_horizon_s,model,n_train,n_test,accuracy,balanced_accuracy,macro_f1,risk_f1,non_risk_precision,non_risk_recall,risk_precision,risk_recall,non_risk_support,risk_support,roc_auc,pr_auc
event_free_future_horizon,future_binary_risk,0,ExtraTrees,2190,1089,0.8797061524334252,0.8383838383838385,0.8452260706826873,0.7721739130434783,0.9075215782983971,0.9292929292929293,0.7985611510791367,0.7474747474747475,792,297,0.9390920994456348,0.874172996188899
event_free_future_horizon,future_binary_risk,1,ExtraTrees,2188,1088,0.8704044117647058,0.8278124694053898,0.8337262348760002,0.755632582322357,0.9022277227722773,0.9216182048040455,0.7785714285714286,0.734006734006734,791,297,0.938048840703708,0.8690110591350021
event_free_future_horizon,future_binary_risk,3,ExtraTrees,2184,1086,0.8646408839779005,0.818661904213235,0.8257615197980412,0.743455497382199,0.8962962962962963,0.9201520912547528,0.7717391304347826,0.7171717171717171,789,297,0.9237687393580929,0.8318303973489212
event_free_future_horizon,future_binary_risk,5,ExtraTrees,2180,1084,0.8708487084870848,0.8334894904145222,0.8362982874747047,0.7610921501706485,0.9069182389937107,0.9161372299872935,0.7716262975778547,0.7508417508417509,787,297,0.9135274815071512,0.8031712324625965
