run_id,sec,state_label,risk_binary,planned_real_available,representation,risk_probability,predicted_risk
dataset1,0,normal,0,0,full_corrected_21,0.0022829530899711277,0
dataset1,1,normal,0,0,full_corrected_21,0.0022829530899711277,0
dataset1,2,normal,0,0,full_corrected_21,0.0022829530899711277,0
dataset1,3,normal,0,0,full_corrected_21,0.0022829530899711277,0
dataset1,4,normal,0,0,full_corrected_21,0.0022829530899711277,0
dataset1,5,normal,0,0,full_corrected_21,0.0022829530899711277,0
dataset1,6,normal,0,0,full_corrected_21,0.0022829530899711277,0
dataset1,7,normal,0,0,full_corrected_21,0.0022829530899711277,0
dataset1,8,normal,0,0,full_corrected_21,0.0022829530899711277,0
dataset1,9,normal,0,0,full_corrected_21,0.0022829530899711277,0
dataset1,10,normal,0,0,full_corrected_21,0.0022829530899711277,0
dataset1,11,normal,0,0,full_corrected_21,0.0022829530899711277,0
dataset1,12,normal,0,0,full_corrected_21,0.0022829530899711277,0
dataset1,13,normal,0,0,full_corrected_21,0.0022829530899711277,0
dataset1,14,normal,0,0,full_corrected_21,0.0022829530899711277,0
dataset1,15,normal,0,0,full_corrected_21,0.0022829530899711277,0
dataset1,16,normal,0,0,full_corrected_21,0.0022829530899711277,0
dataset1,17,normal,0,0,full_corrected_21,0.0022829530899711277,0
dataset1,18,normal,0,0,full_corrected_21,0.0022829530899711277,0
dataset1,19,normal,0,0,full_corrected_21,0.0022829530899711277,0
dataset1,20,normal,0,0,full_corrected_21,0.0022829530899711277,0
dataset1,21,normal,0,0,full_corrected_21,0.0022829530899711277,0
dataset1,22,normal,0,0,full_corrected_21,0.0022829530899711277,0
dataset1,23,normal,0,0,full_corrected_21,0.0022829530899711277,0
dataset1,24,normal,0,0,full_corrected_21,0.0022829530899711277,0
dataset1,25,normal,0,0,full_corrected_21,0.0022829530899711277,0
dataset1,26,normal,0,0,full_corrected_21,0.0022829530899711277,0
dataset1,27,normal,0,0,full_corrected_21,0.0022829530899711277,0
dataset1,28,normal,0,0,full_corrected_21,0.0022829530899711277,0
dataset1,29,normal,0,0,full_corrected_21,0.0022829530899711277,0
dataset1,30,normal,0,0,full_corrected_21,0.0022829530899711277,0
dataset1,31,normal,0,0,full_corrected_21,0.0022829530899711277,0
dataset1,32,normal,0,0,full_corrected_21,0.0022829530899711277,0
dataset1,33,normal,0,0,full_corrected_21,0.0022829530899711277,0
dataset1,34,normal,0,0,full_corrected_21,0.0022829530899711277,0
dataset1,35,normal,0,0,full_corrected_21,0.0022829530899711277,0
dataset1,36,normal,0,0,full_corrected_21,0.0022829530899711277,0
dataset1,37,normal,0,0,full_corrected_21,0.0022829530899711277,0
dataset1,38,normal,0,0,full_corrected_21,0.0022829530899711277,0
dataset1,39,normal,0,0,full_corrected_21,0.0022829530899711277,0
dataset1,40,normal,0,0,full_corrected_21,0.0022829530899711277,0
dataset1,41,normal,0,0,full_corrected_21,0.0022829530899711277,0
dataset1,42,normal,0,0,full_corrected_21,0.0022829530899711277,0
dataset1,43,normal,0,0,full_corrected_21,0.0022829530899711277,0
dataset1,44,normal,0,0,full_corrected_21,0.0022829530899711277,0
dataset1,45,normal,0,0,full_corrected_21,0.0022829530899711277,0
dataset1,46,normal,0,0,full_corrected_21,0.0022829530899711277,0
dataset1,47,normal,0,0,full_corrected_21,0.0022829530899711277,0
dataset1,48,normal,0,0,full_corrected_21,0.0022829530899711277,0
dataset1,49,normal,0,0,full_corrected_21,0.0022829530899711277,0
dataset1,50,normal,0,0,full_corrected_21,0.0022829530899711277,0
dataset1,51,normal,0,0,full_corrected_21,0.0022829530899711277,0
dataset1,52,normal,0,0,full_corrected_21,0.0022829530899711277,0
dataset1,53,normal,0,0,full_corrected_21,0.0022829530899711277,0
dataset1,54,normal,0,0,full_corrected_21,0.0022829530899711277,0
dataset1,55,normal,0,0,full_corrected_21,0.0022829530899711277,0
dataset1,56,normal,0,0,full_corrected_21,0.0022829530899711277,0
dataset1,57,normal,0,0,full_corrected_21,0.0022829530899711277,0
dataset1,58,normal,0,0,full_corrected_21,0.0022829530899711277,0
dataset1,59,normal,0,0,full_corrected_21,0.0022829530899711277,0
dataset1,60,normal,0,0,full_corrected_21,0.0022829530899711277,0
dataset1,61,normal,0,0,full_corrected_21,0.0022829530899711277,0
dataset1,62,normal,0,0,full_corrected_21,0.0022829530899711277,0
dataset1,63,normal,0,0,full_corrected_21,0.0022829530899711277,0
dataset1,64,normal,0,0,full_corrected_21,5.1846727391521796e-05,0
dataset1,65,normal,0,0,full_corrected_21,5.1846727391521796e-05,0
dataset1,66,normal,0,1,full_corrected_21,0.0011220569614256352,0
dataset1,67,normal,0,1,full_corrected_21,5.1846727391521796e-05,0
dataset1,68,normal,0,1,full_corrected_21,5.1846727391521796e-05,0
dataset1,69,normal,0,0,full_corrected_21,5.1846727391521796e-05,0
dataset1,70,normal,0,0,full_corrected_21,0.00016332051163314468,0
dataset1,71,normal,0,0,full_corrected_21,0.0033531633240052408,0
dataset1,72,normal,0,0,full_corrected_21,0.0032179597269283216,0
dataset1,73,normal,0,0,full_corrected_21,0.004964991887515415,0
dataset1,74,normal,0,1,full_corrected_21,0.002627845991145295,0
dataset1,75,normal,0,1,full_corrected_21,0.004959546895674837,0
dataset1,76,normal,0,1,full_corrected_21,0.004008331350025065,0
dataset1,77,normal,0,0,full_corrected_21,0.002430198577993929,0
dataset1,78,normal,0,0,full_corrected_21,0.0010358833325158925,0
dataset1,79,normal,0,0,full_corrected_21,0.003928990722978255,0
dataset1,80,normal,0,1,full_corrected_21,0.0019904187251848886,0
dataset1,81,normal,0,1,full_corrected_21,0.0012377318027907527,0
dataset1,82,normal,0,1,full_corrected_21,0.0001675215687566392,0
dataset1,83,normal,0,0,full_corrected_21,0.0001675215687566392,0
dataset1,84,normal,0,1,full_corrected_21,0.0030892801214688274,0
dataset1,85,normal,0,1,full_corrected_21,0.007204954962833945,0
dataset1,86,normal,0,1,full_corrected_21,0.0025802003208772674,0
dataset1,87,normal,0,0,full_corrected_21,0.002064563570913041,0
dataset1,88,normal,0,0,full_corrected_21,0.003858840724990186,0
dataset1,89,normal,0,1,full_corrected_21,0.00731827433021376,0
dataset1,90,normal,0,1,full_corrected_21,0.004853748850701609,0
dataset1,91,normal,0,1,full_corrected_21,0.00246452547951215,0
dataset1,92,normal,0,0,full_corrected_21,0.00246452547951215,0
dataset1,93,normal,0,0,full_corrected_21,0.0013943152454780363,0
dataset1,94,normal,0,0,full_corrected_21,0.0015729485497740856,0
dataset1,95,normal,0,0,full_corrected_21,0.0,0
dataset1,96,normal,0,1,full_corrected_21,0.0010702102340341135,0
dataset1,97,normal,0,1,full_corrected_21,0.0001156748413651174,0
dataset1,98,normal,0,1,full_corrected_21,0.0001156748413651174,0
dataset1,99,normal,0,0,full_corrected_21,0.005509990086843154,0
dataset1,100,normal,0,0,full_corrected_21,0.0013943152454780363,0
dataset1,101,normal,0,1,full_corrected_21,0.002937020793493465,0
dataset1,102,normal,0,1,full_corrected_21,0.0001156748413651174,0
dataset1,103,normal,0,1,full_corrected_21,0.0001156748413651174,0
dataset1,104,normal,0,0,full_corrected_21,0.005818311916834398,0
dataset1,105,normal,0,1,full_corrected_21,0.0025305544537324058,0
dataset1,106,normal,0,1,full_corrected_21,0.008922560514900155,0
dataset1,107,normal,0,1,full_corrected_21,0.0017587929899643866,0
dataset1,108,normal,0,0,full_corrected_21,0.002010743832328542,0
dataset1,109,normal,0,0,full_corrected_21,0.011183853497154114,0
dataset1,110,normal,0,0,full_corrected_21,0.010040602399715659,0
dataset1,111,normal,0,0,full_corrected_21,0.001557635757111181,0
dataset1,112,normal,0,1,full_corrected_21,0.00016332051163314468,0
dataset1,113,normal,0,1,full_corrected_21,0.00016332051163314468,0
dataset1,114,normal,0,1,full_corrected_21,0.00016332051163314468,0
dataset1,115,normal,0,0,full_corrected_21,5.1846727391521796e-05,0
dataset1,116,normal,0,0,full_corrected_21,5.1846727391521796e-05,0
dataset1,117,normal,0,0,full_corrected_21,0.00014253262190290023,0
dataset1,118,normal,0,0,full_corrected_21,5.1846727391521796e-05,0
dataset1,119,normal,0,0,full_corrected_21,5.1846727391521796e-05,0
dataset1,120,normal,0,1,full_corrected_21,0.00703816885101675,0
dataset1,121,normal,0,1,full_corrected_21,0.0030644817610187398,0
dataset1,122,normal,0,1,full_corrected_21,0.0018535302349864237,0
dataset1,123,normal,0,0,full_corrected_21,0.0002786265878605476,0
dataset1,124,normal,0,0,full_corrected_21,0.001694964875990791,0
dataset1,125,normal,0,0,full_corrected_21,0.001010624268258615,0
dataset1,126,normal,0,0,full_corrected_21,0.03342123628766374,0
dataset1,127,normal,0,1,full_corrected_21,0.036988412228515434,0
dataset1,128,normal,0,1,full_corrected_21,0.03691269213718113,0
dataset1,129,normal,0,1,full_corrected_21,0.009790018079660595,0
dataset1,130,normal,0,1,full_corrected_21,0.00780260850410221,0
dataset1,131,normal,0,1,full_corrected_21,0.002273639298400625,0
dataset1,132,normal,0,0,full_corrected_21,0.006865729643687894,0
dataset1,133,normal,0,0,full_corrected_21,0.0066169267405666605,0
dataset1,134,normal,0,0,full_corrected_21,0.014831699684392135,0
dataset1,135,normal,0,0,full_corrected_21,0.007808705264021785,0
dataset1,136,normal,0,0,full_corrected_21,0.008818785380540118,0
dataset1,137,normal,0,0,full_corrected_21,0.008818785380540118,0
dataset1,138,normal,0,0,full_corrected_21,0.0060006910626517855,0
dataset1,139,normal,0,0,full_corrected_21,0.0024516698772190423,0
dataset1,140,normal,0,0,full_corrected_21,0.0034895592891372633,0
dataset1,141,normal,0,1,full_corrected_21,0.004201249007030656,0
dataset1,142,normal,0,1,full_corrected_21,0.009822249118062945,0
dataset1,143,normal,0,1,full_corrected_21,0.015618366006851323,0
dataset1,144,normal,0,1,full_corrected_21,0.021055527344625218,0
dataset1,145,normal,0,0,full_corrected_21,0.025117990637102766,0
dataset1,146,normal,0,0,full_corrected_21,0.03161492595293534,0
dataset1,147,normal,0,0,full_corrected_21,0.028458511480556833,0
dataset1,148,normal,0,0,full_corrected_21,0.03703622568682661,0
dataset1,149,normal,0,0,full_corrected_21,0.02257552760458872,0
dataset1,150,normal,0,0,full_corrected_21,0.04134564816478518,0
dataset1,151,normal,0,0,full_corrected_21,0.0767722751273934,0
dataset1,152,normal,0,0,full_corrected_21,0.09414881158769611,0
dataset1,153,normal,0,1,full_corrected_21,0.07506872323627053,0
dataset1,154,normal,0,1,full_corrected_21,0.07798714298195254,0
dataset1,155,normal,0,1,full_corrected_21,0.12822202347960449,0
dataset1,156,normal,0,1,full_corrected_21,0.11396139710967838,0
dataset1,157,normal,0,0,full_corrected_21,0.17194464076284727,0
dataset1,158,normal,0,0,full_corrected_21,0.2016160905658798,0
dataset1,159,normal,0,0,full_corrected_21,0.2166758095721439,0
dataset1,160,normal,0,0,full_corrected_21,0.19622437764177242,0
dataset1,161,normal,0,0,full_corrected_21,0.2736316137425605,0
dataset1,162,resume,0,0,full_corrected_21,0.38817633816360825,0
dataset1,163,normal,0,0,full_corrected_21,0.42435663777403876,0
dataset1,164,resume,0,0,full_corrected_21,0.4555609717785811,0
dataset1,165,normal,0,1,full_corrected_21,0.5676928368093889,1
dataset1,166,fallback_hold,1,1,full_corrected_21,0.5867990162713304,1
dataset1,167,normal,0,1,full_corrected_21,0.6212480432764123,1
dataset1,168,operator_stop,1,0,full_corrected_21,0.5429464765225149,1
dataset1,169,operator_stop,1,0,full_corrected_21,0.5691653394400992,1
dataset1,170,operator_stop,1,0,full_corrected_21,0.5840284084554541,1
dataset1,171,operator_stop,1,0,full_corrected_21,0.5826425474930075,1
dataset1,172,operator_stop,1,0,full_corrected_21,0.5796170050552872,1
dataset1,173,operator_stop,1,0,full_corrected_21,0.5677030582467423,1
dataset1,174,operator_stop,1,1,full_corrected_21,0.6946602348106464,1
dataset1,175,operator_stop,1,1,full_corrected_21,0.5825275084003253,1
dataset1,176,operator_stop,1,1,full_corrected_21,0.6538932628019124,1
dataset1,177,operator_stop,1,1,full_corrected_21,0.5932871124597121,1
dataset1,178,operator_stop,1,1,full_corrected_21,0.6742222101524102,1
dataset1,179,operator_stop,1,1,full_corrected_21,0.5963163981294125,1
dataset1,180,operator_stop,1,1,full_corrected_21,0.6764817730123558,1
dataset1,181,operator_stop,1,0,full_corrected_21,0.598794876920867,1
dataset1,182,normal,0,0,full_corrected_21,0.6210773479447373,1
dataset1,183,normal,0,0,full_corrected_21,0.5507366903372684,1
dataset1,184,preentry_block,1,0,full_corrected_21,0.6206223654739252,1
dataset1,185,fallback_hold,1,0,full_corrected_21,0.5577394964464639,1
dataset1,186,normal,0,0,full_corrected_21,0.581200993756104,1
dataset1,187,fallback_hold,1,0,full_corrected_21,0.5877449822766739,1
dataset1,188,normal,0,0,full_corrected_21,0.5388661727307694,1
dataset1,189,fallback_hold,1,0,full_corrected_21,0.6520815378688427,1
dataset1,190,normal,0,0,full_corrected_21,0.6357864051195645,1
dataset1,191,fallback_hold,1,1,full_corrected_21,0.6796998615989572,1
dataset1,192,preentry_block,1,1,full_corrected_21,0.7010573590237028,1
dataset1,193,normal,0,1,full_corrected_21,0.6949321880269826,1
dataset1,194,fallback_hold,1,0,full_corrected_21,0.6349777432747004,1
dataset1,195,normal,0,0,full_corrected_21,0.668745892442268,1
dataset1,196,fallback_hold,1,0,full_corrected_21,0.6576510845933637,1
dataset1,197,preentry_block,1,0,full_corrected_21,0.6564005986335841,1
dataset1,198,fallback_hold,1,1,full_corrected_21,0.6241521480335447,1
dataset1,199,fallback_hold,1,1,full_corrected_21,0.7719023445231629,1
dataset1,200,normal,0,1,full_corrected_21,0.6676445940078694,1
dataset1,201,preentry_block,1,0,full_corrected_21,0.7021618189038915,1
dataset1,202,normal,0,0,full_corrected_21,0.7081801581099151,1
dataset1,203,fallback_hold,1,1,full_corrected_21,0.6068897158402892,1
dataset1,204,fallback_hold,1,1,full_corrected_21,0.6741880699884429,1
dataset1,205,normal,0,1,full_corrected_21,0.5865628938256573,1
dataset1,206,fallback_hold,1,0,full_corrected_21,0.6041558622884718,1
dataset1,207,normal,0,0,full_corrected_21,0.6053408049242991,1
dataset1,208,fallback_hold,1,0,full_corrected_21,0.7579134771282885,1
dataset1,209,preentry_block,1,0,full_corrected_21,0.7455221225604368,1
dataset1,210,normal,0,0,full_corrected_21,0.7191687363076843,1
dataset1,211,preentry_block,1,0,full_corrected_21,0.7245884898495522,1
dataset1,212,normal,0,0,full_corrected_21,0.6910502890240939,1
dataset1,213,fallback_hold,1,0,full_corrected_21,0.5399127414805819,1
dataset1,214,resume,0,0,full_corrected_21,0.9085077285654696,1
dataset1,215,conflict_risk,1,1,full_corrected_21,0.9571953538100588,1
dataset1,216,fallback_hold,1,1,full_corrected_21,0.9802452180946172,1
dataset1,217,conflict_risk,1,1,full_corrected_21,0.9868168868939458,1
dataset1,218,fallback_hold,1,1,full_corrected_21,0.9968589127221936,1
dataset1,219,conflict_risk,1,0,full_corrected_21,0.999267121404437,1
dataset1,220,fallback_hold,1,0,full_corrected_21,0.999267121404437,1
dataset1,221,conflict_risk,1,0,full_corrected_21,0.9636242867002077,1
dataset1,222,preentry_block,1,0,full_corrected_21,0.9724331818043336,1
dataset1,223,safe_node_hold,1,0,full_corrected_21,0.7804973306968548,1
dataset1,224,normal,0,1,full_corrected_21,0.6898353201790032,1
dataset1,225,safe_node_hold,1,1,full_corrected_21,0.6846224125472171,1
dataset1,226,conflict_risk,1,1,full_corrected_21,0.6565288773789465,1
dataset1,227,fallback_hold,1,0,full_corrected_21,0.6725255003520054,1
dataset1,228,safe_node_hold,1,0,full_corrected_21,0.40612744699735065,0
dataset1,229,normal,0,0,full_corrected_21,0.3114875619958592,0
dataset1,230,safe_node_hold,1,1,full_corrected_21,0.3462296060055041,0
dataset1,231,normal,0,1,full_corrected_21,0.24822998398866591,0
dataset1,232,safe_node_hold,1,1,full_corrected_21,0.18003545997289228,0
dataset1,233,normal,0,1,full_corrected_21,0.12835568642894868,0
dataset1,234,safe_node_hold,1,1,full_corrected_21,0.14321302268135225,0
dataset1,235,safe_node_hold,1,1,full_corrected_21,0.14244958454610837,0
dataset1,236,normal,0,0,full_corrected_21,0.13259570520455116,0
dataset1,237,resume,0,0,full_corrected_21,0.19491367080827862,0
dataset1,238,normal,0,1,full_corrected_21,0.06486111312361482,0
dataset1,239,normal,0,1,full_corrected_21,0.09822590591160307,0
dataset1,240,normal,0,1,full_corrected_21,0.021129458846088026,0
dataset1,241,normal,0,1,full_corrected_21,0.025745755901151513,0
dataset1,242,normal,0,0,full_corrected_21,0.017238117116938484,0
dataset1,243,normal,0,0,full_corrected_21,0.029051162111480525,0
dataset1,244,normal,0,0,full_corrected_21,0.01427176491842613,0
dataset1,245,normal,0,0,full_corrected_21,0.01262864676982686,0
dataset1,246,normal,0,0,full_corrected_21,0.031163666075705317,0
dataset1,247,normal,0,0,full_corrected_21,0.07068896019479161,0
dataset1,248,normal,0,1,full_corrected_21,0.18837530689941476,0
dataset1,249,normal,0,1,full_corrected_21,0.22829113754154823,0
dataset1,250,safe_node_hold,1,1,full_corrected_21,0.4800721971708395,0
dataset1,251,normal,0,0,full_corrected_21,0.22421635651759061,0
dataset1,252,resume,0,0,full_corrected_21,0.42698074689601884,0
dataset1,253,normal,0,1,full_corrected_21,0.3495319093645525,0
dataset1,254,normal,0,1,full_corrected_21,0.21430973298730238,0
dataset1,255,normal,0,1,full_corrected_21,0.1306837876267096,0
dataset1,256,normal,0,0,full_corrected_21,0.10273126656825371,0
dataset1,257,normal,0,0,full_corrected_21,0.08546352571695098,0
dataset1,258,normal,0,1,full_corrected_21,0.08881598891084107,0
dataset1,259,normal,0,1,full_corrected_21,0.04233490939355553,0
dataset1,260,normal,0,1,full_corrected_21,0.038923631197289615,0
dataset1,261,normal,0,0,full_corrected_21,0.027112898616838375,0
dataset1,262,normal,0,1,full_corrected_21,0.024233085128204778,0
dataset1,263,normal,0,1,full_corrected_21,0.012369135925892233,0
dataset1,264,normal,0,1,full_corrected_21,0.01980537697649195,0
dataset1,265,normal,0,1,full_corrected_21,0.007671620632767443,0
dataset1,266,normal,0,1,full_corrected_21,0.0017118246406782793,0
dataset1,267,normal,0,1,full_corrected_21,0.003852245108746506,0
dataset1,268,normal,0,1,full_corrected_21,0.0043160381380988625,0
dataset1,269,normal,0,1,full_corrected_21,0.003823923652679646,0
dataset1,270,normal,0,0,full_corrected_21,0.0062715224838904675,0
dataset1,271,normal,0,0,full_corrected_21,0.010877046462913601,0
dataset1,272,normal,0,0,full_corrected_21,0.009014426363531915,0
dataset1,273,normal,0,0,full_corrected_21,0.007014426363531917,0
dataset1,274,normal,0,0,full_corrected_21,0.005014426363531916,0
dataset1,275,normal,0,0,full_corrected_21,0.01107140971634497,0
dataset1,276,normal,0,0,full_corrected_21,0.014001199482310855,0
dataset1,277,normal,0,0,full_corrected_21,0.016001199482310855,0
dataset1,278,normal,0,0,full_corrected_21,0.021112269022333194,0
dataset1,279,normal,0,0,full_corrected_21,0.013721625098422303,0
dataset1,280,normal,0,1,full_corrected_21,0.031250322078089414,0
dataset1,281,normal,0,1,full_corrected_21,0.023593329823374084,0
dataset1,282,normal,0,1,full_corrected_21,0.031125718271569902,0
dataset1,283,normal,0,0,full_corrected_21,0.027745356461423627,0
dataset1,284,normal,0,0,full_corrected_21,0.031017415165732594,0
dataset1,285,normal,0,0,full_corrected_21,0.007750761776710688,0
dataset1,286,normal,0,0,full_corrected_21,0.009111198862579736,0
dataset1,287,normal,0,0,full_corrected_21,0.03021490727570469,0
dataset1,288,normal,0,0,full_corrected_21,0.031177065748250327,0
dataset1,289,normal,0,1,full_corrected_21,0.03930125968395091,0
dataset1,290,normal,0,1,full_corrected_21,0.01719150235444033,0
dataset1,291,normal,0,1,full_corrected_21,0.046892574730491944,0
dataset1,292,normal,0,0,full_corrected_21,0.019598016338691102,0
dataset1,293,normal,0,0,full_corrected_21,0.022873525402215805,0
dataset1,294,normal,0,1,full_corrected_21,0.015154771403815704,0
dataset1,295,normal,0,1,full_corrected_21,0.008779049216140962,0
dataset1,296,normal,0,1,full_corrected_21,0.017701543023444642,0
dataset1,297,normal,0,0,full_corrected_21,0.004506260582454497,0
dataset1,298,normal,0,0,full_corrected_21,0.0008631424338552265,0
dataset1,299,normal,0,1,full_corrected_21,0.0058719246656827075,0
dataset1,300,normal,0,1,full_corrected_21,0.005767356997600135,0
dataset1,301,normal,0,1,full_corrected_21,0.0037673569976001344,0
dataset1,302,normal,0,1,full_corrected_21,0.0020738472467755715,0
dataset1,303,normal,0,1,full_corrected_21,0.000232621284053871,0
dataset1,304,normal,0,0,full_corrected_21,0.000232621284053871,0
dataset1,305,normal,0,1,full_corrected_21,0.0013028315180879844,0
dataset1,306,normal,0,0,full_corrected_21,0.0006588456126478677,0
dataset1,307,normal,0,1,full_corrected_21,0.0028907498081061464,0
dataset1,308,normal,0,0,full_corrected_21,0.004788630490956073,0
dataset1,309,normal,0,0,full_corrected_21,0.0043751293737033375,0
dataset1,310,normal,0,0,full_corrected_21,0.024427575860033295,0
dataset1,311,normal,0,0,full_corrected_21,0.027054134995573364,0
dataset1,312,normal,0,0,full_corrected_21,0.026589609516061208,0
dataset1,313,normal,0,0,full_corrected_21,0.026589609516061208,0
dataset1,314,normal,0,0,full_corrected_21,0.025908319166443053,0
dataset1,315,normal,0,0,full_corrected_21,0.02136110308535315,0
dataset1,316,normal,0,0,full_corrected_21,0.010511044592190445,0
dataset1,317,normal,0,0,full_corrected_21,0.010774156921595812,0
dataset1,318,normal,0,0,full_corrected_21,0.00790579515783656,0
dataset1,319,normal,0,1,full_corrected_21,0.014465115771307624,0
dataset1,320,normal,0,0,full_corrected_21,0.008013438785947978,0
dataset1,321,normal,0,1,full_corrected_21,0.013763897075885162,0
dataset1,322,normal,0,0,full_corrected_21,0.011345632392194778,0
dataset1,323,normal,0,0,full_corrected_21,0.0069718875706717785,0
dataset1,324,normal,0,0,full_corrected_21,0.015730512799194886,0
dataset1,325,normal,0,0,full_corrected_21,0.005901677336637666,0
dataset1,326,normal,0,0,full_corrected_21,0.005901677336637666,0
dataset1,327,normal,0,1,full_corrected_21,0.007170014523509014,0
dataset1,328,normal,0,0,full_corrected_21,0.011666007787515106,0
dataset1,329,normal,0,0,full_corrected_21,0.01544889161921965,0
dataset1,330,normal,0,1,full_corrected_21,0.033253264939291635,0
dataset1,331,normal,0,0,full_corrected_21,0.027999724624483004,0
dataset1,332,normal,0,1,full_corrected_21,0.0387441699184495,0
dataset1,333,normal,0,0,full_corrected_21,0.04003066866191516,0
dataset1,334,normal,0,1,full_corrected_21,0.05855654598238376,0
dataset1,335,normal,0,0,full_corrected_21,0.03700958217580914,0
dataset1,336,normal,0,1,full_corrected_21,0.026625433799985623,0
dataset1,337,normal,0,0,full_corrected_21,0.02428768754167027,0
dataset1,338,normal,0,0,full_corrected_21,0.031601879486126444,0
dataset1,339,normal,0,0,full_corrected_21,0.2957179283920906,0
dataset1,340,normal,0,0,full_corrected_21,0.41120993307805,0
dataset1,341,normal,0,0,full_corrected_21,0.49960907529966236,0
dataset1,342,normal,0,0,full_corrected_21,0.4867825221558211,0
dataset1,343,operator_stop,1,0,full_corrected_21,0.5135638797622565,1
dataset1,344,operator_stop,1,0,full_corrected_21,0.5716721796753098,1
dataset1,345,operator_stop,1,0,full_corrected_21,0.5165574697574876,1
dataset1,346,operator_stop,1,0,full_corrected_21,0.5467364685429542,1
dataset1,347,operator_stop,1,1,full_corrected_21,0.4934466535398068,0
dataset1,348,operator_stop,1,0,full_corrected_21,0.5662015277544661,1
dataset1,349,operator_stop,1,1,full_corrected_21,0.3621553082229303,0
dataset1,350,operator_stop,1,0,full_corrected_21,0.39144456132909083,0
dataset1,351,operator_stop,1,0,full_corrected_21,0.3344795954916862,0
dataset1,352,operator_stop,1,0,full_corrected_21,0.3084795831489311,0
dataset1,353,operator_stop,1,0,full_corrected_21,0.22639294151357478,0
dataset1,354,normal,0,0,full_corrected_21,0.07155312753638512,0
dataset1,355,normal,0,0,full_corrected_21,0.06985824412231698,0
dataset1,356,normal,0,0,full_corrected_21,0.059862973747347406,0
dataset1,357,normal,0,0,full_corrected_21,0.14583726199587865,0
dataset1,358,normal,0,0,full_corrected_21,0.27268174506154924,0
dataset1,359,normal,0,1,full_corrected_21,0.33918024317986545,0
dataset1,360,normal,0,0,full_corrected_21,0.28401779898963014,0
dataset1,361,normal,0,1,full_corrected_21,0.39231590991160853,0
dataset1,362,normal,0,0,full_corrected_21,0.33664224716298213,0
dataset1,363,normal,0,0,full_corrected_21,0.299417439257856,0
dataset1,364,normal,0,0,full_corrected_21,0.3919718512218489,0
dataset1,365,normal,0,0,full_corrected_21,0.06908773953498351,0
dataset1,366,normal,0,0,full_corrected_21,0.200479760189934,0
dataset1,367,resume,0,0,full_corrected_21,0.3600369060487509,0
dataset1,368,normal,0,0,full_corrected_21,0.4223565326673769,0
dataset1,369,resume,0,0,full_corrected_21,0.41397128196531424,0
dataset1,370,normal,0,0,full_corrected_21,0.273396957392547,0
dataset1,371,normal,0,0,full_corrected_21,0.19988140671357588,0
dataset1,372,operator_stop,1,1,full_corrected_21,0.38436612296359124,0
dataset1,373,operator_stop,1,0,full_corrected_21,0.4793602281721741,0
dataset1,374,operator_stop,1,1,full_corrected_21,0.5818896382049621,1
dataset1,375,operator_stop,1,0,full_corrected_21,0.61755391031715,1
dataset1,376,operator_stop,1,0,full_corrected_21,0.6354231888418037,1
dataset1,377,operator_stop,1,0,full_corrected_21,0.7196852083262965,1
dataset1,378,operator_stop,1,0,full_corrected_21,0.5647390162491749,1
dataset1,379,operator_stop,1,0,full_corrected_21,0.7107377908636661,1
dataset1,380,operator_stop,1,0,full_corrected_21,0.7030825861927158,1
dataset1,381,operator_stop,1,0,full_corrected_21,0.7354467962939402,1
dataset1,382,operator_stop,1,0,full_corrected_21,0.721922315426284,1
dataset1,383,normal,0,1,full_corrected_21,0.26773669629505253,0
dataset1,384,normal,0,0,full_corrected_21,0.34262980509457924,0
dataset1,385,normal,0,1,full_corrected_21,0.38409780860402026,0
dataset1,386,normal,0,0,full_corrected_21,0.42297658675391964,0
dataset1,387,normal,0,1,full_corrected_21,0.42247875956012015,0
dataset1,388,normal,0,0,full_corrected_21,0.4953450708664932,0
dataset1,389,fallback_hold,1,0,full_corrected_21,0.7555411846711124,1
dataset1,390,fallback_hold,1,0,full_corrected_21,0.7471675603139022,1
dataset1,391,normal,0,0,full_corrected_21,0.7059274023278753,1
dataset1,392,preentry_block,1,0,full_corrected_21,0.7024061200697607,1
dataset1,393,normal,0,0,full_corrected_21,0.7178560725557968,1
dataset1,394,fallback_hold,1,0,full_corrected_21,0.7335440756349885,1
dataset1,395,conflict_risk,1,0,full_corrected_21,0.766561069870648,1
dataset1,396,fallback_hold,1,0,full_corrected_21,0.8024771593729507,1
dataset1,397,conflict_risk,1,1,full_corrected_21,0.8169418965733073,1
dataset1,398,fallback_hold,1,0,full_corrected_21,0.7617313094002817,1
dataset1,399,fallback_hold,1,0,full_corrected_21,0.6889415792254158,1
dataset1,400,normal,0,0,full_corrected_21,0.5694286310997051,1
dataset1,401,preentry_block,1,0,full_corrected_21,0.5483921247901467,1
dataset1,402,fallback_hold,1,0,full_corrected_21,0.6655972483014574,1
dataset1,403,normal,0,0,full_corrected_21,0.3399669878610751,0
dataset1,404,safe_node_hold,1,1,full_corrected_21,0.6306005177752606,1
dataset1,405,conflict_risk,1,0,full_corrected_21,0.6756411343989999,1
dataset1,406,resume,0,1,full_corrected_21,0.5884980586907548,1
dataset1,407,normal,0,0,full_corrected_21,0.4483988289055572,0
dataset1,408,normal,0,0,full_corrected_21,0.2941654445522503,0
dataset1,409,normal,0,0,full_corrected_21,0.27070975327293056,0
dataset1,410,normal,0,0,full_corrected_21,0.26053234777764456,0
dataset1,411,normal,0,1,full_corrected_21,0.21102074598304815,0
dataset1,412,normal,0,0,full_corrected_21,0.22006865003718265,0
dataset1,413,normal,0,0,full_corrected_21,0.20675166950959273,0
dataset1,414,normal,0,0,full_corrected_21,0.20510853138613822,0
dataset1,415,normal,0,0,full_corrected_21,0.21630072745972434,0
dataset1,416,normal,0,1,full_corrected_21,0.10972337660830905,0
dataset1,417,normal,0,0,full_corrected_21,0.10000272608478716,0
dataset1,418,normal,0,1,full_corrected_21,0.11755377869876273,0
dataset1,419,normal,0,0,full_corrected_21,0.06397045684728299,0
dataset1,420,normal,0,0,full_corrected_21,0.04623489010971767,0
dataset1,421,normal,0,0,full_corrected_21,0.002514419983668636,0
dataset1,422,normal,0,0,full_corrected_21,0.0043316237113959185,0
dataset1,423,normal,0,0,full_corrected_21,0.011112888350041367,0
dataset1,424,normal,0,0,full_corrected_21,0.009100619026694448,0
dataset1,425,normal,0,0,full_corrected_21,0.011118953457189716,0
dataset1,426,normal,0,0,full_corrected_21,0.024610597253400347,0
dataset1,427,normal,0,0,full_corrected_21,0.005402897897562089,0
dataset1,428,normal,0,1,full_corrected_21,0.0051778538621455325,0
dataset1,429,normal,0,1,full_corrected_21,0.0005545734840698871,0
dataset1,430,normal,0,1,full_corrected_21,0.0005545734840698871,0
dataset1,431,normal,0,0,full_corrected_21,0.0037496703147870195,0
dataset1,432,normal,0,0,full_corrected_21,0.004858093385048955,0
dataset1,433,normal,0,0,full_corrected_21,0.003928303619083069,0
dataset1,434,normal,0,0,full_corrected_21,0.007363418903806899,0
dataset1,435,normal,0,1,full_corrected_21,0.014743768724280328,0
dataset1,436,normal,0,1,full_corrected_21,0.044544911083625,0
dataset1,437,normal,0,1,full_corrected_21,0.040263361510942335,0
dataset1,438,normal,0,0,full_corrected_21,0.02709887448800414,0
dataset1,439,normal,0,0,full_corrected_21,0.00953246510980592,0
dataset1,440,normal,0,1,full_corrected_21,0.016542219269651926,0
dataset1,441,normal,0,1,full_corrected_21,0.0095509987991713,0
dataset1,442,normal,0,1,full_corrected_21,0.046702356042204886,0
dataset1,443,normal,0,0,full_corrected_21,0.06910072704935186,0
dataset1,444,normal,0,1,full_corrected_21,0.020080370852930393,0
dataset1,445,normal,0,1,full_corrected_21,0.014958424050106412,0
dataset1,446,normal,0,1,full_corrected_21,0.01948848042085186,0
dataset1,447,normal,0,0,full_corrected_21,0.012778053611290717,0
dataset1,448,normal,0,0,full_corrected_21,0.018760079742108204,0
dataset1,449,normal,0,0,full_corrected_21,0.02144046900234599,0
dataset1,450,normal,0,0,full_corrected_21,0.009371239941941601,0
dataset1,451,normal,0,1,full_corrected_21,0.002840477218347594,0
dataset1,452,normal,0,1,full_corrected_21,0.001446161972869558,0
dataset1,453,normal,0,1,full_corrected_21,0.0005156397567438789,0
dataset1,454,normal,0,0,full_corrected_21,0.000837558382206234,0
dataset1,455,normal,0,0,full_corrected_21,0.002480676530805503,0
dataset1,456,normal,0,0,full_corrected_21,0.0033432039750259596,0
dataset1,457,normal,0,0,full_corrected_21,0.0,0
dataset1,458,normal,0,0,full_corrected_21,0.006182945736434109,0
dataset1,459,normal,0,1,full_corrected_21,0.003426272726639926,0
dataset1,460,normal,0,1,full_corrected_21,0.0029643773026417327,0
dataset1,461,normal,0,1,full_corrected_21,0.012903505146595072,0
dataset1,462,normal,0,0,full_corrected_21,0.004723262821143066,0
dataset1,463,normal,0,0,full_corrected_21,0.008137467312850734,0
dataset1,464,normal,0,0,full_corrected_21,0.0005276608686099872,0
dataset1,465,normal,0,0,full_corrected_21,0.0010822343526798743,0
dataset1,466,normal,0,1,full_corrected_21,0.007011733111271412,0
dataset1,467,normal,0,1,full_corrected_21,0.008124468613671408,0
dataset1,468,normal,0,1,full_corrected_21,0.0028709918192732094,0
dataset1,469,normal,0,1,full_corrected_21,0.011332887243271403,0
dataset1,470,normal,0,1,full_corrected_21,0.003656992254715326,0
dataset1,471,normal,0,0,full_corrected_21,0.005001771502469165,0
dataset1,472,normal,0,0,full_corrected_21,0.002264987738904614,0
dataset1,473,normal,0,0,full_corrected_21,0.000818825766035056,0
dataset1,474,normal,0,0,full_corrected_21,0.000818825766035056,0
dataset1,475,normal,0,0,full_corrected_21,0.0016871875297943095,0
dataset1,476,normal,0,0,full_corrected_21,0.0044094357641921485,0
dataset1,477,normal,0,0,full_corrected_21,0.0027949687778427053,0
dataset1,478,normal,0,0,full_corrected_21,0.0019408827274606914,0
dataset1,479,normal,0,0,full_corrected_21,0.0033351979729387277,0
dataset1,480,normal,0,1,full_corrected_21,0.008987683400550145,0
dataset1,481,normal,0,1,full_corrected_21,0.004378288767327893,0
dataset1,482,normal,0,1,full_corrected_21,0.0044652609364515955,0
dataset1,483,normal,0,1,full_corrected_21,0.002000735456939445,0
dataset1,484,normal,0,0,full_corrected_21,0.0043021636364235895,0
dataset1,485,normal,0,0,full_corrected_21,0.0034222857999891957,0
dataset1,486,normal,0,0,full_corrected_21,0.008943810165540618,0
dataset1,487,normal,0,0,full_corrected_21,0.00476382307577247,0
dataset1,488,normal,0,0,full_corrected_21,0.011688026511050333,0
dataset1,489,normal,0,0,full_corrected_21,0.051465257456438304,0
dataset1,490,normal,0,0,full_corrected_21,0.017915249547456026,0
dataset1,491,normal,0,0,full_corrected_21,0.017041951924167246,0
dataset1,492,normal,0,1,full_corrected_21,0.03655377134867857,0
dataset1,493,normal,0,1,full_corrected_21,0.050891320448929134,0
dataset1,494,normal,0,1,full_corrected_21,0.07034090885980317,0
dataset1,495,normal,0,1,full_corrected_21,0.035776732248393034,0
dataset1,496,normal,0,0,full_corrected_21,0.06175811470722229,0
dataset1,497,normal,0,0,full_corrected_21,0.09354540865547516,0
dataset1,498,normal,0,0,full_corrected_21,0.1599352577090507,0
dataset1,499,normal,0,0,full_corrected_21,0.3003706114987038,0
dataset1,500,normal,0,0,full_corrected_21,0.4329861097846993,0
dataset1,501,normal,0,0,full_corrected_21,0.46467161884304475,0
dataset1,502,normal,0,0,full_corrected_21,0.4628526226685651,0
dataset1,503,operator_stop,1,0,full_corrected_21,0.4346717510843663,0
dataset1,504,operator_stop,1,1,full_corrected_21,0.5845172054530807,1
dataset1,505,operator_stop,1,1,full_corrected_21,0.6670959619341832,1
dataset1,506,operator_stop,1,1,full_corrected_21,0.6974476291103432,1
dataset1,507,operator_stop,1,0,full_corrected_21,0.6192741979236583,1
dataset1,508,operator_stop,1,0,full_corrected_21,0.6044119632947925,1
dataset1,509,operator_stop,1,0,full_corrected_21,0.615658337411616,1
dataset1,510,operator_stop,1,0,full_corrected_21,0.6153567912792755,1
dataset1,511,operator_stop,1,0,full_corrected_21,0.6308324958495309,1
dataset1,512,operator_stop,1,0,full_corrected_21,0.6044378299020521,1
dataset1,513,operator_stop,1,1,full_corrected_21,0.5884858562500834,1
dataset1,514,normal,0,1,full_corrected_21,0.2881760727940052,0
dataset1,515,safe_node_hold,1,1,full_corrected_21,0.2322491025933723,0
dataset1,516,normal,0,1,full_corrected_21,0.2306404401635898,0
dataset1,517,safe_node_hold,1,1,full_corrected_21,0.4906803650887347,0
dataset1,518,normal,0,1,full_corrected_21,0.4876470540749326,0
dataset1,519,safe_node_hold,1,1,full_corrected_21,0.5093288515691271,1
dataset1,520,preentry_block,1,0,full_corrected_21,0.5389968792694944,1
dataset1,521,normal,0,0,full_corrected_21,0.5561171826828181,1
dataset1,522,safe_node_hold,1,0,full_corrected_21,0.4538948788391253,0
dataset1,523,normal,0,0,full_corrected_21,0.44415141704590744,0
dataset1,524,safe_node_hold,1,0,full_corrected_21,0.5086963734538956,1
dataset1,525,normal,0,0,full_corrected_21,0.5050595405817584,1
dataset1,526,safe_node_hold,1,0,full_corrected_21,0.5251826370806525,1
dataset1,527,normal,0,0,full_corrected_21,0.49290031712358223,0
dataset1,528,safe_node_hold,1,0,full_corrected_21,0.5419538706591231,1
dataset1,529,normal,0,0,full_corrected_21,0.5624001998036566,1
dataset1,530,preentry_block,1,1,full_corrected_21,0.6391580700608213,1
dataset1,531,safe_node_hold,1,1,full_corrected_21,0.6613944431581268,1
dataset1,532,normal,0,1,full_corrected_21,0.7021975539104387,1
dataset1,533,operator_stop,1,0,full_corrected_21,0.5889563033179535,1
dataset1,534,operator_stop,1,0,full_corrected_21,0.6389725660336026,1
dataset1,535,operator_stop,1,0,full_corrected_21,0.6066913405976679,1
dataset1,536,operator_stop,1,0,full_corrected_21,0.5858374285759318,1
dataset1,537,operator_stop,1,1,full_corrected_21,0.5906376982684958,1
dataset1,538,operator_stop,1,1,full_corrected_21,0.6625770733976787,1
dataset1,539,operator_stop,1,1,full_corrected_21,0.6723815213867776,1
dataset1,540,operator_stop,1,0,full_corrected_21,0.6472152122568521,1
dataset1,541,operator_stop,1,0,full_corrected_21,0.6509357771767084,1
dataset1,542,operator_stop,1,1,full_corrected_21,0.6556853233336412,1
dataset1,543,operator_stop,1,1,full_corrected_21,0.6499392506870156,1
dataset1,544,normal,0,1,full_corrected_21,0.5402557320745176,1
dataset1,545,safe_node_hold,1,0,full_corrected_21,0.4735966244781086,0
dataset1,546,normal,0,0,full_corrected_21,0.44663142748730406,0
dataset1,547,safe_node_hold,1,0,full_corrected_21,0.6058566494255259,1
dataset1,548,normal,0,0,full_corrected_21,0.5821987838544408,1
dataset1,549,preentry_block,1,0,full_corrected_21,0.5740341692093612,1
dataset1,550,safe_node_hold,1,0,full_corrected_21,0.4233797640475884,0
dataset1,551,conflict_risk,1,0,full_corrected_21,0.3582649872823442,0
dataset1,552,safe_node_hold,1,0,full_corrected_21,0.3762942113190626,0
dataset1,553,normal,0,0,full_corrected_21,0.3852379157277063,0
dataset1,554,safe_node_hold,1,0,full_corrected_21,0.41868185354655396,0
dataset1,555,normal,0,0,full_corrected_21,0.382869727438932,0
dataset1,556,safe_node_hold,1,0,full_corrected_21,0.3701946559417289,0
dataset1,557,normal,0,0,full_corrected_21,0.27072696762724907,0
dataset1,558,resume,0,0,full_corrected_21,0.2407493928387995,0
dataset1,559,normal,0,1,full_corrected_21,0.05900202558433882,0
dataset1,560,normal,0,1,full_corrected_21,0.03619527107976164,0
dataset1,561,normal,0,1,full_corrected_21,0.019009004442195974,0
dataset1,562,normal,0,1,full_corrected_21,0.02574532615772637,0
dataset1,563,normal,0,0,full_corrected_21,0.014887206588462678,0
dataset1,564,normal,0,0,full_corrected_21,0.041454208623857514,0
dataset1,565,normal,0,0,full_corrected_21,0.025642621208046362,0
dataset1,566,normal,0,0,full_corrected_21,0.2741307720663408,0
dataset1,567,safe_node_hold,1,0,full_corrected_21,0.5763781423726354,1
dataset1,568,normal,0,1,full_corrected_21,0.2744792803990604,0
dataset1,569,safe_node_hold,1,1,full_corrected_21,0.23147335575392747,0
dataset1,570,normal,0,1,full_corrected_21,0.209746427101461,0
dataset1,571,safe_node_hold,1,0,full_corrected_21,0.1638380437153036,0
dataset1,572,normal,0,0,full_corrected_21,0.12871836606658804,0
dataset1,573,resume,0,0,full_corrected_21,0.36708915115364854,0
dataset1,574,normal,0,1,full_corrected_21,0.33652795593120843,0
dataset1,575,normal,0,1,full_corrected_21,0.266648536655108,0
dataset1,576,normal,0,1,full_corrected_21,0.23704133109338113,0
dataset1,577,normal,0,1,full_corrected_21,0.24186633338427135,0
dataset1,578,normal,0,1,full_corrected_21,0.19498595715907488,0
dataset1,579,normal,0,1,full_corrected_21,0.23123289875279954,0
dataset1,580,normal,0,0,full_corrected_21,0.1450099284336902,0
dataset1,581,normal,0,0,full_corrected_21,0.12483585166100589,0
dataset1,582,normal,0,1,full_corrected_21,0.15228161300008464,0
dataset1,583,normal,0,1,full_corrected_21,0.1201402477464407,0
dataset1,584,normal,0,1,full_corrected_21,0.07160350636751518,0
dataset1,585,normal,0,1,full_corrected_21,0.07761590293977855,0
dataset1,586,normal,0,0,full_corrected_21,0.046438787884574596,0
dataset1,587,normal,0,0,full_corrected_21,0.051310681626203614,0
dataset1,588,normal,0,0,full_corrected_21,0.03418833150860796,0
dataset1,589,normal,0,0,full_corrected_21,0.01465794904541398,0
dataset1,590,normal,0,0,full_corrected_21,0.04498990283266068,0
dataset1,591,normal,0,0,full_corrected_21,0.051980468597559344,0
dataset1,592,normal,0,1,full_corrected_21,0.04878855308568472,0
dataset1,593,normal,0,1,full_corrected_21,0.05709040664938243,0
dataset1,594,normal,0,1,full_corrected_21,0.11708647594214251,0
dataset1,595,normal,0,0,full_corrected_21,0.04886996710572544,0
dataset1,596,normal,0,0,full_corrected_21,0.039587335407631256,0
dataset1,597,normal,0,1,full_corrected_21,0.0748883168372071,0
dataset1,598,normal,0,1,full_corrected_21,0.08921807819253114,0
dataset1,599,normal,0,1,full_corrected_21,0.07404768794401873,0
dataset1,600,normal,0,0,full_corrected_21,0.03009255614121953,0
dataset1,601,normal,0,0,full_corrected_21,0.030431805561677645,0
dataset1,602,normal,0,1,full_corrected_21,0.0522597733923631,0
dataset1,603,normal,0,1,full_corrected_21,0.021000667531810756,0
dataset1,604,normal,0,1,full_corrected_21,0.028177410793317814,0
dataset1,605,normal,0,0,full_corrected_21,0.026638513549361892,0
dataset1,606,normal,0,1,full_corrected_21,0.012721106280270813,0
dataset1,607,normal,0,1,full_corrected_21,0.012061612919940791,0
dataset1,608,normal,0,1,full_corrected_21,0.019882338850083787,0
dataset1,609,normal,0,1,full_corrected_21,0.006623732380288106,0
dataset1,610,normal,0,1,full_corrected_21,0.006854553061091632,0
dataset1,611,normal,0,1,full_corrected_21,0.006123981709886649,0
dataset1,612,normal,0,1,full_corrected_21,0.007708450686316418,0
dataset1,613,normal,0,1,full_corrected_21,0.0063376577053833915,0
dataset1,614,normal,0,0,full_corrected_21,0.0062626719173309725,0
dataset1,615,normal,0,0,full_corrected_21,0.012098608187578306,0
dataset1,616,normal,0,0,full_corrected_21,0.007831424445696043,0
dataset1,617,normal,0,0,full_corrected_21,0.007831424445696043,0
dataset1,618,normal,0,0,full_corrected_21,0.007831424445696043,0
dataset1,619,normal,0,0,full_corrected_21,0.007831424445696043,0
dataset1,620,normal,0,0,full_corrected_21,0.006325269277026877,0
dataset1,621,normal,0,0,full_corrected_21,0.003639630420768028,0
dataset1,622,normal,0,0,full_corrected_21,0.0059182254424343305,0
dataset1,623,normal,0,0,full_corrected_21,0.0061200739127091905,0
dataset1,624,normal,0,1,full_corrected_21,0.008817868423957365,0
dataset1,625,normal,0,1,full_corrected_21,0.007571508757206118,0
dataset1,626,normal,0,1,full_corrected_21,0.009088629708483894,0
dataset1,627,normal,0,0,full_corrected_21,0.004534075363128813,0
dataset1,628,normal,0,0,full_corrected_21,0.0051069832776939675,0
dataset1,629,normal,0,0,full_corrected_21,0.0236895742415049,0
dataset1,630,normal,0,0,full_corrected_21,0.024251372206826875,0
dataset1,631,normal,0,0,full_corrected_21,0.011116425859938899,0
dataset1,632,normal,0,0,full_corrected_21,0.009846997211143882,0
dataset1,633,normal,0,1,full_corrected_21,0.02800410587823423,0
dataset1,634,normal,0,1,full_corrected_21,0.04306050184330152,0
dataset1,635,normal,0,1,full_corrected_21,0.018094545001305317,0
dataset1,636,normal,0,0,full_corrected_21,0.016957190511920614,0
dataset1,637,normal,0,0,full_corrected_21,0.019930914608916415,0
dataset1,638,normal,0,1,full_corrected_21,0.01255329759360364,0
dataset1,639,normal,0,1,full_corrected_21,0.030825913425729153,0
dataset1,640,normal,0,1,full_corrected_21,0.02679926844258833,0
dataset1,641,normal,0,0,full_corrected_21,0.012491255822141006,0
dataset1,642,normal,0,0,full_corrected_21,0.0023730417521220983,0
dataset1,643,normal,0,1,full_corrected_21,0.007053593294798673,0
dataset1,644,normal,0,1,full_corrected_21,0.008214896673426694,0
dataset1,645,normal,0,1,full_corrected_21,0.006514165289591225,0
dataset1,646,normal,0,1,full_corrected_21,0.008515514387495343,0
dataset1,647,normal,0,0,full_corrected_21,0.006562504274617938,0
dataset1,648,normal,0,0,full_corrected_21,0.005694142510858685,0
dataset1,649,normal,0,0,full_corrected_21,0.004299827265380649,0
dataset1,650,normal,0,1,full_corrected_21,0.0019385719977933666,0
dataset1,651,normal,0,0,full_corrected_21,0.0,0
dataset1,652,normal,0,1,full_corrected_21,0.00246452547951215,0
dataset1,653,normal,0,0,full_corrected_21,0.0011057563298915317,0
dataset1,654,normal,0,1,full_corrected_21,0.006460380723012463,0
dataset1,655,normal,0,0,full_corrected_21,0.010073993227718346,0
dataset1,656,normal,0,0,full_corrected_21,0.012667371339895801,0
dataset1,657,normal,0,0,full_corrected_21,0.016150999132992127,0
dataset1,658,normal,0,0,full_corrected_21,0.014150999132992129,0
dataset1,659,normal,0,0,full_corrected_21,0.014150999132992129,0
dataset1,660,normal,0,0,full_corrected_21,0.016150999132992127,0
dataset1,661,normal,0,0,full_corrected_21,0.00864949155735833,0
dataset1,662,normal,0,0,full_corrected_21,0.0034386407634952104,0
dataset1,663,normal,0,0,full_corrected_21,0.007870389403050553,0
dataset1,664,normal,0,0,full_corrected_21,0.010625290475660173,0
dataset1,665,normal,0,0,full_corrected_21,0.012239757462009618,0
dataset1,666,normal,0,1,full_corrected_21,0.015484438984336303,0
dataset1,667,normal,0,0,full_corrected_21,0.01765844936004484,0
dataset1,668,normal,0,1,full_corrected_21,0.02326468965480454,0
dataset1,669,normal,0,0,full_corrected_21,0.028856827059476006,0
dataset1,670,normal,0,0,full_corrected_21,0.028786677061487936,0
dataset1,671,normal,0,0,full_corrected_21,0.021874927498476335,0
dataset1,672,normal,0,0,full_corrected_21,0.029649111451595527,0
dataset1,673,normal,0,0,full_corrected_21,0.03338514647078598,0
dataset1,674,normal,0,1,full_corrected_21,0.0679798842133392,0
dataset1,675,normal,0,0,full_corrected_21,0.12081500708559646,0
dataset1,676,preentry_block,1,0,full_corrected_21,0.33340061741070387,0
dataset1,677,normal,0,1,full_corrected_21,0.4352043561691446,0
dataset1,678,resume,0,0,full_corrected_21,0.41854056634104986,0
dataset1,679,normal,0,1,full_corrected_21,0.4435238361205172,0
dataset1,680,resume,0,0,full_corrected_21,0.413947735948018,0
dataset1,681,normal,0,1,full_corrected_21,0.43917078911480206,0
dataset1,682,resume,0,0,full_corrected_21,0.40695733240228976,0
dataset1,683,normal,0,1,full_corrected_21,0.46281244954569783,0
dataset1,684,resume,0,0,full_corrected_21,0.41531469118589204,0
dataset1,685,normal,0,0,full_corrected_21,0.4169904625746816,0
dataset1,686,preentry_block,1,0,full_corrected_21,0.4332624252163538,0
dataset1,687,resume,0,0,full_corrected_21,0.458868568280465,0
dataset1,688,normal,0,0,full_corrected_21,0.46572549846364103,0
dataset1,689,resume,0,0,full_corrected_21,0.4155572416169496,0
dataset1,690,normal,0,0,full_corrected_21,0.42477920809591113,0
dataset1,691,resume,0,0,full_corrected_21,0.43514617932095456,0
dataset1,692,normal,0,0,full_corrected_21,0.4906583841037157,0
dataset1,693,resume,0,0,full_corrected_21,0.4935756149080508,0
dataset1,694,normal,0,1,full_corrected_21,0.5605720189930654,1
dataset1,695,preentry_block,1,0,full_corrected_21,0.5141278087167386,1
dataset1,696,resume,0,1,full_corrected_21,0.5418471184688433,1
dataset1,697,normal,0,0,full_corrected_21,0.46071187507786837,0
dataset1,698,safe_node_hold,1,0,full_corrected_21,0.4508103767643097,0
dataset1,699,normal,0,0,full_corrected_21,0.4583707970394575,0
dataset1,700,safe_node_hold,1,0,full_corrected_21,0.5060051589488762,1
dataset1,701,normal,0,0,full_corrected_21,0.5763869915491955,1
dataset1,702,safe_node_hold,1,0,full_corrected_21,0.6244961954364506,1
dataset1,703,normal,0,0,full_corrected_21,0.5984412929176789,1
dataset1,704,preentry_block,1,0,full_corrected_21,0.5825804430194085,1
dataset1,705,safe_node_hold,1,0,full_corrected_21,0.5874291889221015,1
dataset1,706,normal,0,1,full_corrected_21,0.6871130007199238,1
dataset1,707,safe_node_hold,1,0,full_corrected_21,0.5876829829567577,1
dataset1,708,normal,0,1,full_corrected_21,0.6780122749129606,1
dataset1,709,safe_node_hold,1,0,full_corrected_21,0.6262653989908096,1
dataset1,710,normal,0,0,full_corrected_21,0.6605119807395727,1
dataset1,711,safe_node_hold,1,0,full_corrected_21,0.5994912890336244,1
dataset1,712,operator_stop,1,0,full_corrected_21,0.5548238765436136,1
dataset1,713,operator_stop,1,0,full_corrected_21,0.6388353371618063,1
dataset1,714,operator_stop,1,0,full_corrected_21,0.6617967794356775,1
dataset1,715,operator_stop,1,0,full_corrected_21,0.6853621111052186,1
dataset1,716,operator_stop,1,0,full_corrected_21,0.6938210051251253,1
dataset1,717,operator_stop,1,0,full_corrected_21,0.6999826456203575,1
dataset1,718,operator_stop,1,0,full_corrected_21,0.7152342007364889,1
dataset1,719,operator_stop,1,1,full_corrected_21,0.7457121322774979,1
dataset1,720,operator_stop,1,0,full_corrected_21,0.8177712479072721,1
dataset1,721,operator_stop,1,1,full_corrected_21,0.7814297759067165,1
dataset1,722,operator_stop,1,0,full_corrected_21,0.8307774668964487,1
dataset1,723,conflict_risk,1,0,full_corrected_21,0.542313872917648,1
dataset1,724,fallback_hold,1,0,full_corrected_21,0.7635744382037619,1
dataset1,725,conflict_risk,1,0,full_corrected_21,0.7261672256778993,1
dataset1,726,fallback_hold,1,0,full_corrected_21,0.6641965247557914,1
dataset1,727,conflict_risk,1,0,full_corrected_21,0.7518183538586295,1
dataset1,728,resume,0,0,full_corrected_21,0.6705964214108556,1
dataset1,729,normal,0,0,full_corrected_21,0.4362399790433524,0
dataset1,730,normal,0,1,full_corrected_21,0.366309431896753,0
dataset1,731,normal,0,0,full_corrected_21,0.29208159389344884,0
dataset1,732,normal,0,1,full_corrected_21,0.2496508963965475,0
dataset1,733,normal,0,0,full_corrected_21,0.20564107377945576,0
dataset1,734,normal,0,1,full_corrected_21,0.18723138108281312,0
dataset1,735,normal,0,0,full_corrected_21,0.1474022422402747,0
dataset1,736,normal,0,0,full_corrected_21,0.13451848355921975,0
dataset1,737,normal,0,0,full_corrected_21,0.1170684421584328,0
dataset1,738,normal,0,0,full_corrected_21,0.10979633974709174,0
dataset1,739,normal,0,0,full_corrected_21,0.13118743253913942,0
dataset1,740,normal,0,0,full_corrected_21,0.12325476240457264,0
dataset1,741,normal,0,0,full_corrected_21,0.14865486857484145,0
dataset1,742,normal,0,0,full_corrected_21,0.214926568136338,0
dataset1,743,normal,0,0,full_corrected_21,0.20870580040400566,0
dataset1,744,normal,0,1,full_corrected_21,0.18722499155149885,0
dataset1,745,normal,0,0,full_corrected_21,0.18835712140812355,0
dataset1,746,normal,0,0,full_corrected_21,0.1813752097100936,0
dataset1,747,normal,0,0,full_corrected_21,0.103044055462407,0
dataset1,748,normal,0,0,full_corrected_21,0.09980067074483802,0
dataset1,749,normal,0,0,full_corrected_21,0.13300403880879874,0
dataset1,750,normal,0,0,full_corrected_21,0.09403165093809479,0
dataset1,751,normal,0,1,full_corrected_21,0.0720118667566098,0
dataset1,752,normal,0,0,full_corrected_21,0.06719250312761874,0
dataset1,753,normal,0,1,full_corrected_21,0.043780178915007704,0
dataset1,754,normal,0,0,full_corrected_21,0.04246705509050838,0
dataset1,755,normal,0,0,full_corrected_21,0.037774713695065215,0
dataset1,756,normal,0,0,full_corrected_21,0.03022966124976439,0
dataset1,757,normal,0,0,full_corrected_21,0.017059117213276173,0
dataset1,758,normal,0,1,full_corrected_21,0.0127716481575421,0
dataset1,759,normal,0,0,full_corrected_21,0.013841243496816332,0
dataset1,760,normal,0,0,full_corrected_21,0.00483653755074122,0
dataset1,761,normal,0,0,full_corrected_21,0.007409445465306376,0
dataset1,762,normal,0,0,full_corrected_21,0.004803760710784412,0
dataset1,763,normal,0,1,full_corrected_21,0.020307673070396624,0
dataset1,764,normal,0,0,full_corrected_21,0.0156354659395977,0
dataset1,765,normal,0,1,full_corrected_21,0.03029297344371976,0
dataset1,766,normal,0,0,full_corrected_21,0.002463000264482024,0
dataset1,767,normal,0,1,full_corrected_21,0.0013943152454780363,0
dataset1,768,normal,0,1,full_corrected_21,0.0016431181485992692,0
dataset1,769,normal,0,1,full_corrected_21,0.0027886304909560725,0
dataset1,770,normal,0,0,full_corrected_21,0.0037162338709403916,0
dataset1,771,normal,0,0,full_corrected_21,0.003359352019539661,0
dataset1,772,normal,0,0,full_corrected_21,0.0017162338709403918,0
dataset1,773,normal,0,0,full_corrected_21,5.1846727391521796e-05,0
dataset1,774,normal,0,1,full_corrected_21,0.004727202488749439,0
dataset1,775,normal,0,1,full_corrected_21,0.001185885075399231,0
dataset1,776,normal,0,1,full_corrected_21,0.0001156748413651174,0
dataset1,777,normal,0,0,full_corrected_21,0.00034245470183414317,0
dataset1,778,normal,0,0,full_corrected_21,0.0012969900945031395,0
dataset1,779,normal,0,1,full_corrected_21,0.0018007815852390961,0
dataset1,780,normal,0,1,full_corrected_21,0.00317630380058412,0
dataset1,781,normal,0,1,full_corrected_21,0.002632047048268789,0
dataset1,782,normal,0,0,full_corrected_21,0.019962639287990108,0
dataset1,783,normal,0,1,full_corrected_21,0.003431688403509298,0
dataset1,784,normal,0,1,full_corrected_21,0.002541672362235552,0
dataset1,785,normal,0,1,full_corrected_21,0.0015942678340011797,0
dataset1,786,normal,0,0,full_corrected_21,0.000394301429225665,0
dataset1,787,normal,0,0,full_corrected_21,0.02357831518552005,0
dataset1,788,normal,0,0,full_corrected_21,0.019621830562886508,0
dataset1,789,normal,0,0,full_corrected_21,0.02526494871148578,0
dataset1,790,normal,0,1,full_corrected_21,0.047031569240233995,0
dataset1,791,normal,0,1,full_corrected_21,0.04175951053592502,0
dataset1,792,normal,0,1,full_corrected_21,0.04811639238732574,0
dataset1,793,normal,0,0,full_corrected_21,0.03189355525458691,0
dataset1,794,normal,0,0,full_corrected_21,0.02922111458745086,0
dataset1,795,normal,0,0,full_corrected_21,0.04531558453918563,0
dataset1,796,normal,0,0,full_corrected_21,0.04404615589039061,0
dataset1,797,normal,0,0,full_corrected_21,0.05046010866369921,0
dataset1,798,normal,0,0,full_corrected_21,0.0458895993213448,0
dataset1,799,normal,0,0,full_corrected_21,0.047878836777192305,0
dataset1,800,normal,0,0,full_corrected_21,0.05542970859171617,0
dataset1,801,normal,0,0,full_corrected_21,0.05600261650628132,0
dataset1,802,normal,0,0,full_corrected_21,0.06644140567486932,0
dataset1,803,normal,0,0,full_corrected_21,0.057846059937235496,0
dataset1,804,normal,0,0,full_corrected_21,0.057846059937235496,0
dataset1,805,normal,0,0,full_corrected_21,0.07582119958404714,0
dataset1,806,normal,0,0,full_corrected_21,0.09743714569969754,0
dataset1,807,normal,0,0,full_corrected_21,0.1048110448574935,0
dataset1,808,normal,0,0,full_corrected_21,0.08425375141684163,0
dataset1,809,normal,0,0,full_corrected_21,0.06324553646238282,0
dataset1,810,normal,0,0,full_corrected_21,0.05425505750115188,0
dataset1,811,normal,0,0,full_corrected_21,0.053067182662310725,0
dataset1,812,normal,0,0,full_corrected_21,0.0508618046470607,0
dataset1,813,normal,0,0,full_corrected_21,0.05053769963561677,0
dataset1,814,normal,0,0,full_corrected_21,0.0567149622123298,0
dataset1,815,normal,0,0,full_corrected_21,0.05839085720088588,0
dataset1,816,normal,0,0,full_corrected_21,0.052213594624172854,0
dataset1,817,normal,0,0,full_corrected_21,0.05348346332511239,0
dataset1,818,normal,0,0,full_corrected_21,0.055829582632360625,0
dataset1,819,normal,0,0,full_corrected_21,0.054186464483761354,0
dataset1,820,normal,0,0,full_corrected_21,0.05367286741683269,0
dataset1,821,normal,0,0,full_corrected_21,0.05590893819390364,0
dataset1,822,normal,0,0,full_corrected_21,0.10359743214175691,0
dataset1,823,normal,0,0,full_corrected_21,0.10122317773753996,0
dataset1,824,normal,0,0,full_corrected_21,0.09997726266339227,0
dataset1,825,normal,0,0,full_corrected_21,0.08255673906478296,0
dataset1,826,normal,0,0,full_corrected_21,0.06772798019093697,0
dataset1,827,normal,0,0,full_corrected_21,0.0908417240126828,0
dataset1,828,normal,0,0,full_corrected_21,0.11363968212706585,0
dataset1,829,normal,0,0,full_corrected_21,0.12066272366252899,0
dataset1,830,normal,0,0,full_corrected_21,0.12304261150888494,0
dataset1,831,normal,0,0,full_corrected_21,0.12462614530168145,0
dataset1,832,normal,0,0,full_corrected_21,0.12462614530168145,0
dataset1,833,normal,0,0,full_corrected_21,0.12602046054715949,0
dataset1,834,normal,0,0,full_corrected_21,0.07052760717961967,0
dataset1,835,normal,0,0,full_corrected_21,0.07128984850318745,0
dataset1,836,normal,0,0,full_corrected_21,0.07509779721676757,0
dataset1,837,normal,0,0,full_corrected_21,0.07396615898052683,0
dataset1,838,normal,0,0,full_corrected_21,0.07889739632553268,0
dataset1,839,normal,0,0,full_corrected_21,0.08994187024864263,0
dataset1,840,normal,0,0,full_corrected_21,0.08716493424263146,0
dataset1,841,normal,0,0,full_corrected_21,0.08482391370378708,0
dataset1,842,normal,0,0,full_corrected_21,0.0860528979750995,0
dataset1,843,normal,0,0,full_corrected_21,0.0880528979750995,0
dataset1,844,normal,0,0,full_corrected_21,0.09635052786867768,0
dataset1,845,normal,0,0,full_corrected_21,0.09743094054225074,0
dataset1,846,normal,0,0,full_corrected_21,0.09987785125949439,0
dataset1,847,normal,0,0,full_corrected_21,0.1036248834200815,0
dataset1,848,normal,0,0,full_corrected_21,0.10423056817460347,0
dataset1,849,normal,0,0,full_corrected_21,0.1914895939517152,0
dataset1,850,normal,0,0,full_corrected_21,0.21495118395817603,0
dataset1,851,normal,0,0,full_corrected_21,0.22959187994753047,0
dataset1,852,normal,0,0,full_corrected_21,0.21246417511037569,0
dataset1,853,normal,0,0,full_corrected_21,0.2152616160252292,0
dataset1,854,normal,0,0,full_corrected_21,0.21674904863964997,0
dataset1,855,normal,0,0,full_corrected_21,0.20552379563015716,0
dataset1,856,normal,0,0,full_corrected_21,0.20102773675563143,0
dataset1,857,normal,0,0,full_corrected_21,0.195096338478082,0
dataset1,858,normal,0,0,full_corrected_21,0.18915606314017608,0
dataset1,859,normal,0,0,full_corrected_21,0.1878826853820695,0
dataset1,860,normal,0,0,full_corrected_21,0.134426744409692,0
dataset1,861,normal,0,0,full_corrected_21,0.11373129142224753,0
dataset1,862,normal,0,0,full_corrected_21,0.11758730050914187,0
dataset1,863,normal,0,0,full_corrected_21,0.1198361034122631,0
dataset1,864,normal,0,0,full_corrected_21,0.1172528967608155,0
dataset1,865,normal,0,0,full_corrected_21,0.08754283870935418,0
dataset1,866,normal,0,0,full_corrected_21,0.07762223118546342,0
dataset1,867,normal,0,0,full_corrected_21,0.12439901023671839,0
dataset1,868,normal,0,0,full_corrected_21,0.08974800172461217,0
dataset1,869,normal,0,1,full_corrected_21,0.039549637365433356,0
dataset1,870,preentry_block,1,1,full_corrected_21,0.08877742062670622,0
dataset1,871,resume,0,1,full_corrected_21,0.11071447875171919,0
dataset1,872,normal,0,0,full_corrected_21,0.10884858203809579,0
dataset1,873,resume,0,0,full_corrected_21,0.11589491971632603,0
dataset1,874,normal,0,0,full_corrected_21,0.12844626111268853,0
dataset1,875,resume,0,0,full_corrected_21,0.14716423718990054,0
dataset1,876,normal,0,0,full_corrected_21,0.22262323675365997,0
dataset1,877,fallback_hold,1,1,full_corrected_21,0.2992401599949141,0
dataset1,878,normal,0,1,full_corrected_21,0.3083189932352992,0
dataset1,879,preentry_block,1,1,full_corrected_21,0.3253433365513059,0
dataset1,880,normal,0,0,full_corrected_21,0.3058387000924453,0
dataset1,881,resume,0,0,full_corrected_21,0.29784774426660066,0
dataset1,882,normal,0,0,full_corrected_21,0.3282814458208356,0
dataset1,883,resume,0,0,full_corrected_21,0.37263425940099687,0
dataset1,884,resume,0,1,full_corrected_21,0.3264020084648414,0
dataset1,885,normal,0,1,full_corrected_21,0.3213761802579604,0
dataset1,886,resume,0,1,full_corrected_21,0.3502290547231083,0
dataset1,887,normal,0,1,full_corrected_21,0.3289183206853043,0
dataset1,888,preentry_block,1,1,full_corrected_21,0.3262994228306576,0
dataset1,889,resume,0,0,full_corrected_21,0.32387941708649737,0
dataset1,890,normal,0,0,full_corrected_21,0.3389423499465412,0
dataset1,891,resume,0,0,full_corrected_21,0.28632477687723706,0
dataset1,892,normal,0,0,full_corrected_21,0.3106384672150008,0
dataset1,893,resume,0,0,full_corrected_21,0.31589561484318845,0
dataset1,894,normal,0,0,full_corrected_21,0.30968460112879787,0
dataset1,895,resume,0,0,full_corrected_21,0.32878677218419267,0
dataset1,896,preentry_block,1,0,full_corrected_21,0.39115495201849154,0
dataset1,897,normal,0,0,full_corrected_21,0.4099871128114191,0
dataset1,898,fallback_hold,1,1,full_corrected_21,0.4242730850560888,0
dataset1,899,normal,0,1,full_corrected_21,0.42495871393593304,0
dataset1,900,fallback_hold,1,1,full_corrected_21,0.4175086815372789,0
dataset1,901,normal,0,1,full_corrected_21,0.451598620272229,0
dataset1,902,fallback_hold,1,0,full_corrected_21,0.4300060066257627,0
dataset1,903,fallback_hold,1,0,full_corrected_21,0.44233700011510957,0
dataset1,904,normal,0,0,full_corrected_21,0.39556107253286843,0
dataset1,905,fallback_hold,1,0,full_corrected_21,0.3986551004965102,0
dataset1,906,normal,0,0,full_corrected_21,0.4248623293083654,0
dataset1,907,preentry_block,1,0,full_corrected_21,0.4389149921178206,0
dataset1,908,normal,0,0,full_corrected_21,0.5174388395867439,1
dataset1,909,fallback_hold,1,0,full_corrected_21,0.509569218929914,1
dataset1,910,normal,0,1,full_corrected_21,0.6413278620776905,1
dataset1,911,fallback_hold,1,1,full_corrected_21,0.6682636995742768,1
dataset1,912,normal,0,1,full_corrected_21,0.6698712370306206,1
dataset1,913,fallback_hold,1,1,full_corrected_21,0.6855574552083369,1
dataset1,914,normal,0,0,full_corrected_21,0.6670708350849538,1
dataset1,915,fallback_hold,1,0,full_corrected_21,0.7030954184190892,1
dataset1,916,normal,0,0,full_corrected_21,0.7062685189469557,1
dataset1,917,preentry_block,1,0,full_corrected_21,0.7260367252251723,1
dataset1,918,normal,0,0,full_corrected_21,0.7048856450687221,1
dataset1,919,fallback_hold,1,0,full_corrected_21,0.705318231616273,1
dataset1,920,normal,0,0,full_corrected_21,0.7355504644295994,1
dataset1,921,fallback_hold,1,0,full_corrected_21,0.7444947528465843,1
dataset1,922,operator_stop,1,1,full_corrected_21,0.7427705811347615,1
dataset1,923,operator_stop,1,1,full_corrected_21,0.7041152186867053,1
dataset1,924,operator_stop,1,1,full_corrected_21,0.6696581918915572,1
dataset1,925,operator_stop,1,0,full_corrected_21,0.6303916278774971,1
dataset1,926,operator_stop,1,0,full_corrected_21,0.6222875676302003,1
dataset1,927,operator_stop,1,0,full_corrected_21,0.6207925885856491,1
dataset1,928,operator_stop,1,0,full_corrected_21,0.5486898668484232,1
dataset1,929,operator_stop,1,0,full_corrected_21,0.6379420639762075,1
dataset1,930,operator_stop,1,0,full_corrected_21,0.6395141192400396,1
dataset1,931,operator_stop,1,1,full_corrected_21,0.5922283319643975,1
dataset1,932,operator_stop,1,1,full_corrected_21,0.8616863741518157,1
dataset1,933,conflict_risk,1,1,full_corrected_21,0.7704399969973037,1
dataset1,934,resume,0,1,full_corrected_21,0.34398973407258027,0
dataset1,935,normal,0,1,full_corrected_21,0.2871328253275943,0
dataset1,936,normal,0,1,full_corrected_21,0.16890457783314375,0
dataset1,937,normal,0,1,full_corrected_21,0.14719111467151558,0
dataset1,938,normal,0,0,full_corrected_21,0.1238083224075088,0
dataset1,939,normal,0,0,full_corrected_21,0.13277928285320734,0
dataset1,940,normal,0,0,full_corrected_21,0.10098478012488674,0
dataset1,941,normal,0,0,full_corrected_21,0.1626380914689504,0
dataset1,942,normal,0,0,full_corrected_21,0.08085853199819047,0
dataset1,943,normal,0,0,full_corrected_21,0.07435765056742011,0
dataset1,944,normal,0,0,full_corrected_21,0.05835466391033084,0
dataset1,945,normal,0,0,full_corrected_21,0.0482567182010692,0
dataset1,946,normal,0,0,full_corrected_21,0.10796050275081504,0
dataset1,947,normal,0,0,full_corrected_21,0.10596577691576675,0
dataset1,948,normal,0,1,full_corrected_21,0.13976955689327641,0
dataset1,949,normal,0,1,full_corrected_21,0.15789156559820794,0
dataset1,950,normal,0,1,full_corrected_21,0.20047017418482277,0
dataset1,951,normal,0,0,full_corrected_21,0.20132366591646647,0
dataset1,952,normal,0,0,full_corrected_21,0.18990682605613193,0
dataset1,953,normal,0,0,full_corrected_21,0.17163882173435818,0
dataset1,954,normal,0,0,full_corrected_21,0.13043606876328995,0
dataset1,955,normal,0,1,full_corrected_21,0.1240209763151635,0
dataset1,956,normal,0,1,full_corrected_21,0.11134097192370868,0
dataset1,957,normal,0,1,full_corrected_21,0.10541993830323365,0
dataset1,958,normal,0,0,full_corrected_21,0.07960770873641718,0
dataset1,959,normal,0,0,full_corrected_21,0.07664944178655053,0
dataset1,960,normal,0,1,full_corrected_21,0.08683293224780807,0
dataset1,961,normal,0,1,full_corrected_21,0.07733760210028069,0
dataset1,962,normal,0,1,full_corrected_21,0.09979387471471403,0
dataset1,963,normal,0,0,full_corrected_21,0.0507481149394529,0
dataset1,964,normal,0,0,full_corrected_21,0.05047449633872512,0
dataset1,965,normal,0,0,full_corrected_21,0.014157298416613865,0
dataset1,966,normal,0,0,full_corrected_21,0.019243977103196065,0
dataset1,967,normal,0,0,full_corrected_21,0.0279307630936001,0
dataset1,968,normal,0,0,full_corrected_21,0.05303090831862864,0
dataset1,969,normal,0,1,full_corrected_21,0.015473226455709175,0
dataset1,970,normal,0,1,full_corrected_21,0.011986612959717412,0
dataset1,971,normal,0,1,full_corrected_21,0.0038720848827116967,0
dataset1,972,normal,0,1,full_corrected_21,0.02142345858987753,0
dataset1,973,normal,0,0,full_corrected_21,0.008629856453677772,0
dataset1,974,normal,0,0,full_corrected_21,0.0022163798686784717,0
dataset1,975,normal,0,0,full_corrected_21,0.056988065524783034,0
dataset1,976,normal,0,0,full_corrected_21,0.018621828972016367,0
dataset1,977,normal,0,0,full_corrected_21,0.061918301588509396,0
dataset1,978,normal,0,1,full_corrected_21,0.0497823548233397,0
dataset1,979,normal,0,1,full_corrected_21,0.043502561899236826,0
dataset1,980,normal,0,1,full_corrected_21,0.04179589502501474,0
dataset1,981,normal,0,0,full_corrected_21,0.01955576778423058,0
dataset1,982,normal,0,0,full_corrected_21,0.04292957779828932,0
dataset1,983,normal,0,0,full_corrected_21,0.0821022135088216,0
dataset1,984,normal,0,1,full_corrected_21,0.04877230685325779,0
dataset1,985,normal,0,1,full_corrected_21,0.05210119911028949,0
dataset1,986,normal,0,1,full_corrected_21,0.025567931834158605,0
dataset1,987,normal,0,1,full_corrected_21,0.023252138524212408,0
dataset1,988,normal,0,1,full_corrected_21,0.016714208338460112,0
dataset1,989,normal,0,1,full_corrected_21,0.012463269222736854,0
dataset1,990,normal,0,0,full_corrected_21,0.01069705570430659,0
dataset1,991,normal,0,1,full_corrected_21,0.025961543020621477,0
dataset1,992,normal,0,1,full_corrected_21,0.029780569970794004,0
dataset1,993,normal,0,1,full_corrected_21,0.013973413596698302,0
dataset1,994,normal,0,1,full_corrected_21,0.04205201804617733,0
dataset1,995,normal,0,0,full_corrected_21,0.03219234875912911,0
dataset1,996,normal,0,0,full_corrected_21,0.012828531824425737,0
dataset1,997,normal,0,0,full_corrected_21,0.00746708348447168,0
dataset1,998,normal,0,0,full_corrected_21,0.021310592833262212,0
dataset1,999,normal,0,0,full_corrected_21,0.013208580306637529,0
dataset1,1000,normal,0,0,full_corrected_21,0.015860808128235444,0
dataset1,1001,normal,0,1,full_corrected_21,0.018500261400186475,0
dataset1,1002,normal,0,1,full_corrected_21,0.03996223897632423,0
dataset1,1003,normal,0,1,full_corrected_21,0.04700868546027394,0
dataset1,1004,normal,0,0,full_corrected_21,0.030066738135062464,0
dataset1,1005,normal,0,0,full_corrected_21,0.03746721974936551,0
dataset1,1006,normal,0,1,full_corrected_21,0.04208466196057621,0
dataset1,1007,normal,0,1,full_corrected_21,0.08751545537212065,0
dataset1,1008,normal,0,1,full_corrected_21,0.0941352104460673,0
dataset1,1009,normal,0,0,full_corrected_21,0.07999418689324203,0
dataset1,1010,normal,0,0,full_corrected_21,0.0951704404804788,0
dataset1,1011,normal,0,1,full_corrected_21,0.16305365827050003,0
dataset1,1012,normal,0,1,full_corrected_21,0.21374482137344336,0
dataset1,1013,normal,0,1,full_corrected_21,0.2098705625667437,0
dataset1,1014,normal,0,0,full_corrected_21,0.21647021694040322,0
dataset1,1015,normal,0,1,full_corrected_21,0.23116628274124032,0
dataset1,1016,normal,0,1,full_corrected_21,0.20067225765039504,0
dataset1,1017,normal,0,1,full_corrected_21,0.19474090198592503,0
dataset1,1018,normal,0,1,full_corrected_21,0.19880491808551046,0
dataset1,1019,normal,0,0,full_corrected_21,0.16845492834661427,0
dataset1,1020,normal,0,0,full_corrected_21,0.1656501617546806,0
dataset1,1021,normal,0,0,full_corrected_21,0.17218405002992954,0
dataset1,1022,normal,0,0,full_corrected_21,0.16693813495578183,0
dataset1,1023,normal,0,0,full_corrected_21,0.14036640340260687,0
dataset1,1024,normal,0,0,full_corrected_21,0.13652105413282087,0
dataset1,1025,normal,0,0,full_corrected_21,0.11935288629519077,0
dataset1,1026,normal,0,0,full_corrected_21,0.12158182348121081,0
dataset1,1027,normal,0,0,full_corrected_21,0.1271232253753503,0
dataset1,1028,normal,0,0,full_corrected_21,0.1287998139499083,0
dataset1,1029,normal,0,0,full_corrected_21,0.12177340324832421,0
dataset1,1030,normal,0,0,full_corrected_21,0.12795283141677444,0
dataset1,1031,normal,0,0,full_corrected_21,0.12288262118274032,0
dataset1,1032,normal,0,0,full_corrected_21,0.1295205683920887,0
dataset1,1033,normal,0,0,full_corrected_21,0.13117756064680403,0
dataset1,1034,normal,0,0,full_corrected_21,0.15482215769847968,0
dataset1,1035,normal,0,0,full_corrected_21,0.18196912999929216,0
dataset1,1036,normal,0,0,full_corrected_21,0.18711643109591947,0
dataset1,1037,normal,0,0,full_corrected_21,0.18990506158687553,0
dataset1,1038,normal,0,0,full_corrected_21,0.20220164175974614,0
dataset1,1039,normal,0,0,full_corrected_21,0.20198062732136213,0
dataset1,1040,normal,0,0,full_corrected_21,0.20873479220554944,0
dataset1,1041,normal,0,0,full_corrected_21,0.21639719327548426,0
dataset1,1042,normal,0,0,full_corrected_21,0.21304224255758358,0
dataset1,1043,normal,0,0,full_corrected_21,0.20844473946870734,0
dataset1,1044,normal,0,0,full_corrected_21,0.20962220457359046,0
dataset1,1045,normal,0,0,full_corrected_21,0.21300030899882516,0
dataset1,1046,normal,0,0,full_corrected_21,0.16756978331225705,0
dataset1,1047,normal,0,0,full_corrected_21,0.13178813986923982,0
dataset1,1048,normal,0,0,full_corrected_21,0.13467803960649694,0
dataset1,1049,normal,0,0,full_corrected_21,0.13212996808721114,0
dataset1,1050,normal,0,0,full_corrected_21,0.1337978934147899,0
dataset1,1051,normal,0,0,full_corrected_21,0.1449769319883919,0
dataset1,1052,normal,0,0,full_corrected_21,0.14722573489151314,0
dataset1,1053,normal,0,0,full_corrected_21,0.1464142460626765,0
dataset1,1054,normal,0,0,full_corrected_21,0.15804079040724142,0
dataset1,1055,normal,0,0,full_corrected_21,0.16327394113381005,0
dataset1,1056,normal,0,0,full_corrected_21,0.17465161287396067,0
dataset1,1057,normal,0,0,full_corrected_21,0.17883945753120337,0
dataset1,1058,normal,0,0,full_corrected_21,0.17692870935452212,0
dataset1,1059,normal,0,0,full_corrected_21,0.18416144840698184,0
dataset1,1060,normal,0,0,full_corrected_21,0.1933969155043635,0
dataset1,1061,normal,0,0,full_corrected_21,0.19316353363907507,0
dataset1,1062,normal,0,0,full_corrected_21,0.2414162206183186,0
dataset1,1063,normal,0,0,full_corrected_21,0.3319738101663662,0
dataset1,1064,normal,0,0,full_corrected_21,0.33062552245276927,0
dataset1,1065,normal,0,0,full_corrected_21,0.33778226715287035,0
dataset1,1066,normal,0,0,full_corrected_21,0.3492060522807775,0
dataset1,1067,normal,0,0,full_corrected_21,0.34551740493226357,0
dataset1,1068,normal,0,0,full_corrected_21,0.34591495817603635,0
dataset1,1069,normal,0,0,full_corrected_21,0.2601078420232907,0
dataset1,1070,normal,0,0,full_corrected_21,0.21008462166951458,0
dataset1,1071,safe_node_hold,1,0,full_corrected_21,0.3454301887652034,0
dataset1,1072,normal,0,0,full_corrected_21,0.3453990511002505,0
dataset1,1073,safe_node_hold,1,0,full_corrected_21,0.355597764077379,0
dataset1,1074,normal,0,0,full_corrected_21,0.3577456962937371,0
dataset1,1075,safe_node_hold,1,0,full_corrected_21,0.35782285466094216,0
dataset1,1076,resume,0,0,full_corrected_21,0.680285247302434,1
dataset1,1077,normal,0,0,full_corrected_21,0.2840382082952233,0
dataset1,1078,normal,0,0,full_corrected_21,0.1745732726853272,0
dataset1,1079,normal,0,0,full_corrected_21,0.165726750791868,0
dataset1,1080,normal,0,0,full_corrected_21,0.14765611675369553,0
dataset1,1081,normal,0,0,full_corrected_21,0.08237836569028818,0
dataset1,1082,normal,0,0,full_corrected_21,0.09766484620353703,0
dataset1,1083,safe_node_hold,1,0,full_corrected_21,0.10271955880320358,0
dataset1,1084,normal,0,0,full_corrected_21,0.09870750818154626,0
dataset1,1085,safe_node_hold,1,0,full_corrected_21,0.09301917868461282,0
dataset1,1086,normal,0,0,full_corrected_21,0.10033549466411194,0
dataset1,1087,safe_node_hold,1,0,full_corrected_21,0.10303622463092557,0
dataset1,1088,normal,0,0,full_corrected_21,0.12637655886752377,0
dataset1,1089,normal,0,0,full_corrected_21,0.12816276557347167,0
dataset1,1090,safe_node_hold,1,0,full_corrected_21,0.1441358925528824,0
dataset1,1091,normal,0,0,full_corrected_21,0.1603808145465849,0
dataset1,1092,resume,0,0,full_corrected_21,0.45025398404984734,0
dataset1,1093,normal,0,1,full_corrected_21,0.5746350906872595,1
dataset1,1094,fallback_hold,1,1,full_corrected_21,0.5906743811468926,1
dataset1,1095,normal,0,1,full_corrected_21,0.5687154488902275,1
dataset1,1096,fallback_hold,1,1,full_corrected_21,0.555253710396312,1
dataset1,1097,preentry_block,1,1,full_corrected_21,0.5772016740244963,1
dataset1,1098,normal,0,1,full_corrected_21,0.5973682494695303,1
dataset1,1099,fallback_hold,1,0,full_corrected_21,0.6077907222923413,1
dataset1,1100,normal,0,0,full_corrected_21,0.6199747908765246,1
dataset1,1101,fallback_hold,1,0,full_corrected_21,0.5627955931919773,1
dataset1,1102,normal,0,0,full_corrected_21,0.5640167111294302,1
dataset1,1103,fallback_hold,1,0,full_corrected_21,0.5640167111294302,1
dataset1,1104,fallback_hold,1,0,full_corrected_21,0.5195886406843664,1
dataset1,1105,normal,0,0,full_corrected_21,0.5003696907982473,1
dataset1,1106,preentry_block,1,0,full_corrected_21,0.4935297858035813,0
dataset1,1107,normal,0,0,full_corrected_21,0.4950546296305428,0
dataset1,1108,preentry_block,1,0,full_corrected_21,0.46810187124012637,0
dataset1,1109,normal,0,1,full_corrected_21,0.4699258540212034,0
dataset1,1110,fallback_hold,1,1,full_corrected_21,0.4359764422874185,0
dataset1,1111,normal,0,1,full_corrected_21,0.46986791833127745,0
dataset1,1112,resume,0,0,full_corrected_21,0.41497444775674075,0
dataset1,1113,normal,0,0,full_corrected_21,0.4328403990989889,0
dataset1,1114,resume,0,0,full_corrected_21,0.465330640351745,0
dataset1,1115,resume,0,0,full_corrected_21,0.39478992534061397,0
dataset1,1116,normal,0,0,full_corrected_21,0.3593374950402446,0
dataset1,1117,resume,0,0,full_corrected_21,0.41335696945241296,0
dataset1,1118,normal,0,1,full_corrected_21,0.41987354832267004,0
dataset1,1119,preentry_block,1,1,full_corrected_21,0.4820612832139548,0
dataset1,1120,normal,0,1,full_corrected_21,0.49991958144904886,0
dataset1,1121,fallback_hold,1,0,full_corrected_21,0.5177373878457114,1
dataset1,1122,normal,0,0,full_corrected_21,0.4609922773738397,0
dataset1,1123,fallback_hold,1,1,full_corrected_21,0.6146721349647527,1
dataset1,1124,normal,0,1,full_corrected_21,0.617784894972915,1
dataset1,1125,fallback_hold,1,1,full_corrected_21,0.6098597268363896,1
dataset1,1126,normal,0,0,full_corrected_21,0.5311553438022885,1
dataset1,1127,normal,0,0,full_corrected_21,0.4981722928172786,0
dataset1,1128,fallback_hold,1,1,full_corrected_21,0.6064313984601809,1
dataset1,1129,preentry_block,1,1,full_corrected_21,0.5784332610817465,1
dataset1,1130,normal,0,1,full_corrected_21,0.5523436954594229,1
dataset1,1131,resume,0,1,full_corrected_21,0.5558853301127636,1
dataset1,1132,conflict_risk,1,1,full_corrected_21,0.5421328200844241,1
dataset1,1133,fallback_hold,1,0,full_corrected_21,0.7979030155255519,1
dataset1,1134,conflict_risk,1,1,full_corrected_21,0.5655562544211145,1
dataset1,1135,fallback_hold,1,0,full_corrected_21,0.8043194687911969,1
dataset1,1136,conflict_risk,1,1,full_corrected_21,0.5727614531289664,1
dataset1,1137,fallback_hold,1,0,full_corrected_21,0.7863659365920067,1
dataset1,1138,fallback_hold,1,0,full_corrected_21,0.755435680001395,1
dataset1,1139,conflict_risk,1,0,full_corrected_21,0.7762030745470508,1
dataset1,1140,preentry_block,1,0,full_corrected_21,0.7900636028875123,1
dataset1,1141,conflict_risk,1,0,full_corrected_21,0.7868307590224125,1
dataset1,1142,fallback_hold,1,0,full_corrected_21,0.7875614669509667,1
dataset1,1143,conflict_risk,1,0,full_corrected_21,0.7867554569140898,1
dataset1,1144,fallback_hold,1,0,full_corrected_21,0.7893018438278717,1
dataset1,1145,conflict_risk,1,0,full_corrected_21,0.8002450879900621,1
dataset1,1146,fallback_hold,1,0,full_corrected_21,0.8090507696216135,1
dataset1,1147,conflict_risk,1,0,full_corrected_21,0.8161017925081177,1
dataset1,1148,fallback_hold,1,1,full_corrected_21,0.5918266392084122,1
dataset1,1149,conflict_risk,1,0,full_corrected_21,0.8072181448268424,1
dataset1,1150,preentry_block,1,1,full_corrected_21,0.5894419581124659,1
dataset1,1151,conflict_risk,1,0,full_corrected_21,0.6593592672116102,1
dataset1,1152,safe_node_hold,1,0,full_corrected_21,0.6223616410882664,1
dataset1,1153,normal,0,0,full_corrected_21,0.5902524569338718,1
dataset1,1154,safe_node_hold,1,0,full_corrected_21,0.6293571717708832,1
dataset1,1155,normal,0,0,full_corrected_21,0.6274129320575623,1
dataset1,1156,safe_node_hold,1,1,full_corrected_21,0.5646388193558257,1
dataset1,1157,normal,0,0,full_corrected_21,0.6482506370759235,1
dataset1,1158,safe_node_hold,1,0,full_corrected_21,0.6611605102553179,1
dataset1,1159,normal,0,1,full_corrected_21,0.6443132004710458,1
dataset1,1160,normal,0,0,full_corrected_21,0.7024069283769809,1
dataset1,1161,normal,0,1,full_corrected_21,0.7209895719168627,1
dataset1,1162,resume,0,0,full_corrected_21,0.6231376267164274,1
dataset1,1163,normal,0,1,full_corrected_21,0.4101804982644134,0
dataset1,1164,normal,0,0,full_corrected_21,0.24434352725841071,0
dataset1,1165,normal,0,1,full_corrected_21,0.18604131440065771,0
dataset1,1166,normal,0,0,full_corrected_21,0.20547545397200717,0
dataset1,1167,safe_node_hold,1,0,full_corrected_21,0.13940058163364652,0
dataset1,1168,normal,0,0,full_corrected_21,0.1747124859465947,0
dataset1,1169,normal,0,0,full_corrected_21,0.1818328617419277,0
dataset1,1170,normal,0,0,full_corrected_21,0.19196134153706795,0
dataset1,1171,safe_node_hold,1,0,full_corrected_21,0.19739958920046832,0
dataset1,1172,normal,0,0,full_corrected_21,0.1415885172026418,0
dataset1,1173,normal,0,0,full_corrected_21,0.1221957690687197,0
dataset1,1174,normal,0,0,full_corrected_21,0.16513166741867646,0
dataset1,1175,normal,0,0,full_corrected_21,0.1654509451043913,0
dataset1,1176,normal,0,1,full_corrected_21,0.1656697209709294,0
dataset1,1177,normal,0,0,full_corrected_21,0.08674272595336009,0
dataset1,1178,normal,0,1,full_corrected_21,0.17319987612019477,0
dataset1,1179,normal,0,0,full_corrected_21,0.2333130506334405,0
dataset1,1180,normal,0,0,full_corrected_21,0.22959731216440407,0
dataset1,1181,normal,0,0,full_corrected_21,0.22191242783250525,0
dataset1,1182,normal,0,0,full_corrected_21,0.1469748190947107,0
dataset1,1183,normal,0,0,full_corrected_21,0.18721869461222626,0
dataset1,1184,normal,0,0,full_corrected_21,0.15857713789045028,0
dataset1,1185,normal,0,0,full_corrected_21,0.25295414709876746,0
dataset1,1186,normal,0,0,full_corrected_21,0.3183599677154038,0
dataset1,1187,normal,0,0,full_corrected_21,0.38190264578247984,0
dataset1,1188,normal,0,1,full_corrected_21,0.39073194177936343,0
dataset1,1189,normal,0,0,full_corrected_21,0.22893752569021017,0
dataset1,1190,normal,0,1,full_corrected_21,0.23535214911206215,0
dataset1,1191,normal,0,0,full_corrected_21,0.19603226515305325,0
dataset1,1192,normal,0,0,full_corrected_21,0.2708952000711683,0
dataset1,1193,operator_stop,1,0,full_corrected_21,0.3041432164493058,0
dataset1,1194,operator_stop,1,0,full_corrected_21,0.44054023009499554,0
dataset1,1195,operator_stop,1,0,full_corrected_21,0.48418891431419175,0
dataset1,1196,operator_stop,1,0,full_corrected_21,0.5369733078255723,1
dataset1,1197,operator_stop,1,0,full_corrected_21,0.5456783581289593,1
dataset1,1198,operator_stop,1,0,full_corrected_21,0.5450509843692516,1
dataset1,1199,operator_stop,1,0,full_corrected_21,0.4805717959129636,0
dataset1,1200,operator_stop,1,0,full_corrected_21,0.4867922712765829,0
dataset1,1201,operator_stop,1,1,full_corrected_21,0.5448278740619898,1
dataset1,1202,operator_stop,1,0,full_corrected_21,0.5223169486650739,1
dataset1,1203,operator_stop,1,1,full_corrected_21,0.5101162290920125,1
dataset1,1204,normal,0,0,full_corrected_21,0.32274957802940946,0
dataset1,1205,normal,0,0,full_corrected_21,0.33923275387780244,0
dataset1,1206,normal,0,0,full_corrected_21,0.32702139695661714,0
dataset1,1207,normal,0,0,full_corrected_21,0.39643732318637853,0
dataset1,1208,normal,0,0,full_corrected_21,0.37528473263515766,0
dataset1,1209,normal,0,0,full_corrected_21,0.35977694220687556,0
dataset1,1210,normal,0,0,full_corrected_21,0.5153968090490628,1
dataset1,1211,normal,0,0,full_corrected_21,0.4555054671501987,0
dataset1,1212,normal,0,1,full_corrected_21,0.521190436491901,1
dataset1,1213,normal,0,0,full_corrected_21,0.4520288525158631,0
dataset1,1214,normal,0,1,full_corrected_21,0.4246982846953442,0
dataset1,1215,normal,0,0,full_corrected_21,0.34600402185215917,0
dataset1,1216,normal,0,1,full_corrected_21,0.3166319832320481,0
dataset1,1217,normal,0,0,full_corrected_21,0.2249395119300087,0
dataset1,1218,normal,0,0,full_corrected_21,0.2121327918216807,0
dataset1,1219,normal,0,0,full_corrected_21,0.13230359773904815,0
dataset1,1220,resume,0,0,full_corrected_21,0.36452207713991935,0
dataset1,1221,normal,0,0,full_corrected_21,0.3718095312724655,0
dataset1,1222,normal,0,0,full_corrected_21,0.377414969426629,0
dataset1,1223,preentry_block,1,0,full_corrected_21,0.37663017530546716,0
dataset1,1224,resume,0,0,full_corrected_21,0.3755796466709708,0
dataset1,1225,normal,0,0,full_corrected_21,0.3980723409784964,0
dataset1,1226,resume,0,1,full_corrected_21,0.4027426777052832,0
dataset1,1227,normal,0,0,full_corrected_21,0.24650246515581095,0
dataset1,1228,normal,0,0,full_corrected_21,0.21290640482174725,0
dataset1,1229,normal,0,0,full_corrected_21,0.20338544453856955,0
dataset1,1230,normal,0,0,full_corrected_21,0.23200907216872882,0
dataset1,1231,normal,0,0,full_corrected_21,0.34917380542173243,0
dataset1,1232,normal,0,0,full_corrected_21,0.33042428678067826,0
dataset1,1233,normal,0,1,full_corrected_21,0.32332441779858373,0
dataset1,1234,normal,0,0,full_corrected_21,0.32014579963666806,0
dataset1,1235,normal,0,1,full_corrected_21,0.30867435099063845,0
dataset1,1236,normal,0,0,full_corrected_21,0.3177584188626084,0
dataset1,1237,normal,0,0,full_corrected_21,0.3334985448856394,0
dataset1,1238,normal,0,0,full_corrected_21,0.44286854039537743,0
dataset1,1239,normal,0,0,full_corrected_21,0.45985301617448016,0
dataset1,1240,normal,0,1,full_corrected_21,0.45289082807765074,0
dataset1,1241,normal,0,0,full_corrected_21,0.46295760897244426,0
dataset1,1242,normal,0,0,full_corrected_21,0.45291819509067455,0
dataset1,1243,normal,0,0,full_corrected_21,0.4577944547053864,0
dataset1,1244,normal,0,0,full_corrected_21,0.45459177370163567,0
dataset1,1245,normal,0,1,full_corrected_21,0.38062523209501165,0
dataset1,1246,normal,0,0,full_corrected_21,0.31906854708477417,0
dataset1,1247,normal,0,1,full_corrected_21,0.38229802925619083,0
dataset1,1248,normal,0,0,full_corrected_21,0.32038270934386304,0
dataset1,1249,normal,0,0,full_corrected_21,0.29332431313991675,0
dataset1,1250,normal,0,0,full_corrected_21,0.6365949375587563,1
dataset1,1251,normal,0,0,full_corrected_21,0.6557951814188377,1
dataset1,1252,normal,0,0,full_corrected_21,0.647148563506071,1
dataset1,1253,normal,0,0,full_corrected_21,0.6618837485353123,1
dataset1,1254,normal,0,0,full_corrected_21,0.6731959534778348,1
dataset1,1255,normal,0,0,full_corrected_21,0.683114950456145,1
dataset1,1256,normal,0,0,full_corrected_21,0.6838613765026651,1
dataset1,1257,normal,0,0,full_corrected_21,0.6885046246170693,1
dataset1,1258,normal,0,0,full_corrected_21,0.6950418501188647,1
dataset1,1259,normal,0,0,full_corrected_21,0.6871068713195286,1
dataset1,1260,fallback_hold,1,0,full_corrected_21,0.6926423188715172,1
dataset1,1261,conflict_risk,1,0,full_corrected_21,0.6890783606296078,1
dataset1,1262,fallback_hold,1,0,full_corrected_21,0.65970426716801,1
dataset1,1263,normal,0,0,full_corrected_21,0.6577463339928759,1
dataset1,1264,normal,0,0,full_corrected_21,0.6414530691418044,1
dataset1,1265,normal,0,0,full_corrected_21,0.6114287684488197,1
dataset1,1266,normal,0,0,full_corrected_21,0.6047440519698514,1
dataset1,1267,normal,0,0,full_corrected_21,0.5973290076481144,1
dataset1,1268,normal,0,0,full_corrected_21,0.5984763403829187,1
dataset1,1269,normal,0,0,full_corrected_21,0.5924127688420098,1
dataset1,1270,normal,0,0,full_corrected_21,0.6738133555052968,1
dataset1,1271,fallback_hold,1,0,full_corrected_21,0.3034271348730509,0
dataset1,1272,fallback_hold,1,0,full_corrected_21,0.31627258485380966,0
dataset1,1273,normal,0,0,full_corrected_21,0.3196354821604701,0
dataset1,1274,safe_node_hold,1,0,full_corrected_21,0.31955091521954987,0
dataset1,1275,normal,0,0,full_corrected_21,0.2493292238836337,0
dataset1,1276,safe_node_hold,1,0,full_corrected_21,0.21695012373280234,0
dataset1,1277,normal,0,0,full_corrected_21,0.21002416606283889,0
dataset1,1278,safe_node_hold,1,0,full_corrected_21,0.19703848757787543,0
dataset1,1279,safe_node_hold,1,0,full_corrected_21,0.17609844071916564,0
dataset1,1280,normal,0,0,full_corrected_21,0.21117376036451638,0
dataset1,1281,normal,0,0,full_corrected_21,0.21549786537596025,0
dataset1,1282,normal,0,0,full_corrected_21,0.2230761761676675,0
dataset1,1283,safe_node_hold,1,0,full_corrected_21,0.22461923450073054,0
dataset1,1284,safe_node_hold,1,0,full_corrected_21,0.2370759069987543,0
dataset1,1285,normal,0,0,full_corrected_21,0.2690273385113887,0
dataset1,1286,safe_node_hold,1,0,full_corrected_21,0.34446655259222925,0
dataset1,1287,normal,0,0,full_corrected_21,0.34017189481687127,0
dataset1,1288,safe_node_hold,1,0,full_corrected_21,0.3427775795713932,0
dataset1,1289,safe_node_hold,1,0,full_corrected_21,0.3518576589037076,0
dataset1,1290,normal,0,0,full_corrected_21,0.35477011731696384,0
dataset1,1291,safe_node_hold,1,0,full_corrected_21,0.35873331211806453,0
dataset1,1292,normal,0,0,full_corrected_21,0.35518267477208026,0
dataset1,1293,fallback_hold,1,0,full_corrected_21,0.3482533203262824,0
dataset1,1294,fallback_hold,1,0,full_corrected_21,0.6285858641867388,1
dataset1,1295,conflict_risk,1,0,full_corrected_21,0.627790328691444,1
dataset1,1296,fallback_hold,1,0,full_corrected_21,0.6333763310018545,1
dataset1,1297,conflict_risk,1,0,full_corrected_21,0.6384934956687349,1
dataset1,1298,fallback_hold,1,0,full_corrected_21,0.6473356320759068,1
dataset1,1299,fallback_hold,1,0,full_corrected_21,0.6692689762107344,1
dataset1,1300,conflict_risk,1,0,full_corrected_21,0.6761367666083803,1
dataset1,1301,fallback_hold,1,0,full_corrected_21,0.6807252083943306,1
dataset1,1302,conflict_risk,1,0,full_corrected_21,0.690764004046573,1
dataset1,1303,fallback_hold,1,0,full_corrected_21,0.6955112833962728,1
dataset1,1304,fallback_hold,1,0,full_corrected_21,0.6592297824816757,1
dataset1,1305,conflict_risk,1,0,full_corrected_21,0.6565908273943011,1
dataset1,1306,fallback_hold,1,0,full_corrected_21,0.647974157620273,1
dataset1,1307,conflict_risk,1,0,full_corrected_21,0.6485559377490343,1
dataset1,1308,fallback_hold,1,0,full_corrected_21,0.6471616225035564,1
dataset1,1309,conflict_risk,1,0,full_corrected_21,0.6422469492818688,1
dataset1,1310,fallback_hold,1,0,full_corrected_21,0.6377398385352782,1
dataset1,1311,safe_node_hold,1,0,full_corrected_21,0.6096562788700024,1
dataset1,1312,conflict_risk,1,0,full_corrected_21,0.5729170735301644,1
dataset1,1313,safe_node_hold,1,0,full_corrected_21,0.582658659230715,1
dataset1,1314,conflict_risk,1,0,full_corrected_21,0.5601331309286073,1
dataset1,1315,safe_node_hold,1,0,full_corrected_21,0.5401930643900174,1
dataset1,1316,conflict_risk,1,0,full_corrected_21,0.6301286799757835,1
dataset1,1317,resume,0,0,full_corrected_21,0.40706834495284,0
dataset1,1318,normal,0,0,full_corrected_21,0.19795555411587315,0
dataset1,1319,normal,0,0,full_corrected_21,0.060145156211930124,0
dataset1,1320,normal,0,0,full_corrected_21,0.0604625203965473,0
dataset1,1321,normal,0,0,full_corrected_21,0.053848932931670576,0
dataset1,1322,normal,0,0,full_corrected_21,0.05563300810190141,0
dataset1,1323,normal,0,0,full_corrected_21,0.07332940182899987,0
dataset1,1324,normal,0,0,full_corrected_21,0.07605534842947452,0
dataset1,1325,normal,0,0,full_corrected_21,0.07135185371161924,0
dataset1,1326,normal,0,0,full_corrected_21,0.07303473644378199,0
dataset1,1327,normal,0,0,full_corrected_21,0.0659032074528349,0
dataset1,1328,normal,0,0,full_corrected_21,0.04189591648728036,0
dataset1,1329,normal,0,0,full_corrected_21,0.021762391974912094,0
dataset1,1330,normal,0,0,full_corrected_21,0.01372719411020402,0
dataset1,1331,normal,0,0,full_corrected_21,0.013036698225763695,0
dataset1,1332,normal,0,0,full_corrected_21,0.012088005725957057,0
dataset1,1333,normal,0,0,full_corrected_21,0.015993800883793617,0
dataset1,1334,normal,0,0,full_corrected_21,0.011464995472965329,0
dataset1,1335,normal,0,0,full_corrected_21,0.021949546854056423,0
dataset1,1336,normal,0,0,full_corrected_21,0.030771676374645368,0
dataset1,1337,normal,0,0,full_corrected_21,0.03732624985871525,0
dataset1,1338,normal,0,0,full_corrected_21,0.03862243049767754,0
dataset1,1339,normal,0,0,full_corrected_21,0.0656061266190837,0
dataset1,1340,normal,0,0,full_corrected_21,0.0848375299223474,0
dataset1,1341,normal,0,0,full_corrected_21,0.0868375299223474,0
dataset1,1342,normal,0,0,full_corrected_21,0.09750969914501381,0
dataset1,1343,normal,0,0,full_corrected_21,0.10306970102642067,0
dataset1,0,normal,0,0,full_minus_planned,0.0020967750380830865,0
dataset1,1,normal,0,0,full_minus_planned,0.0020967750380830865,0
dataset1,2,normal,0,0,full_minus_planned,0.0020967750380830865,0
dataset1,3,normal,0,0,full_minus_planned,0.0020967750380830865,0
dataset1,4,normal,0,0,full_minus_planned,0.0020967750380830865,0
dataset1,5,normal,0,0,full_minus_planned,0.0020967750380830865,0
dataset1,6,normal,0,0,full_minus_planned,0.0020967750380830865,0
dataset1,7,normal,0,0,full_minus_planned,0.0020967750380830865,0
dataset1,8,normal,0,0,full_minus_planned,0.0020967750380830865,0
dataset1,9,normal,0,0,full_minus_planned,0.0020967750380830865,0
dataset1,10,normal,0,0,full_minus_planned,0.0020967750380830865,0
dataset1,11,normal,0,0,full_minus_planned,0.0020967750380830865,0
dataset1,12,normal,0,0,full_minus_planned,0.0020967750380830865,0
dataset1,13,normal,0,0,full_minus_planned,0.0020967750380830865,0
dataset1,14,normal,0,0,full_minus_planned,0.0020967750380830865,0
dataset1,15,normal,0,0,full_minus_planned,0.0020967750380830865,0
dataset1,16,normal,0,0,full_minus_planned,0.0020967750380830865,0
dataset1,17,normal,0,0,full_minus_planned,0.0020967750380830865,0
dataset1,18,normal,0,0,full_minus_planned,0.0020967750380830865,0
dataset1,19,normal,0,0,full_minus_planned,0.0020967750380830865,0
dataset1,20,normal,0,0,full_minus_planned,0.0020967750380830865,0
dataset1,21,normal,0,0,full_minus_planned,0.0020967750380830865,0
dataset1,22,normal,0,0,full_minus_planned,0.0020967750380830865,0
dataset1,23,normal,0,0,full_minus_planned,0.0020967750380830865,0
dataset1,24,normal,0,0,full_minus_planned,0.0020967750380830865,0
dataset1,25,normal,0,0,full_minus_planned,0.0020967750380830865,0
dataset1,26,normal,0,0,full_minus_planned,0.0020967750380830865,0
dataset1,27,normal,0,0,full_minus_planned,0.0020967750380830865,0
dataset1,28,normal,0,0,full_minus_planned,0.0020967750380830865,0
dataset1,29,normal,0,0,full_minus_planned,0.0020967750380830865,0
dataset1,30,normal,0,0,full_minus_planned,0.0020967750380830865,0
dataset1,31,normal,0,0,full_minus_planned,0.0020967750380830865,0
dataset1,32,normal,0,0,full_minus_planned,0.0020967750380830865,0
dataset1,33,normal,0,0,full_minus_planned,0.0020967750380830865,0
dataset1,34,normal,0,0,full_minus_planned,0.0020967750380830865,0
dataset1,35,normal,0,0,full_minus_planned,0.0020967750380830865,0
dataset1,36,normal,0,0,full_minus_planned,0.0020967750380830865,0
dataset1,37,normal,0,0,full_minus_planned,0.0020967750380830865,0
dataset1,38,normal,0,0,full_minus_planned,0.0020967750380830865,0
dataset1,39,normal,0,0,full_minus_planned,0.0020967750380830865,0
dataset1,40,normal,0,0,full_minus_planned,0.0020967750380830865,0
dataset1,41,normal,0,0,full_minus_planned,0.0020967750380830865,0
dataset1,42,normal,0,0,full_minus_planned,0.0020967750380830865,0
dataset1,43,normal,0,0,full_minus_planned,0.0020967750380830865,0
dataset1,44,normal,0,0,full_minus_planned,0.0020967750380830865,0
dataset1,45,normal,0,0,full_minus_planned,0.0020967750380830865,0
dataset1,46,normal,0,0,full_minus_planned,0.0020967750380830865,0
dataset1,47,normal,0,0,full_minus_planned,0.0020967750380830865,0
dataset1,48,normal,0,0,full_minus_planned,0.0020967750380830865,0
dataset1,49,normal,0,0,full_minus_planned,0.0020967750380830865,0
dataset1,50,normal,0,0,full_minus_planned,0.0020967750380830865,0
dataset1,51,normal,0,0,full_minus_planned,0.0020967750380830865,0
dataset1,52,normal,0,0,full_minus_planned,0.0020967750380830865,0
dataset1,53,normal,0,0,full_minus_planned,0.0020967750380830865,0
dataset1,54,normal,0,0,full_minus_planned,0.0020967750380830865,0
dataset1,55,normal,0,0,full_minus_planned,0.0020967750380830865,0
dataset1,56,normal,0,0,full_minus_planned,0.0020967750380830865,0
dataset1,57,normal,0,0,full_minus_planned,0.0020967750380830865,0
dataset1,58,normal,0,0,full_minus_planned,0.0020967750380830865,0
dataset1,59,normal,0,0,full_minus_planned,0.0020967750380830865,0
dataset1,60,normal,0,0,full_minus_planned,0.0020967750380830865,0
dataset1,61,normal,0,0,full_minus_planned,0.0020967750380830865,0
dataset1,62,normal,0,0,full_minus_planned,0.0020967750380830865,0
dataset1,63,normal,0,0,full_minus_planned,0.0020967750380830865,0
dataset1,64,normal,0,0,full_minus_planned,0.0020967750380830865,0
dataset1,65,normal,0,0,full_minus_planned,0.0020967750380830865,0
dataset1,66,normal,0,1,full_minus_planned,0.0020967750380830865,0
dataset1,67,normal,0,1,full_minus_planned,0.0020967750380830865,0
dataset1,68,normal,0,1,full_minus_planned,0.0037398931866823555,0
dataset1,69,normal,0,0,full_minus_planned,0.0020967750380830865,0
dataset1,70,normal,0,0,full_minus_planned,0.003646583271054281,0
dataset1,71,normal,0,0,full_minus_planned,0.0027782215072950276,0
dataset1,72,normal,0,0,full_minus_planned,0.007668514503503447,0
dataset1,73,normal,0,0,full_minus_planned,0.010406893243475447,0
dataset1,74,normal,0,1,full_minus_planned,0.00313662671548755,0
dataset1,75,normal,0,1,full_minus_planned,0.0044035318018100554,0
dataset1,76,normal,0,1,full_minus_planned,0.007596707584010076,0
dataset1,77,normal,0,0,full_minus_planned,0.0023666965303523694,0
dataset1,78,normal,0,0,full_minus_planned,0.005191702895544286,0
dataset1,79,normal,0,0,full_minus_planned,0.008402286482553846,0
dataset1,80,normal,0,1,full_minus_planned,0.004103420057870876,0
dataset1,81,normal,0,1,full_minus_planned,0.004272947706029844,0
dataset1,82,normal,0,1,full_minus_planned,0.006531953393699988,0
dataset1,83,normal,0,0,full_minus_planned,0.004514833853898527,0
dataset1,84,normal,0,1,full_minus_planned,0.004452106645573573,0
dataset1,85,normal,0,1,full_minus_planned,0.01054036335740605,0
dataset1,86,normal,0,1,full_minus_planned,0.006718847170451147,0
dataset1,87,normal,0,0,full_minus_planned,0.017486435417941853,0
dataset1,88,normal,0,0,full_minus_planned,0.0072076216885337665,0
dataset1,89,normal,0,1,full_minus_planned,0.005180972520053383,0
dataset1,90,normal,0,1,full_minus_planned,0.006612779775203191,0
dataset1,91,normal,0,1,full_minus_planned,0.007005379956855486,0
dataset1,92,normal,0,0,full_minus_planned,0.01157381944835546,0
dataset1,93,normal,0,0,full_minus_planned,0.010362867922323145,0
dataset1,94,normal,0,0,full_minus_planned,0.005340873056881528,0
dataset1,95,normal,0,0,full_minus_planned,0.0073515306109480875,0
dataset1,96,normal,0,1,full_minus_planned,0.017727127589998254,0
dataset1,97,normal,0,1,full_minus_planned,0.01008080867562383,0
dataset1,98,normal,0,1,full_minus_planned,0.011001604851057334,0
dataset1,99,normal,0,0,full_minus_planned,0.023232484233620374,0
dataset1,100,normal,0,0,full_minus_planned,0.008699210046379129,0
dataset1,101,normal,0,1,full_minus_planned,0.008755548967992851,0
dataset1,102,normal,0,1,full_minus_planned,0.00800644259858958,0
dataset1,103,normal,0,1,full_minus_planned,0.007219884792120016,0
dataset1,104,normal,0,0,full_minus_planned,0.006813986854511433,0
dataset1,105,normal,0,1,full_minus_planned,0.009444508004312787,0
dataset1,106,normal,0,1,full_minus_planned,0.00841033981339413,0
dataset1,107,normal,0,1,full_minus_planned,0.009730146178891707,0
dataset1,108,normal,0,0,full_minus_planned,0.006873236947903,0
dataset1,109,normal,0,0,full_minus_planned,0.01435512560897486,0
dataset1,110,normal,0,0,full_minus_planned,0.018342764035031777,0
dataset1,111,normal,0,0,full_minus_planned,0.0034769417729462364,0
dataset1,112,normal,0,1,full_minus_planned,0.003432284986470714,0
dataset1,113,normal,0,1,full_minus_planned,0.002563923222711461,0
dataset1,114,normal,0,1,full_minus_planned,0.003978024304495713,0
dataset1,115,normal,0,0,full_minus_planned,0.004641768198768766,0
dataset1,116,normal,0,0,full_minus_planned,0.002583976798673204,0
dataset1,117,normal,0,0,full_minus_planned,0.003654187032707317,0
dataset1,118,normal,0,0,full_minus_planned,0.0026102520861010746,0
dataset1,119,normal,0,0,full_minus_planned,0.0015400418520669613,0
dataset1,120,normal,0,1,full_minus_planned,0.001744763423521277,0
dataset1,121,normal,0,1,full_minus_planned,0.009394035389348937,0
dataset1,122,normal,0,1,full_minus_planned,0.005445586368861784,0
dataset1,123,normal,0,0,full_minus_planned,0.0036842812650845023,0
dataset1,124,normal,0,0,full_minus_planned,0.004209296624113861,0
dataset1,125,normal,0,0,full_minus_planned,0.006815288080499151,0
dataset1,126,normal,0,0,full_minus_planned,0.043593982893662724,0
dataset1,127,normal,0,1,full_minus_planned,0.045618501843412505,0
dataset1,128,normal,0,1,full_minus_planned,0.05448366736817085,0
dataset1,129,normal,0,1,full_minus_planned,0.015457312632997332,0
dataset1,130,normal,0,1,full_minus_planned,0.005977905186881479,0
dataset1,131,normal,0,1,full_minus_planned,0.0068174267212991815,0
dataset1,132,normal,0,0,full_minus_planned,0.006863492122204877,0
dataset1,133,normal,0,0,full_minus_planned,0.008934629294235892,0
dataset1,134,normal,0,0,full_minus_planned,0.008255082625989844,0
dataset1,135,normal,0,0,full_minus_planned,0.008710815347815917,0
dataset1,136,normal,0,0,full_minus_planned,0.00978102558185003,0
dataset1,137,normal,0,0,full_minus_planned,0.010437511425251416,0
dataset1,138,normal,0,0,full_minus_planned,0.017386480276928327,0
dataset1,139,normal,0,0,full_minus_planned,0.011446769784729822,0
dataset1,140,normal,0,0,full_minus_planned,0.014391956844731714,0
dataset1,141,normal,0,1,full_minus_planned,0.019053071295676034,0
dataset1,142,normal,0,1,full_minus_planned,0.02075284353703374,0
dataset1,143,normal,0,1,full_minus_planned,0.027021681069052023,0
dataset1,144,normal,0,1,full_minus_planned,0.026564092953875146,0
dataset1,145,normal,0,0,full_minus_planned,0.02618290522430385,0
dataset1,146,normal,0,0,full_minus_planned,0.029842527534533134,0
dataset1,147,normal,0,0,full_minus_planned,0.029713664017500616,0
dataset1,148,normal,0,0,full_minus_planned,0.022653140309033346,0
dataset1,149,normal,0,0,full_minus_planned,0.034151781350912756,0
dataset1,150,normal,0,0,full_minus_planned,0.05347373932036142,0
dataset1,151,normal,0,0,full_minus_planned,0.08180072043716431,0
dataset1,152,normal,0,0,full_minus_planned,0.09260325248523357,0
dataset1,153,normal,0,1,full_minus_planned,0.07554573348551093,0
dataset1,154,normal,0,1,full_minus_planned,0.08759231820089916,0
dataset1,155,normal,0,1,full_minus_planned,0.11479706244339367,0
dataset1,156,normal,0,1,full_minus_planned,0.07721920441168628,0
dataset1,157,normal,0,0,full_minus_planned,0.09703339084033494,0
dataset1,158,normal,0,0,full_minus_planned,0.11670421101750379,0
dataset1,159,normal,0,0,full_minus_planned,0.10307923715860773,0
dataset1,160,normal,0,0,full_minus_planned,0.1465789504805087,0
dataset1,161,normal,0,0,full_minus_planned,0.21578268563957784,0
dataset1,162,resume,0,0,full_minus_planned,0.35651454588344317,0
dataset1,163,normal,0,0,full_minus_planned,0.42147553678146826,0
dataset1,164,resume,0,0,full_minus_planned,0.45258102518901877,0
dataset1,165,normal,0,1,full_minus_planned,0.5285205762965335,1
dataset1,166,fallback_hold,1,1,full_minus_planned,0.5704191780761012,1
dataset1,167,normal,0,1,full_minus_planned,0.600867615645809,1
dataset1,168,operator_stop,1,0,full_minus_planned,0.6341144705356422,1
dataset1,169,operator_stop,1,0,full_minus_planned,0.657198301100891,1
dataset1,170,operator_stop,1,0,full_minus_planned,0.6314340549182891,1
dataset1,171,operator_stop,1,0,full_minus_planned,0.6168664415369629,1
dataset1,172,operator_stop,1,0,full_minus_planned,0.6183217034800448,1
dataset1,173,operator_stop,1,0,full_minus_planned,0.6518716953747621,1
dataset1,174,operator_stop,1,1,full_minus_planned,0.6531608483151016,1
dataset1,175,operator_stop,1,1,full_minus_planned,0.6251364713067071,1
dataset1,176,operator_stop,1,1,full_minus_planned,0.6295045855158521,1
dataset1,177,operator_stop,1,1,full_minus_planned,0.6444528478103401,1
dataset1,178,operator_stop,1,1,full_minus_planned,0.6666311300430567,1
dataset1,179,operator_stop,1,1,full_minus_planned,0.6803873541274439,1
dataset1,180,operator_stop,1,1,full_minus_planned,0.7110010724883775,1
dataset1,181,operator_stop,1,0,full_minus_planned,0.7073163888145937,1
dataset1,182,normal,0,0,full_minus_planned,0.6706133524721806,1
dataset1,183,normal,0,0,full_minus_planned,0.6081235540786072,1
dataset1,184,preentry_block,1,0,full_minus_planned,0.6988338839118785,1
dataset1,185,fallback_hold,1,0,full_minus_planned,0.6294298884894554,1
dataset1,186,normal,0,0,full_minus_planned,0.6311677544272187,1
dataset1,187,fallback_hold,1,0,full_minus_planned,0.6404270605463057,1
dataset1,188,normal,0,0,full_minus_planned,0.6025873787316888,1
dataset1,189,fallback_hold,1,0,full_minus_planned,0.7064481042665509,1
dataset1,190,normal,0,0,full_minus_planned,0.6635055112419873,1
dataset1,191,fallback_hold,1,1,full_minus_planned,0.6993229339545028,1
dataset1,192,preentry_block,1,1,full_minus_planned,0.5990226793754015,1
dataset1,193,normal,0,1,full_minus_planned,0.5987057450442105,1
dataset1,194,fallback_hold,1,0,full_minus_planned,0.6737690210452831,1
dataset1,195,normal,0,0,full_minus_planned,0.6819693677542861,1
dataset1,196,fallback_hold,1,0,full_minus_planned,0.6642311619870522,1
dataset1,197,preentry_block,1,0,full_minus_planned,0.6899589980754064,1
dataset1,198,fallback_hold,1,1,full_minus_planned,0.6809264632619175,1
dataset1,199,fallback_hold,1,1,full_minus_planned,0.7653537929404682,1
dataset1,200,normal,0,1,full_minus_planned,0.6640701672919422,1
dataset1,201,preentry_block,1,0,full_minus_planned,0.7010676180466305,1
dataset1,202,normal,0,0,full_minus_planned,0.686779826200285,1
dataset1,203,fallback_hold,1,1,full_minus_planned,0.7057494808509236,1
dataset1,204,fallback_hold,1,1,full_minus_planned,0.6982973427765566,1
dataset1,205,normal,0,1,full_minus_planned,0.6609112521857329,1
dataset1,206,fallback_hold,1,0,full_minus_planned,0.7400892634869867,1
dataset1,207,normal,0,0,full_minus_planned,0.6973432404209584,1
dataset1,208,fallback_hold,1,0,full_minus_planned,0.7261254607507008,1
dataset1,209,preentry_block,1,0,full_minus_planned,0.7718178774120882,1
dataset1,210,normal,0,0,full_minus_planned,0.6710521661221999,1
dataset1,211,preentry_block,1,0,full_minus_planned,0.681165631648294,1
dataset1,212,normal,0,0,full_minus_planned,0.680267580402177,1
dataset1,213,fallback_hold,1,0,full_minus_planned,0.6511864514352582,1
dataset1,214,resume,0,0,full_minus_planned,0.9399248023377588,1
dataset1,215,conflict_risk,1,1,full_minus_planned,0.9686070020982513,1
dataset1,216,fallback_hold,1,1,full_minus_planned,0.9805326955532297,1
dataset1,217,conflict_risk,1,1,full_minus_planned,0.986815284169391,1
dataset1,218,fallback_hold,1,1,full_minus_planned,0.9955817877866502,1
dataset1,219,conflict_risk,1,0,full_minus_planned,0.9970660561955335,1
dataset1,220,fallback_hold,1,0,full_minus_planned,0.9970660561955335,1
dataset1,221,conflict_risk,1,0,full_minus_planned,0.9709134286520997,1
dataset1,222,preentry_block,1,0,full_minus_planned,0.9728408371057873,1
dataset1,223,safe_node_hold,1,0,full_minus_planned,0.7236271604603325,1
dataset1,224,normal,0,1,full_minus_planned,0.7205670762122847,1
dataset1,225,safe_node_hold,1,1,full_minus_planned,0.7463891631021088,1
dataset1,226,conflict_risk,1,1,full_minus_planned,0.7275930409597834,1
dataset1,227,fallback_hold,1,0,full_minus_planned,0.7170490943886119,1
dataset1,228,safe_node_hold,1,0,full_minus_planned,0.3722301756419627,0
dataset1,229,normal,0,0,full_minus_planned,0.31722146156525516,0
dataset1,230,safe_node_hold,1,1,full_minus_planned,0.29247461168765815,0
dataset1,231,normal,0,1,full_minus_planned,0.1997330430319377,0
dataset1,232,safe_node_hold,1,1,full_minus_planned,0.16963277090797216,0
dataset1,233,normal,0,1,full_minus_planned,0.14179015252749147,0
dataset1,234,safe_node_hold,1,1,full_minus_planned,0.1614218507057786,0
dataset1,235,safe_node_hold,1,1,full_minus_planned,0.10042805962285155,0
dataset1,236,normal,0,0,full_minus_planned,0.10473891153644839,0
dataset1,237,resume,0,0,full_minus_planned,0.2373994614236818,0
dataset1,238,normal,0,1,full_minus_planned,0.0662813176572589,0
dataset1,239,normal,0,1,full_minus_planned,0.06267169980672767,0
dataset1,240,normal,0,1,full_minus_planned,0.024826948521745187,0
dataset1,241,normal,0,1,full_minus_planned,0.0253207791105822,0
dataset1,242,normal,0,0,full_minus_planned,0.03062705592802863,0
dataset1,243,normal,0,0,full_minus_planned,0.04068256592706141,0
dataset1,244,normal,0,0,full_minus_planned,0.026072416213402085,0
dataset1,245,normal,0,0,full_minus_planned,0.029099558312357394,0
dataset1,246,normal,0,0,full_minus_planned,0.037734122369378086,0
dataset1,247,normal,0,0,full_minus_planned,0.13019190335342795,0
dataset1,248,normal,0,1,full_minus_planned,0.2073453268843825,0
dataset1,249,normal,0,1,full_minus_planned,0.23269732062903123,0
dataset1,250,safe_node_hold,1,1,full_minus_planned,0.3824648737947254,0
dataset1,251,normal,0,0,full_minus_planned,0.20072879874936153,0
dataset1,252,resume,0,0,full_minus_planned,0.4638165391344067,0
dataset1,253,normal,0,1,full_minus_planned,0.38320181409791587,0
dataset1,254,normal,0,1,full_minus_planned,0.23534955124786408,0
dataset1,255,normal,0,1,full_minus_planned,0.17433968075382303,0
dataset1,256,normal,0,0,full_minus_planned,0.11345205430694306,0
dataset1,257,normal,0,0,full_minus_planned,0.09782731000294648,0
dataset1,258,normal,0,1,full_minus_planned,0.0972044161237569,0
dataset1,259,normal,0,1,full_minus_planned,0.055920785759711045,0
dataset1,260,normal,0,1,full_minus_planned,0.030870439464191456,0
dataset1,261,normal,0,0,full_minus_planned,0.027492953336928094,0
dataset1,262,normal,0,1,full_minus_planned,0.02138652396103278,0
dataset1,263,normal,0,1,full_minus_planned,0.01766805156705867,0
dataset1,264,normal,0,1,full_minus_planned,0.014791898212269533,0
dataset1,265,normal,0,1,full_minus_planned,0.0063634900871085845,0
dataset1,266,normal,0,1,full_minus_planned,0.008773037110439724,0
dataset1,267,normal,0,1,full_minus_planned,0.008773037110439724,0
dataset1,268,normal,0,1,full_minus_planned,0.005746801281569644,0
dataset1,269,normal,0,1,full_minus_planned,0.013655714206180263,0
dataset1,270,normal,0,0,full_minus_planned,0.017717040909137807,0
dataset1,271,normal,0,0,full_minus_planned,0.01878725114317192,0
dataset1,272,normal,0,0,full_minus_planned,0.020585402672897064,0
dataset1,273,normal,0,0,full_minus_planned,0.020585402672897064,0
dataset1,274,normal,0,0,full_minus_planned,0.024585402672897057,0
dataset1,275,normal,0,0,full_minus_planned,0.025094895919154446,0
dataset1,276,normal,0,0,full_minus_planned,0.026229582847030263,0
dataset1,277,normal,0,0,full_minus_planned,0.018829422242312037,0
dataset1,278,normal,0,0,full_minus_planned,0.01682724839738591,0
dataset1,279,normal,0,0,full_minus_planned,0.009950976886648595,0
dataset1,280,normal,0,1,full_minus_planned,0.012015717308146066,0
dataset1,281,normal,0,1,full_minus_planned,0.01910420327083846,0
dataset1,282,normal,0,1,full_minus_planned,0.026758365181300807,0
dataset1,283,normal,0,0,full_minus_planned,0.020864327447214222,0
dataset1,284,normal,0,0,full_minus_planned,0.02071062753490231,0
dataset1,285,normal,0,0,full_minus_planned,0.014245951889061671,0
dataset1,286,normal,0,0,full_minus_planned,0.01596135870929256,0
dataset1,287,normal,0,0,full_minus_planned,0.023729969806842326,0
dataset1,288,normal,0,0,full_minus_planned,0.031772751991443096,0
dataset1,289,normal,0,1,full_minus_planned,0.03958813198663753,0
dataset1,290,normal,0,1,full_minus_planned,0.029115183424167582,0
dataset1,291,normal,0,1,full_minus_planned,0.0567980887663215,0
dataset1,292,normal,0,0,full_minus_planned,0.04030726848058945,0
dataset1,293,normal,0,0,full_minus_planned,0.0524404281691833,0
dataset1,294,normal,0,1,full_minus_planned,0.028922604763744492,0
dataset1,295,normal,0,1,full_minus_planned,0.021207662510228015,0
dataset1,296,normal,0,1,full_minus_planned,0.030700501381109333,0
dataset1,297,normal,0,0,full_minus_planned,0.007008277351901557,0
dataset1,298,normal,0,0,full_minus_planned,0.005609810726801704,0
dataset1,299,normal,0,1,full_minus_planned,0.006074774708465096,0
dataset1,300,normal,0,1,full_minus_planned,0.012140820723541973,0
dataset1,301,normal,0,1,full_minus_planned,0.005872216340653023,0
dataset1,302,normal,0,1,full_minus_planned,0.00390490750387076,0
dataset1,303,normal,0,1,full_minus_planned,0.004279161908087711,0
dataset1,304,normal,0,0,full_minus_planned,0.0051475236718469645,0
dataset1,305,normal,0,1,full_minus_planned,0.00441286405160304,0
dataset1,306,normal,0,0,full_minus_planned,0.005563650184670364,0
dataset1,307,normal,0,1,full_minus_planned,0.009434136374871172,0
dataset1,308,normal,0,0,full_minus_planned,0.013953302925093539,0
dataset1,309,normal,0,0,full_minus_planned,0.007112851093100817,0
dataset1,310,normal,0,0,full_minus_planned,0.016261128512357115,0
dataset1,311,normal,0,0,full_minus_planned,0.026704932520111944,0
dataset1,312,normal,0,0,full_minus_planned,0.026865893274889474,0
dataset1,313,normal,0,0,full_minus_planned,0.026865893274889474,0
dataset1,314,normal,0,0,full_minus_planned,0.027118861114302378,0
dataset1,315,normal,0,0,full_minus_planned,0.01988608327029549,0
dataset1,316,normal,0,0,full_minus_planned,0.02632669950531855,0
dataset1,317,normal,0,0,full_minus_planned,0.024727686996581327,0
dataset1,318,normal,0,0,full_minus_planned,0.02010724272990963,0
dataset1,319,normal,0,1,full_minus_planned,0.02141807260475301,0
dataset1,320,normal,0,0,full_minus_planned,0.031149607788723475,0
dataset1,321,normal,0,1,full_minus_planned,0.030543923034201514,0
dataset1,322,normal,0,0,full_minus_planned,0.020165826478796563,0
dataset1,323,normal,0,0,full_minus_planned,0.017496683129798213,0
dataset1,324,normal,0,0,full_minus_planned,0.017496683129798213,0
dataset1,325,normal,0,0,full_minus_planned,0.017294834659523355,0
dataset1,326,normal,0,0,full_minus_planned,0.017294834659523355,0
dataset1,327,normal,0,1,full_minus_planned,0.01822077405658409,0
dataset1,328,normal,0,0,full_minus_planned,0.021009404547540165,0
dataset1,329,normal,0,0,full_minus_planned,0.025344582263297902,0
dataset1,330,normal,0,1,full_minus_planned,0.030041770471443893,0
dataset1,331,normal,0,0,full_minus_planned,0.0364918790354426,0
dataset1,332,normal,0,1,full_minus_planned,0.0398596178697251,0
dataset1,333,normal,0,0,full_minus_planned,0.045299059635663226,0
dataset1,334,normal,0,1,full_minus_planned,0.04898402871039362,0
dataset1,335,normal,0,0,full_minus_planned,0.04531641441013364,0
dataset1,336,normal,0,1,full_minus_planned,0.022767918840198666,0
dataset1,337,normal,0,0,full_minus_planned,0.041548729846085666,0
dataset1,338,normal,0,0,full_minus_planned,0.042615895635429384,0
dataset1,339,normal,0,0,full_minus_planned,0.14596848104036642,0
dataset1,340,normal,0,0,full_minus_planned,0.2603234132383442,0
dataset1,341,normal,0,0,full_minus_planned,0.3838943044459022,0
dataset1,342,normal,0,0,full_minus_planned,0.4192038629014227,0
dataset1,343,operator_stop,1,0,full_minus_planned,0.46629414872136277,0
dataset1,344,operator_stop,1,0,full_minus_planned,0.5387810858476971,1
dataset1,345,operator_stop,1,0,full_minus_planned,0.5401297924456512,1
dataset1,346,operator_stop,1,0,full_minus_planned,0.5548423478336529,1
dataset1,347,operator_stop,1,1,full_minus_planned,0.5262063434857962,1
dataset1,348,operator_stop,1,0,full_minus_planned,0.5278926561917489,1
dataset1,349,operator_stop,1,1,full_minus_planned,0.30876296022078764,0
dataset1,350,operator_stop,1,0,full_minus_planned,0.4019023383061075,0
dataset1,351,operator_stop,1,0,full_minus_planned,0.36901316420319497,0
dataset1,352,operator_stop,1,0,full_minus_planned,0.3376790455378399,0
dataset1,353,operator_stop,1,0,full_minus_planned,0.23452207142952183,0
dataset1,354,normal,0,0,full_minus_planned,0.07094571628603506,0
dataset1,355,normal,0,0,full_minus_planned,0.06135517001524386,0
dataset1,356,normal,0,0,full_minus_planned,0.06791838502710272,0
dataset1,357,normal,0,0,full_minus_planned,0.11120549877361906,0
dataset1,358,normal,0,0,full_minus_planned,0.30072992206193555,0
dataset1,359,normal,0,1,full_minus_planned,0.34544415945812634,0
dataset1,360,normal,0,0,full_minus_planned,0.3851578263040002,0
dataset1,361,normal,0,1,full_minus_planned,0.48346848752120275,0
dataset1,362,normal,0,0,full_minus_planned,0.40263902916103655,0
dataset1,363,normal,0,0,full_minus_planned,0.39672957959329697,0
dataset1,364,normal,0,0,full_minus_planned,0.4093011115987853,0
dataset1,365,normal,0,0,full_minus_planned,0.05587740670588073,0
dataset1,366,normal,0,0,full_minus_planned,0.23416929067384318,0
dataset1,367,resume,0,0,full_minus_planned,0.5027510149744979,1
dataset1,368,normal,0,0,full_minus_planned,0.544492004202762,1
dataset1,369,resume,0,0,full_minus_planned,0.5559405709029599,1
dataset1,370,normal,0,0,full_minus_planned,0.3581515204599023,0
dataset1,371,normal,0,0,full_minus_planned,0.24557686989929972,0
dataset1,372,operator_stop,1,1,full_minus_planned,0.254334345274613,0
dataset1,373,operator_stop,1,0,full_minus_planned,0.4536321203772985,0
dataset1,374,operator_stop,1,1,full_minus_planned,0.49951086193346095,0
dataset1,375,operator_stop,1,0,full_minus_planned,0.526755448299261,1
dataset1,376,operator_stop,1,0,full_minus_planned,0.5408918302505604,1
dataset1,377,operator_stop,1,0,full_minus_planned,0.6193168996602644,1
dataset1,378,operator_stop,1,0,full_minus_planned,0.5006902106123573,1
dataset1,379,operator_stop,1,0,full_minus_planned,0.6670588112021537,1
dataset1,380,operator_stop,1,0,full_minus_planned,0.6709409627258993,1
dataset1,381,operator_stop,1,0,full_minus_planned,0.6999208304746891,1
dataset1,382,operator_stop,1,0,full_minus_planned,0.7008510789695077,1
dataset1,383,normal,0,1,full_minus_planned,0.1276243957047894,0
dataset1,384,normal,0,0,full_minus_planned,0.25372464961933927,0
dataset1,385,normal,0,1,full_minus_planned,0.37751147077402497,0
dataset1,386,normal,0,0,full_minus_planned,0.4423285344568514,0
dataset1,387,normal,0,1,full_minus_planned,0.46229700901065224,0
dataset1,388,normal,0,0,full_minus_planned,0.4060154475913672,0
dataset1,389,fallback_hold,1,0,full_minus_planned,0.6774605025778572,1
dataset1,390,fallback_hold,1,0,full_minus_planned,0.7437678268298148,1
dataset1,391,normal,0,0,full_minus_planned,0.6322027448706486,1
dataset1,392,preentry_block,1,0,full_minus_planned,0.7092608211285516,1
dataset1,393,normal,0,0,full_minus_planned,0.7214051934380512,1
dataset1,394,fallback_hold,1,0,full_minus_planned,0.7389527099835691,1
dataset1,395,conflict_risk,1,0,full_minus_planned,0.7660920621208057,1
dataset1,396,fallback_hold,1,0,full_minus_planned,0.799691025778002,1
dataset1,397,conflict_risk,1,1,full_minus_planned,0.7598520634601834,1
dataset1,398,fallback_hold,1,0,full_minus_planned,0.6715349067584553,1
dataset1,399,fallback_hold,1,0,full_minus_planned,0.5894028931415393,1
dataset1,400,normal,0,0,full_minus_planned,0.5739756977037195,1
dataset1,401,preentry_block,1,0,full_minus_planned,0.5568510495664849,1
dataset1,402,fallback_hold,1,0,full_minus_planned,0.5538817286714115,1
dataset1,403,normal,0,0,full_minus_planned,0.18279609420472007,0
dataset1,404,safe_node_hold,1,1,full_minus_planned,0.6677403338319912,1
dataset1,405,conflict_risk,1,0,full_minus_planned,0.6949978302405594,1
dataset1,406,resume,0,1,full_minus_planned,0.46042734376039185,0
dataset1,407,normal,0,0,full_minus_planned,0.21737868632880886,0
dataset1,408,normal,0,0,full_minus_planned,0.06784991564985303,0
dataset1,409,normal,0,0,full_minus_planned,0.04995534418889175,0
dataset1,410,normal,0,0,full_minus_planned,0.037794333634809614,0
dataset1,411,normal,0,1,full_minus_planned,0.03767682195993809,0
dataset1,412,normal,0,0,full_minus_planned,0.03705976017163662,0
dataset1,413,normal,0,0,full_minus_planned,0.03610043303111023,0
dataset1,414,normal,0,0,full_minus_planned,0.04384735579178793,0
dataset1,415,normal,0,0,full_minus_planned,0.03995405423821453,0
dataset1,416,normal,0,1,full_minus_planned,0.03629698279046594,0
dataset1,417,normal,0,0,full_minus_planned,0.07030940453068625,0
dataset1,418,normal,0,1,full_minus_planned,0.10211532523987722,0
dataset1,419,normal,0,0,full_minus_planned,0.05389607357255163,0
dataset1,420,normal,0,0,full_minus_planned,0.03743340325799721,0
dataset1,421,normal,0,0,full_minus_planned,0.00958739409215596,0
dataset1,422,normal,0,0,full_minus_planned,0.009606664350598653,0
dataset1,423,normal,0,0,full_minus_planned,0.016286007305396637,0
dataset1,424,normal,0,0,full_minus_planned,0.010165097361089991,0
dataset1,425,normal,0,0,full_minus_planned,0.014246739875753365,0
dataset1,426,normal,0,0,full_minus_planned,0.026134449765999143,0
dataset1,427,normal,0,0,full_minus_planned,0.012650936797766623,0
dataset1,428,normal,0,1,full_minus_planned,0.005549493716656256,0
dataset1,429,normal,0,1,full_minus_planned,0.012952976235274409,0
dataset1,430,normal,0,1,full_minus_planned,0.014487863575692565,0
dataset1,431,normal,0,0,full_minus_planned,0.009105632304394859,0
dataset1,432,normal,0,0,full_minus_planned,0.010478154405868181,0
dataset1,433,normal,0,0,full_minus_planned,0.009354956265205081,0
dataset1,434,normal,0,0,full_minus_planned,0.018371220464479872,0
dataset1,435,normal,0,1,full_minus_planned,0.019135762628261208,0
dataset1,436,normal,0,1,full_minus_planned,0.06900411785636917,0
dataset1,437,normal,0,1,full_minus_planned,0.045240648114509625,0
dataset1,438,normal,0,0,full_minus_planned,0.03932079988668807,0
dataset1,439,normal,0,0,full_minus_planned,0.017587121343385404,0
dataset1,440,normal,0,1,full_minus_planned,0.04132595021913105,0
dataset1,441,normal,0,1,full_minus_planned,0.010639847653073175,0
dataset1,442,normal,0,1,full_minus_planned,0.0771311527938981,0
dataset1,443,normal,0,0,full_minus_planned,0.03953440842118034,0
dataset1,444,normal,0,1,full_minus_planned,0.027687261980883913,0
dataset1,445,normal,0,1,full_minus_planned,0.012536635677397137,0
dataset1,446,normal,0,1,full_minus_planned,0.022364951312169434,0
dataset1,447,normal,0,0,full_minus_planned,0.009501057102066078,0
dataset1,448,normal,0,0,full_minus_planned,0.026112180259720404,0
dataset1,449,normal,0,0,full_minus_planned,0.03501763688495525,0
dataset1,450,normal,0,0,full_minus_planned,0.022373958744444172,0
dataset1,451,normal,0,1,full_minus_planned,0.008794036239444658,0
dataset1,452,normal,0,1,full_minus_planned,0.006916079013819643,0
dataset1,453,normal,0,1,full_minus_planned,0.004805349585950514,0
dataset1,454,normal,0,0,full_minus_planned,0.004928777007150021,0
dataset1,455,normal,0,0,full_minus_planned,0.0044216929870239145,0
dataset1,456,normal,0,0,full_minus_planned,0.005665273889401347,0
dataset1,457,normal,0,0,full_minus_planned,0.00918179720287403,0
dataset1,458,normal,0,0,full_minus_planned,0.01562725753131508,0
dataset1,459,normal,0,1,full_minus_planned,0.018673578585451454,0
dataset1,460,normal,0,1,full_minus_planned,0.009646232794086232,0
dataset1,461,normal,0,1,full_minus_planned,0.009206779603987178,0
dataset1,462,normal,0,0,full_minus_planned,0.006992255536257889,0
dataset1,463,normal,0,0,full_minus_planned,0.010132482327451472,0
dataset1,464,normal,0,0,full_minus_planned,0.010585260061601261,0
dataset1,465,normal,0,0,full_minus_planned,0.010815528862680295,0
dataset1,466,normal,0,1,full_minus_planned,0.012195370538798071,0
dataset1,467,normal,0,1,full_minus_planned,0.017817275473896915,0
dataset1,468,normal,0,1,full_minus_planned,0.00793259576854355,0
dataset1,469,normal,0,1,full_minus_planned,0.016379163256860497,0
dataset1,470,normal,0,1,full_minus_planned,0.009850347882805479,0
dataset1,471,normal,0,0,full_minus_planned,0.0067886942316595245,0
dataset1,472,normal,0,0,full_minus_planned,0.005436113748560472,0
dataset1,473,normal,0,0,full_minus_planned,0.004427016981824326,0
dataset1,474,normal,0,0,full_minus_planned,0.004427016981824326,0
dataset1,475,normal,0,0,full_minus_planned,0.0060808630940867026,0
dataset1,476,normal,0,0,full_minus_planned,0.0063946513737760695,0
dataset1,477,normal,0,0,full_minus_planned,0.008070546362332147,0
dataset1,478,normal,0,0,full_minus_planned,0.007202184598572893,0
dataset1,479,normal,0,0,full_minus_planned,0.008964347497322611,0
dataset1,480,normal,0,1,full_minus_planned,0.009694918848527594,0
dataset1,481,normal,0,1,full_minus_planned,0.0075269583671406836,0
dataset1,482,normal,0,1,full_minus_planned,0.007817480340182988,0
dataset1,483,normal,0,1,full_minus_planned,0.008718967642701856,0
dataset1,484,normal,0,0,full_minus_planned,0.005503951304436715,0
dataset1,485,normal,0,0,full_minus_planned,0.008694200687637967,0
dataset1,486,normal,0,0,full_minus_planned,0.0067650627357442586,0
dataset1,487,normal,0,0,full_minus_planned,0.011324471578103387,0
dataset1,488,normal,0,0,full_minus_planned,0.008024527933985686,0
dataset1,489,normal,0,0,full_minus_planned,0.06120594850657375,0
dataset1,490,normal,0,0,full_minus_planned,0.02160269299048399,0
dataset1,491,normal,0,0,full_minus_planned,0.026762233672443958,0
dataset1,492,normal,0,1,full_minus_planned,0.034692603347122604,0
dataset1,493,normal,0,1,full_minus_planned,0.0638049826760864,0
dataset1,494,normal,0,1,full_minus_planned,0.07452966295291262,0
dataset1,495,normal,0,1,full_minus_planned,0.07323427837290213,0
dataset1,496,normal,0,0,full_minus_planned,0.08442484921330089,0
dataset1,497,normal,0,0,full_minus_planned,0.10304097330454279,0
dataset1,498,normal,0,0,full_minus_planned,0.09758648172802152,0
dataset1,499,normal,0,0,full_minus_planned,0.2089864512348645,0
dataset1,500,normal,0,0,full_minus_planned,0.3533428423752315,0
dataset1,501,normal,0,0,full_minus_planned,0.34618529816963517,0
dataset1,502,normal,0,0,full_minus_planned,0.4327596978725385,0
dataset1,503,operator_stop,1,0,full_minus_planned,0.38776619160964104,0
dataset1,504,operator_stop,1,1,full_minus_planned,0.48614572049286237,0
dataset1,505,operator_stop,1,1,full_minus_planned,0.5073724356585106,1
dataset1,506,operator_stop,1,1,full_minus_planned,0.48588748985465546,0
dataset1,507,operator_stop,1,0,full_minus_planned,0.40087194568273116,0
dataset1,508,operator_stop,1,0,full_minus_planned,0.3765913411211002,0
dataset1,509,operator_stop,1,0,full_minus_planned,0.4531146062852064,0
dataset1,510,operator_stop,1,0,full_minus_planned,0.48769052725851025,0
dataset1,511,operator_stop,1,0,full_minus_planned,0.5416683519298112,1
dataset1,512,operator_stop,1,0,full_minus_planned,0.5555825838631034,1
dataset1,513,operator_stop,1,1,full_minus_planned,0.5609236539142481,1
dataset1,514,normal,0,1,full_minus_planned,0.2839643173073625,0
dataset1,515,safe_node_hold,1,1,full_minus_planned,0.20722497309042628,0
dataset1,516,normal,0,1,full_minus_planned,0.22311645858233545,0
dataset1,517,safe_node_hold,1,1,full_minus_planned,0.5180734716475116,1
dataset1,518,normal,0,1,full_minus_planned,0.4624791655390565,0
dataset1,519,safe_node_hold,1,1,full_minus_planned,0.4416201602779004,0
dataset1,520,preentry_block,1,0,full_minus_planned,0.5374078805766219,1
dataset1,521,normal,0,0,full_minus_planned,0.536976993732527,1
dataset1,522,safe_node_hold,1,0,full_minus_planned,0.5106109503409912,1
dataset1,523,normal,0,0,full_minus_planned,0.500850319532209,1
dataset1,524,safe_node_hold,1,0,full_minus_planned,0.5664511184688586,1
dataset1,525,normal,0,0,full_minus_planned,0.5964048136660645,1
dataset1,526,safe_node_hold,1,0,full_minus_planned,0.6262282339588948,1
dataset1,527,normal,0,0,full_minus_planned,0.6060078060641687,1
dataset1,528,safe_node_hold,1,0,full_minus_planned,0.6212277006967786,1
dataset1,529,normal,0,0,full_minus_planned,0.6333725371267532,1
dataset1,530,preentry_block,1,1,full_minus_planned,0.6400512394462291,1
dataset1,531,safe_node_hold,1,1,full_minus_planned,0.6093296064140769,1
dataset1,532,normal,0,1,full_minus_planned,0.6292214211425255,1
dataset1,533,operator_stop,1,0,full_minus_planned,0.6544808931187107,1
dataset1,534,operator_stop,1,0,full_minus_planned,0.6582642675680753,1
dataset1,535,operator_stop,1,0,full_minus_planned,0.6213211765209816,1
dataset1,536,operator_stop,1,0,full_minus_planned,0.5748329803338192,1
dataset1,537,operator_stop,1,1,full_minus_planned,0.5749200673975786,1
dataset1,538,operator_stop,1,1,full_minus_planned,0.6065703917624763,1
dataset1,539,operator_stop,1,1,full_minus_planned,0.6611649690305937,1
dataset1,540,operator_stop,1,0,full_minus_planned,0.6745226452917972,1
dataset1,541,operator_stop,1,0,full_minus_planned,0.679192458511675,1
dataset1,542,operator_stop,1,1,full_minus_planned,0.6861753268159843,1
dataset1,543,operator_stop,1,1,full_minus_planned,0.7118054785789534,1
dataset1,544,normal,0,1,full_minus_planned,0.6661702036692729,1
dataset1,545,safe_node_hold,1,0,full_minus_planned,0.6754476000650047,1
dataset1,546,normal,0,0,full_minus_planned,0.6417463897142284,1
dataset1,547,safe_node_hold,1,0,full_minus_planned,0.6597636843071508,1
dataset1,548,normal,0,0,full_minus_planned,0.6363894114784823,1
dataset1,549,preentry_block,1,0,full_minus_planned,0.6321079174057864,1
dataset1,550,safe_node_hold,1,0,full_minus_planned,0.4800065098713325,0
dataset1,551,conflict_risk,1,0,full_minus_planned,0.5076031872144718,1
dataset1,552,safe_node_hold,1,0,full_minus_planned,0.4106605594588384,0
dataset1,553,normal,0,0,full_minus_planned,0.4270437438586428,0
dataset1,554,safe_node_hold,1,0,full_minus_planned,0.4771177412817512,0
dataset1,555,normal,0,0,full_minus_planned,0.3903513850822156,0
dataset1,556,safe_node_hold,1,0,full_minus_planned,0.3535687840825506,0
dataset1,557,normal,0,0,full_minus_planned,0.33372050126643454,0
dataset1,558,resume,0,0,full_minus_planned,0.37900296796922806,0
dataset1,559,normal,0,1,full_minus_planned,0.06521245027193345,0
dataset1,560,normal,0,1,full_minus_planned,0.04433420252781337,0
dataset1,561,normal,0,1,full_minus_planned,0.030813916306908527,0
dataset1,562,normal,0,1,full_minus_planned,0.025464884576335136,0
dataset1,563,normal,0,0,full_minus_planned,0.02721901861395043,0
dataset1,564,normal,0,0,full_minus_planned,0.04723936484056861,0
dataset1,565,normal,0,0,full_minus_planned,0.05299636578244748,0
dataset1,566,normal,0,0,full_minus_planned,0.15511083212346047,0
dataset1,567,safe_node_hold,1,0,full_minus_planned,0.483544181721217,0
dataset1,568,normal,0,1,full_minus_planned,0.3365882305106976,0
dataset1,569,safe_node_hold,1,1,full_minus_planned,0.3170170202486737,0
dataset1,570,normal,0,1,full_minus_planned,0.14087268211144183,0
dataset1,571,safe_node_hold,1,0,full_minus_planned,0.1647669851642518,0
dataset1,572,normal,0,0,full_minus_planned,0.10274962494222019,0
dataset1,573,resume,0,0,full_minus_planned,0.43648080812625234,0
dataset1,574,normal,0,1,full_minus_planned,0.28198561703172964,0
dataset1,575,normal,0,1,full_minus_planned,0.21137545762818588,0
dataset1,576,normal,0,1,full_minus_planned,0.1923755448947889,0
dataset1,577,normal,0,1,full_minus_planned,0.22901465994371156,0
dataset1,578,normal,0,1,full_minus_planned,0.20250138552525357,0
dataset1,579,normal,0,1,full_minus_planned,0.19197138322787083,0
dataset1,580,normal,0,0,full_minus_planned,0.14772602142643376,0
dataset1,581,normal,0,0,full_minus_planned,0.1224663999058852,0
dataset1,582,normal,0,1,full_minus_planned,0.1111123751478814,0
dataset1,583,normal,0,1,full_minus_planned,0.11813312888611396,0
dataset1,584,normal,0,1,full_minus_planned,0.06550016165370907,0
dataset1,585,normal,0,1,full_minus_planned,0.04497683416997662,0
dataset1,586,normal,0,0,full_minus_planned,0.03486216027911923,0
dataset1,587,normal,0,0,full_minus_planned,0.03516683882010268,0
dataset1,588,normal,0,0,full_minus_planned,0.03462640490934228,0
dataset1,589,normal,0,0,full_minus_planned,0.04125103113344017,0
dataset1,590,normal,0,0,full_minus_planned,0.04730744936963997,0
dataset1,591,normal,0,0,full_minus_planned,0.046849341221736424,0
dataset1,592,normal,0,1,full_minus_planned,0.05471705087751057,0
dataset1,593,normal,0,1,full_minus_planned,0.06602138138004296,0
dataset1,594,normal,0,1,full_minus_planned,0.053567918044295004,0
dataset1,595,normal,0,0,full_minus_planned,0.05905476111824467,0
dataset1,596,normal,0,0,full_minus_planned,0.04661697508981845,0
dataset1,597,normal,0,1,full_minus_planned,0.11720776388719793,0
dataset1,598,normal,0,1,full_minus_planned,0.13167566113433948,0
dataset1,599,normal,0,1,full_minus_planned,0.10228956390990057,0
dataset1,600,normal,0,0,full_minus_planned,0.057272429999594004,0
dataset1,601,normal,0,0,full_minus_planned,0.05454367045047373,0
dataset1,602,normal,0,1,full_minus_planned,0.031105561597167077,0
dataset1,603,normal,0,1,full_minus_planned,0.020431236837055524,0
dataset1,604,normal,0,1,full_minus_planned,0.018693913846292817,0
dataset1,605,normal,0,0,full_minus_planned,0.016274543093135863,0
dataset1,606,normal,0,1,full_minus_planned,0.014511704526728304,0
dataset1,607,normal,0,1,full_minus_planned,0.01295912012784783,0
dataset1,608,normal,0,1,full_minus_planned,0.0136428561240631,0
dataset1,609,normal,0,1,full_minus_planned,0.0077101130422261065,0
dataset1,610,normal,0,1,full_minus_planned,0.004946658946921822,0
dataset1,611,normal,0,1,full_minus_planned,0.0034532830515814354,0
dataset1,612,normal,0,1,full_minus_planned,0.004755991581397282,0
dataset1,613,normal,0,1,full_minus_planned,0.004109000252322706,0
dataset1,614,normal,0,0,full_minus_planned,0.011752272861446044,0
dataset1,615,normal,0,0,full_minus_planned,0.010197015181499213,0
dataset1,616,normal,0,0,full_minus_planned,0.010197015181499213,0
dataset1,617,normal,0,0,full_minus_planned,0.010313876284301087,0
dataset1,618,normal,0,0,full_minus_planned,0.007158772367510067,0
dataset1,619,normal,0,0,full_minus_planned,0.007158772367510067,0
dataset1,620,normal,0,0,full_minus_planned,0.008249420720390933,0
dataset1,621,normal,0,0,full_minus_planned,0.009960035598206247,0
dataset1,622,normal,0,0,full_minus_planned,0.007499914304425803,0
dataset1,623,normal,0,0,full_minus_planned,0.006815147601519058,0
dataset1,624,normal,0,1,full_minus_planned,0.0058850664458796964,0
dataset1,625,normal,0,1,full_minus_planned,0.007147285272114041,0
dataset1,626,normal,0,1,full_minus_planned,0.007147285272114041,0
dataset1,627,normal,0,0,full_minus_planned,0.009329386382318122,0
dataset1,628,normal,0,0,full_minus_planned,0.00979637521583215,0
dataset1,629,normal,0,0,full_minus_planned,0.008765273189477544,0
dataset1,630,normal,0,0,full_minus_planned,0.01476966608663956,0
dataset1,631,normal,0,0,full_minus_planned,0.01177533570204603,0
dataset1,632,normal,0,0,full_minus_planned,0.015573427392332561,0
dataset1,633,normal,0,1,full_minus_planned,0.06176854658328008,0
dataset1,634,normal,0,1,full_minus_planned,0.0895704496327868,0
dataset1,635,normal,0,1,full_minus_planned,0.0297731558571415,0
dataset1,636,normal,0,0,full_minus_planned,0.0386834437655752,0
dataset1,637,normal,0,0,full_minus_planned,0.04296799381268075,0
dataset1,638,normal,0,1,full_minus_planned,0.0401819138553678,0
dataset1,639,normal,0,1,full_minus_planned,0.04926408440284015,0
dataset1,640,normal,0,1,full_minus_planned,0.027261958540116052,0
dataset1,641,normal,0,0,full_minus_planned,0.02336152247269631,0
dataset1,642,normal,0,0,full_minus_planned,0.02150875181896239,0
dataset1,643,normal,0,1,full_minus_planned,0.02886648395594726,0
dataset1,644,normal,0,1,full_minus_planned,0.026214298304522654,0
dataset1,645,normal,0,1,full_minus_planned,0.014360102774626328,0
dataset1,646,normal,0,1,full_minus_planned,0.015555073941328686,0
dataset1,647,normal,0,0,full_minus_planned,0.012608905677747561,0
dataset1,648,normal,0,0,full_minus_planned,0.01315373124684201,0
dataset1,649,normal,0,0,full_minus_planned,0.010642251334483488,0
dataset1,650,normal,0,1,full_minus_planned,0.00850183086641526,0
dataset1,651,normal,0,0,full_minus_planned,0.00850183086641526,0
dataset1,652,normal,0,1,full_minus_planned,0.004922698950753468,0
dataset1,653,normal,0,0,full_minus_planned,0.0056542954786894944,0
dataset1,654,normal,0,1,full_minus_planned,0.007003369105524195,0
dataset1,655,normal,0,0,full_minus_planned,0.023445304383057693,0
dataset1,656,normal,0,0,full_minus_planned,0.029509000343920334,0
dataset1,657,normal,0,0,full_minus_planned,0.023752428412650253,0
dataset1,658,normal,0,0,full_minus_planned,0.025752428412650255,0
dataset1,659,normal,0,0,full_minus_planned,0.022770770832071015,0
dataset1,660,normal,0,0,full_minus_planned,0.024347051411062238,0
dataset1,661,normal,0,0,full_minus_planned,0.014588025950217234,0
dataset1,662,normal,0,0,full_minus_planned,0.011478627400242022,0
dataset1,663,normal,0,0,full_minus_planned,0.02056160432173689,0
dataset1,664,normal,0,0,full_minus_planned,0.02056160432173689,0
dataset1,665,normal,0,0,full_minus_planned,0.022520768305831065,0
dataset1,666,normal,0,1,full_minus_planned,0.023468172834065437,0
dataset1,667,normal,0,0,full_minus_planned,0.03536958548611882,0
dataset1,668,normal,0,1,full_minus_planned,0.03427287805771991,0
dataset1,669,normal,0,0,full_minus_planned,0.03238145128802002,0
dataset1,670,normal,0,0,full_minus_planned,0.0321882445200255,0
dataset1,671,normal,0,0,full_minus_planned,0.036090274719607136,0
dataset1,672,normal,0,0,full_minus_planned,0.03829203594581181,0
dataset1,673,normal,0,0,full_minus_planned,0.040250355303675954,0
dataset1,674,normal,0,1,full_minus_planned,0.048487017934741285,0
dataset1,675,normal,0,0,full_minus_planned,0.10786310100229791,0
dataset1,676,preentry_block,1,0,full_minus_planned,0.3607819140081707,0
dataset1,677,normal,0,1,full_minus_planned,0.4138654418504673,0
dataset1,678,resume,0,0,full_minus_planned,0.42703395763189267,0
dataset1,679,normal,0,1,full_minus_planned,0.4277545638120336,0
dataset1,680,resume,0,0,full_minus_planned,0.43158013160496483,0
dataset1,681,normal,0,1,full_minus_planned,0.4489670142102156,0
dataset1,682,resume,0,0,full_minus_planned,0.49832979119604565,0
dataset1,683,normal,0,1,full_minus_planned,0.5089651544244348,1
dataset1,684,resume,0,0,full_minus_planned,0.5191374988028113,1
dataset1,685,normal,0,0,full_minus_planned,0.5250929991340461,1
dataset1,686,preentry_block,1,0,full_minus_planned,0.5401831908720005,1
dataset1,687,resume,0,0,full_minus_planned,0.5776183996329692,1
dataset1,688,normal,0,0,full_minus_planned,0.5728721942183399,1
dataset1,689,resume,0,0,full_minus_planned,0.5474289805963578,1
dataset1,690,normal,0,0,full_minus_planned,0.5345233401808506,1
dataset1,691,resume,0,0,full_minus_planned,0.5421220045717864,1
dataset1,692,normal,0,0,full_minus_planned,0.5780055981699764,1
dataset1,693,resume,0,0,full_minus_planned,0.584980274778885,1
dataset1,694,normal,0,1,full_minus_planned,0.5365807552428853,1
dataset1,695,preentry_block,1,0,full_minus_planned,0.5617491818088997,1
dataset1,696,resume,0,1,full_minus_planned,0.5476901984006542,1
dataset1,697,normal,0,0,full_minus_planned,0.43237698314166234,0
dataset1,698,safe_node_hold,1,0,full_minus_planned,0.4551659382283877,0
dataset1,699,normal,0,0,full_minus_planned,0.5009523257512303,1
dataset1,700,safe_node_hold,1,0,full_minus_planned,0.4890196251362534,0
dataset1,701,normal,0,0,full_minus_planned,0.6101278165170276,1
dataset1,702,safe_node_hold,1,0,full_minus_planned,0.6583620575546422,1
dataset1,703,normal,0,0,full_minus_planned,0.6104616693696115,1
dataset1,704,preentry_block,1,0,full_minus_planned,0.6004755159043588,1
dataset1,705,safe_node_hold,1,0,full_minus_planned,0.5879069665261746,1
dataset1,706,normal,0,1,full_minus_planned,0.639725151675156,1
dataset1,707,safe_node_hold,1,0,full_minus_planned,0.6387945222417027,1
dataset1,708,normal,0,1,full_minus_planned,0.6466944191004795,1
dataset1,709,safe_node_hold,1,0,full_minus_planned,0.6940453461561467,1
dataset1,710,normal,0,0,full_minus_planned,0.7164089374216788,1
dataset1,711,safe_node_hold,1,0,full_minus_planned,0.6511070926721432,1
dataset1,712,operator_stop,1,0,full_minus_planned,0.5898196292845306,1
dataset1,713,operator_stop,1,0,full_minus_planned,0.6901649256991723,1
dataset1,714,operator_stop,1,0,full_minus_planned,0.704653243532818,1
dataset1,715,operator_stop,1,0,full_minus_planned,0.7157385263546275,1
dataset1,716,operator_stop,1,0,full_minus_planned,0.7153301176915282,1
dataset1,717,operator_stop,1,0,full_minus_planned,0.657229251877826,1
dataset1,718,operator_stop,1,0,full_minus_planned,0.7414392419558142,1
dataset1,719,operator_stop,1,1,full_minus_planned,0.7823386599701208,1
dataset1,720,operator_stop,1,0,full_minus_planned,0.783684982592326,1
dataset1,721,operator_stop,1,1,full_minus_planned,0.8185086042026634,1
dataset1,722,operator_stop,1,0,full_minus_planned,0.8328169392452145,1
dataset1,723,conflict_risk,1,0,full_minus_planned,0.4368700777393151,0
dataset1,724,fallback_hold,1,0,full_minus_planned,0.8124421593126728,1
dataset1,725,conflict_risk,1,0,full_minus_planned,0.76787044681618,1
dataset1,726,fallback_hold,1,0,full_minus_planned,0.7101305558077914,1
dataset1,727,conflict_risk,1,0,full_minus_planned,0.800209322298048,1
dataset1,728,resume,0,0,full_minus_planned,0.6870403495154289,1
dataset1,729,normal,0,0,full_minus_planned,0.31203892408150835,0
dataset1,730,normal,0,1,full_minus_planned,0.23164937302190114,0
dataset1,731,normal,0,0,full_minus_planned,0.19840756101766716,0
dataset1,732,normal,0,1,full_minus_planned,0.17339281731244574,0
dataset1,733,normal,0,0,full_minus_planned,0.14970120726957326,0
dataset1,734,normal,0,1,full_minus_planned,0.14894551470806092,0
dataset1,735,normal,0,0,full_minus_planned,0.12134961326411983,0
dataset1,736,normal,0,0,full_minus_planned,0.1039442722885981,0
dataset1,737,normal,0,0,full_minus_planned,0.09679372176628222,0
dataset1,738,normal,0,0,full_minus_planned,0.05462457765086039,0
dataset1,739,normal,0,0,full_minus_planned,0.05780296017099198,0
dataset1,740,normal,0,0,full_minus_planned,0.05322453392871097,0
dataset1,741,normal,0,0,full_minus_planned,0.050468442451320046,0
dataset1,742,normal,0,0,full_minus_planned,0.060412205060173564,0
dataset1,743,normal,0,0,full_minus_planned,0.055137022878706525,0
dataset1,744,normal,0,1,full_minus_planned,0.05878718938488712,0
dataset1,745,normal,0,0,full_minus_planned,0.06029353636018032,0
dataset1,746,normal,0,0,full_minus_planned,0.059936721032784766,0
dataset1,747,normal,0,0,full_minus_planned,0.04125038125993525,0
dataset1,748,normal,0,0,full_minus_planned,0.04036091843281757,0
dataset1,749,normal,0,0,full_minus_planned,0.04331057456895596,0
dataset1,750,normal,0,0,full_minus_planned,0.053540130649829445,0
dataset1,751,normal,0,1,full_minus_planned,0.04510633876290567,0
dataset1,752,normal,0,0,full_minus_planned,0.05355904865143216,0
dataset1,753,normal,0,1,full_minus_planned,0.06250058889899324,0
dataset1,754,normal,0,0,full_minus_planned,0.036448689073755806,0
dataset1,755,normal,0,0,full_minus_planned,0.030500541450852226,0
dataset1,756,normal,0,0,full_minus_planned,0.03413151357949307,0
dataset1,757,normal,0,0,full_minus_planned,0.026756961463035394,0
dataset1,758,normal,0,1,full_minus_planned,0.02409256535880086,0
dataset1,759,normal,0,0,full_minus_planned,0.00714886868966196,0
dataset1,760,normal,0,0,full_minus_planned,0.004854010746116449,0
dataset1,761,normal,0,0,full_minus_planned,0.0032896964578989253,0
dataset1,762,normal,0,0,full_minus_planned,0.0036765286776678013,0
dataset1,763,normal,0,1,full_minus_planned,0.005360664555659445,0
dataset1,764,normal,0,0,full_minus_planned,0.012270981404596272,0
dataset1,765,normal,0,1,full_minus_planned,0.013128877928561792,0
dataset1,766,normal,0,0,full_minus_planned,0.009287573351659324,0
dataset1,767,normal,0,1,full_minus_planned,0.002880904390068833,0
dataset1,768,normal,0,1,full_minus_planned,0.01058047486512435,0
dataset1,769,normal,0,1,full_minus_planned,0.01378764850701222,0
dataset1,770,normal,0,0,full_minus_planned,0.006844419955098355,0
dataset1,771,normal,0,0,full_minus_planned,0.006844419955098355,0
dataset1,772,normal,0,0,full_minus_planned,0.006844419955098355,0
dataset1,773,normal,0,0,full_minus_planned,0.0067500780492138176,0
dataset1,774,normal,0,1,full_minus_planned,0.020761285481712,0
dataset1,775,normal,0,1,full_minus_planned,0.011516077857119618,0
dataset1,776,normal,0,1,full_minus_planned,0.004413469268112204,0
dataset1,777,normal,0,0,full_minus_planned,0.009500530685823023,0
dataset1,778,normal,0,0,full_minus_planned,0.0040707061866631766,0
dataset1,779,normal,0,1,full_minus_planned,0.0048012775378681585,0
dataset1,780,normal,0,1,full_minus_planned,0.004712636790262602,0
dataset1,781,normal,0,1,full_minus_planned,0.004829195038263797,0
dataset1,782,normal,0,0,full_minus_planned,0.016334872385091265,0
dataset1,783,normal,0,1,full_minus_planned,0.00656720151564871,0
dataset1,784,normal,0,1,full_minus_planned,0.003987791636299432,0
dataset1,785,normal,0,1,full_minus_planned,0.0038051526017286483,0
dataset1,786,normal,0,0,full_minus_planned,0.005841987873186336,0
dataset1,787,normal,0,0,full_minus_planned,0.03102548079828624,0
dataset1,788,normal,0,0,full_minus_planned,0.03162466400027926,0
dataset1,789,normal,0,0,full_minus_planned,0.02962466400027926,0
dataset1,790,normal,0,1,full_minus_planned,0.02974809142147877,0
dataset1,791,normal,0,1,full_minus_planned,0.02974809142147877,0
dataset1,792,normal,0,1,full_minus_planned,0.0362865817878967,0
dataset1,793,normal,0,0,full_minus_planned,0.03735679202193082,0
dataset1,794,normal,0,0,full_minus_planned,0.04138627890704621,0
dataset1,795,normal,0,0,full_minus_planned,0.036414509720048394,0
dataset1,796,normal,0,0,full_minus_planned,0.038414509720048395,0
dataset1,797,normal,0,0,full_minus_planned,0.04615144193946035,0
dataset1,798,normal,0,0,full_minus_planned,0.043101562815253916,0
dataset1,799,normal,0,0,full_minus_planned,0.043101562815253916,0
dataset1,800,normal,0,0,full_minus_planned,0.043101562815253916,0
dataset1,801,normal,0,0,full_minus_planned,0.042819448005301235,0
dataset1,802,normal,0,0,full_minus_planned,0.049901997464673685,0
dataset1,803,normal,0,0,full_minus_planned,0.04456648016588833,0
dataset1,804,normal,0,0,full_minus_planned,0.04563669039992244,0
dataset1,805,normal,0,0,full_minus_planned,0.05674245336919574,0
dataset1,806,normal,0,0,full_minus_planned,0.07082194219758561,0
dataset1,807,normal,0,0,full_minus_planned,0.09197270988985881,0
dataset1,808,normal,0,0,full_minus_planned,0.06737471828915287,0
dataset1,809,normal,0,0,full_minus_planned,0.04754052440453674,0
dataset1,810,normal,0,0,full_minus_planned,0.040728152530265925,0
dataset1,811,normal,0,0,full_minus_planned,0.03757935644709315,0
dataset1,812,normal,0,0,full_minus_planned,0.032788640439012424,0
dataset1,813,normal,0,0,full_minus_planned,0.032788640439012424,0
dataset1,814,normal,0,0,full_minus_planned,0.037320807112982114,0
dataset1,815,normal,0,0,full_minus_planned,0.034250596878948,0
dataset1,816,normal,0,0,full_minus_planned,0.033180386644913885,0
dataset1,817,normal,0,0,full_minus_planned,0.031163856720908427,0
dataset1,818,normal,0,0,full_minus_planned,0.03300398767166548,0
dataset1,819,normal,0,0,full_minus_planned,0.03677199241694777,0
dataset1,820,normal,0,0,full_minus_planned,0.038400763778006025,0
dataset1,821,normal,0,0,full_minus_planned,0.039541152448189475,0
dataset1,822,normal,0,0,full_minus_planned,0.07604861682118572,0
dataset1,823,normal,0,0,full_minus_planned,0.07674343907437317,0
dataset1,824,normal,0,0,full_minus_planned,0.07838655722297244,0
dataset1,825,normal,0,0,full_minus_planned,0.06484513498142633,0
dataset1,826,normal,0,0,full_minus_planned,0.054464018333923454,0
dataset1,827,normal,0,0,full_minus_planned,0.072550844106348,0
dataset1,828,normal,0,0,full_minus_planned,0.09305661530407956,0
dataset1,829,normal,0,0,full_minus_planned,0.09408898788421467,0
dataset1,830,normal,0,0,full_minus_planned,0.10648366602749412,0
dataset1,831,normal,0,0,full_minus_planned,0.10676936359177104,0
dataset1,832,normal,0,0,full_minus_planned,0.10469822641974003,0
dataset1,833,normal,0,0,full_minus_planned,0.1063413445683393,0
dataset1,834,normal,0,0,full_minus_planned,0.07178487772838883,0
dataset1,835,normal,0,0,full_minus_planned,0.07536593626521412,0
dataset1,836,normal,0,0,full_minus_planned,0.07646892333920503,0
dataset1,837,normal,0,0,full_minus_planned,0.0821750026812419,0
dataset1,838,normal,0,0,full_minus_planned,0.08442111568941056,0
dataset1,839,normal,0,0,full_minus_planned,0.09190223549764334,0
dataset1,840,normal,0,0,full_minus_planned,0.08842111568941056,0
dataset1,841,normal,0,0,full_minus_planned,0.09006423383800984,0
dataset1,842,normal,0,0,full_minus_planned,0.09379522778880972,0
dataset1,843,normal,0,0,full_minus_planned,0.09543834593740899,0
dataset1,844,normal,0,0,full_minus_planned,0.10355749201995247,0
dataset1,845,normal,0,0,full_minus_planned,0.10303937771624046,0
dataset1,846,normal,0,0,full_minus_planned,0.1121155216117132,0
dataset1,847,normal,0,0,full_minus_planned,0.11873508047235123,0
dataset1,848,normal,0,0,full_minus_planned,0.12884800410580657,0
dataset1,849,normal,0,0,full_minus_planned,0.19963986713993806,0
dataset1,850,normal,0,0,full_minus_planned,0.21986247195339267,0
dataset1,851,normal,0,0,full_minus_planned,0.23672090746846436,0
dataset1,852,normal,0,0,full_minus_planned,0.22389196582861332,0
dataset1,853,normal,0,0,full_minus_planned,0.2238983192839626,0
dataset1,854,normal,0,0,full_minus_planned,0.2405294924149986,0
dataset1,855,normal,0,0,full_minus_planned,0.2254967912447612,0
dataset1,856,normal,0,0,full_minus_planned,0.21852014205282763,0
dataset1,857,normal,0,0,full_minus_planned,0.20675425907406522,0
dataset1,858,normal,0,0,full_minus_planned,0.20564282398390335,0
dataset1,859,normal,0,0,full_minus_planned,0.2295915771241528,0
dataset1,860,normal,0,0,full_minus_planned,0.19894884934170987,0
dataset1,861,normal,0,0,full_minus_planned,0.20577156257412552,0
dataset1,862,normal,0,0,full_minus_planned,0.21189737990475194,0
dataset1,863,normal,0,0,full_minus_planned,0.22281193870350008,0
dataset1,864,normal,0,0,full_minus_planned,0.18436423735757673,0
dataset1,865,normal,0,0,full_minus_planned,0.1463473880654008,0
dataset1,866,normal,0,0,full_minus_planned,0.18044697542993987,0
dataset1,867,normal,0,0,full_minus_planned,0.16367666084549176,0
dataset1,868,normal,0,0,full_minus_planned,0.0861632805522497,0
dataset1,869,normal,0,1,full_minus_planned,0.025085476156568687,0
dataset1,870,preentry_block,1,1,full_minus_planned,0.11757765167750873,0
dataset1,871,resume,0,1,full_minus_planned,0.14750222492291684,0
dataset1,872,normal,0,0,full_minus_planned,0.16219964913122964,0
dataset1,873,resume,0,0,full_minus_planned,0.15808021272057649,0
dataset1,874,normal,0,0,full_minus_planned,0.1747253050469964,0
dataset1,875,resume,0,0,full_minus_planned,0.22038859353628837,0
dataset1,876,normal,0,0,full_minus_planned,0.2982322339895189,0
dataset1,877,fallback_hold,1,1,full_minus_planned,0.3421188675219226,0
dataset1,878,normal,0,1,full_minus_planned,0.3283941688864098,0
dataset1,879,preentry_block,1,1,full_minus_planned,0.33140400398821446,0
dataset1,880,normal,0,0,full_minus_planned,0.32561853338533986,0
dataset1,881,resume,0,0,full_minus_planned,0.3350076645459456,0
dataset1,882,normal,0,0,full_minus_planned,0.35335489964633715,0
dataset1,883,resume,0,0,full_minus_planned,0.3937315158757476,0
dataset1,884,resume,0,1,full_minus_planned,0.3477736461626868,0
dataset1,885,normal,0,1,full_minus_planned,0.31975394257053297,0
dataset1,886,resume,0,1,full_minus_planned,0.32970881111737055,0
dataset1,887,normal,0,1,full_minus_planned,0.3150757602973897,0
dataset1,888,preentry_block,1,1,full_minus_planned,0.31102886769245036,0
dataset1,889,resume,0,0,full_minus_planned,0.32917296927205797,0
dataset1,890,normal,0,0,full_minus_planned,0.34562393007520553,0
dataset1,891,resume,0,0,full_minus_planned,0.33851025573740195,0
dataset1,892,normal,0,0,full_minus_planned,0.3610522127725728,0
dataset1,893,resume,0,0,full_minus_planned,0.35697094567253324,0
dataset1,894,normal,0,0,full_minus_planned,0.37550227095239525,0
dataset1,895,resume,0,0,full_minus_planned,0.39242514986762017,0
dataset1,896,preentry_block,1,0,full_minus_planned,0.4265508792726728,0
dataset1,897,normal,0,0,full_minus_planned,0.44194399491117087,0
dataset1,898,fallback_hold,1,1,full_minus_planned,0.44682659737649544,0
dataset1,899,normal,0,1,full_minus_planned,0.44645012286357527,0
dataset1,900,fallback_hold,1,1,full_minus_planned,0.46874642650571857,0
dataset1,901,normal,0,1,full_minus_planned,0.47116781416872683,0
dataset1,902,fallback_hold,1,0,full_minus_planned,0.4684245639605266,0
dataset1,903,fallback_hold,1,0,full_minus_planned,0.5032897984213085,1
dataset1,904,normal,0,0,full_minus_planned,0.5022376886247327,1
dataset1,905,fallback_hold,1,0,full_minus_planned,0.5199578826302701,1
dataset1,906,normal,0,0,full_minus_planned,0.5451331635884743,1
dataset1,907,preentry_block,1,0,full_minus_planned,0.5619511355484353,1
dataset1,908,normal,0,0,full_minus_planned,0.5157718561697406,1
dataset1,909,fallback_hold,1,0,full_minus_planned,0.5226972487753072,1
dataset1,910,normal,0,1,full_minus_planned,0.5187975457964823,1
dataset1,911,fallback_hold,1,1,full_minus_planned,0.5418224697728017,1
dataset1,912,normal,0,1,full_minus_planned,0.5778936239153237,1
dataset1,913,fallback_hold,1,1,full_minus_planned,0.5994222072552673,1
dataset1,914,normal,0,0,full_minus_planned,0.5952952727570043,1
dataset1,915,fallback_hold,1,0,full_minus_planned,0.6356926127864009,1
dataset1,916,normal,0,0,full_minus_planned,0.6506999156004176,1
dataset1,917,preentry_block,1,0,full_minus_planned,0.6675351416332538,1
dataset1,918,normal,0,0,full_minus_planned,0.6513237606214688,1
dataset1,919,fallback_hold,1,0,full_minus_planned,0.6686663781267037,1
dataset1,920,normal,0,0,full_minus_planned,0.6945198894062947,1
dataset1,921,fallback_hold,1,0,full_minus_planned,0.7088088480837533,1
dataset1,922,operator_stop,1,1,full_minus_planned,0.7303677169342585,1
dataset1,923,operator_stop,1,1,full_minus_planned,0.7711108471286113,1
dataset1,924,operator_stop,1,1,full_minus_planned,0.7187815746408237,1
dataset1,925,operator_stop,1,0,full_minus_planned,0.5814356591390879,1
dataset1,926,operator_stop,1,0,full_minus_planned,0.545652786443106,1
dataset1,927,operator_stop,1,0,full_minus_planned,0.5781510458737618,1
dataset1,928,operator_stop,1,0,full_minus_planned,0.4743370640721259,0
dataset1,929,operator_stop,1,0,full_minus_planned,0.5662552475201956,1
dataset1,930,operator_stop,1,0,full_minus_planned,0.6199993193487133,1
dataset1,931,operator_stop,1,1,full_minus_planned,0.7020533454449613,1
dataset1,932,operator_stop,1,1,full_minus_planned,0.8905412535723718,1
dataset1,933,conflict_risk,1,1,full_minus_planned,0.7731553727593354,1
dataset1,934,resume,0,1,full_minus_planned,0.3694169612440308,0
dataset1,935,normal,0,1,full_minus_planned,0.3048444551926677,0
dataset1,936,normal,0,1,full_minus_planned,0.18581712988068172,0
dataset1,937,normal,0,1,full_minus_planned,0.16600004088908102,0
dataset1,938,normal,0,0,full_minus_planned,0.20900867729022737,0
dataset1,939,normal,0,0,full_minus_planned,0.19842576979408524,0
dataset1,940,normal,0,0,full_minus_planned,0.18778593302984006,0
dataset1,941,normal,0,0,full_minus_planned,0.24084897333075933,0
dataset1,942,normal,0,0,full_minus_planned,0.15173504030728327,0
dataset1,943,normal,0,0,full_minus_planned,0.1569745923341012,0
dataset1,944,normal,0,0,full_minus_planned,0.06813949646733979,0
dataset1,945,normal,0,0,full_minus_planned,0.05156365137664315,0
dataset1,946,normal,0,0,full_minus_planned,0.09030933570972648,0
dataset1,947,normal,0,0,full_minus_planned,0.0814895946335804,0
dataset1,948,normal,0,1,full_minus_planned,0.08805746030424454,0
dataset1,949,normal,0,1,full_minus_planned,0.10216158482590978,0
dataset1,950,normal,0,1,full_minus_planned,0.10430943271743351,0
dataset1,951,normal,0,0,full_minus_planned,0.10581458178931655,0
dataset1,952,normal,0,0,full_minus_planned,0.1107585708095288,0
dataset1,953,normal,0,0,full_minus_planned,0.09177501407433523,0
dataset1,954,normal,0,0,full_minus_planned,0.07535391300637928,0
dataset1,955,normal,0,1,full_minus_planned,0.05088244735478212,0
dataset1,956,normal,0,1,full_minus_planned,0.042328057023792554,0
dataset1,957,normal,0,1,full_minus_planned,0.03416383234448702,0
dataset1,958,normal,0,0,full_minus_planned,0.029276617851609055,0
dataset1,959,normal,0,0,full_minus_planned,0.017490557727375757,0
dataset1,960,normal,0,1,full_minus_planned,0.012877202494177559,0
dataset1,961,normal,0,1,full_minus_planned,0.010688714569163333,0
dataset1,962,normal,0,1,full_minus_planned,0.024495241201312103,0
dataset1,963,normal,0,0,full_minus_planned,0.032149018152301194,0
dataset1,964,normal,0,0,full_minus_planned,0.03187012830417573,0
dataset1,965,normal,0,0,full_minus_planned,0.01308199562762752,0
dataset1,966,normal,0,0,full_minus_planned,0.03298546575993632,0
dataset1,967,normal,0,0,full_minus_planned,0.023100481992888777,0
dataset1,968,normal,0,0,full_minus_planned,0.02142694713355928,0
dataset1,969,normal,0,1,full_minus_planned,0.022775892502486902,0
dataset1,970,normal,0,1,full_minus_planned,0.025522375629708247,0
dataset1,971,normal,0,1,full_minus_planned,0.014393890507713544,0
dataset1,972,normal,0,1,full_minus_planned,0.027815260017814956,0
dataset1,973,normal,0,0,full_minus_planned,0.01795860298000634,0
dataset1,974,normal,0,0,full_minus_planned,0.008776766897488636,0
dataset1,975,normal,0,0,full_minus_planned,0.017764101677977637,0
dataset1,976,normal,0,0,full_minus_planned,0.0273190946054392,0
dataset1,977,normal,0,0,full_minus_planned,0.0628024666527434,0
dataset1,978,normal,0,1,full_minus_planned,0.05758657356346823,0
dataset1,979,normal,0,1,full_minus_planned,0.04336525170901508,0
dataset1,980,normal,0,1,full_minus_planned,0.027108893346794474,0
dataset1,981,normal,0,0,full_minus_planned,0.020586260321376785,0
dataset1,982,normal,0,0,full_minus_planned,0.03913206621565816,0
dataset1,983,normal,0,0,full_minus_planned,0.055070875048562604,0
dataset1,984,normal,0,1,full_minus_planned,0.0387874161390933,0
dataset1,985,normal,0,1,full_minus_planned,0.03895936030876151,0
dataset1,986,normal,0,1,full_minus_planned,0.05610473236699523,0
dataset1,987,normal,0,1,full_minus_planned,0.03577387756468439,0
dataset1,988,normal,0,1,full_minus_planned,0.037494408598030673,0
dataset1,989,normal,0,1,full_minus_planned,0.020553215407091218,0
dataset1,990,normal,0,0,full_minus_planned,0.016121782479394678,0
dataset1,991,normal,0,1,full_minus_planned,0.02331441529462103,0
dataset1,992,normal,0,1,full_minus_planned,0.01662610274472411,0
dataset1,993,normal,0,1,full_minus_planned,0.013749815936057104,0
dataset1,994,normal,0,1,full_minus_planned,0.013144131181535141,0
dataset1,995,normal,0,0,full_minus_planned,0.01478724933013441,0
dataset1,996,normal,0,0,full_minus_planned,0.012552170506642353,0
dataset1,997,normal,0,0,full_minus_planned,0.008912155206218303,0
dataset1,998,normal,0,0,full_minus_planned,0.02947645447502769,0
dataset1,999,normal,0,0,full_minus_planned,0.022797403085241755,0
dataset1,1000,normal,0,0,full_minus_planned,0.025460245057159003,0
dataset1,1001,normal,0,1,full_minus_planned,0.02489013248114309,0
dataset1,1002,normal,0,1,full_minus_planned,0.035288557783410356,0
dataset1,1003,normal,0,1,full_minus_planned,0.040771192164159,0
dataset1,1004,normal,0,0,full_minus_planned,0.031160683419052246,0
dataset1,1005,normal,0,0,full_minus_planned,0.04716011665302912,0
dataset1,1006,normal,0,1,full_minus_planned,0.05926369857336028,0
dataset1,1007,normal,0,1,full_minus_planned,0.1488846043853412,0
dataset1,1008,normal,0,1,full_minus_planned,0.13734344739424356,0
dataset1,1009,normal,0,0,full_minus_planned,0.15346609617613394,0
dataset1,1010,normal,0,0,full_minus_planned,0.15997757608849245,0
dataset1,1011,normal,0,1,full_minus_planned,0.15899432602329033,0
dataset1,1012,normal,0,1,full_minus_planned,0.24717344946988104,0
dataset1,1013,normal,0,1,full_minus_planned,0.2981656729660232,0
dataset1,1014,normal,0,0,full_minus_planned,0.33803975282378634,0
dataset1,1015,normal,0,1,full_minus_planned,0.34865898025180114,0
dataset1,1016,normal,0,1,full_minus_planned,0.31005721670445824,0
dataset1,1017,normal,0,1,full_minus_planned,0.30798731003450275,0
dataset1,1018,normal,0,1,full_minus_planned,0.32479919636586674,0
dataset1,1019,normal,0,0,full_minus_planned,0.3246513757973582,0
dataset1,1020,normal,0,0,full_minus_planned,0.3193075892449943,0
dataset1,1021,normal,0,0,full_minus_planned,0.30635999206265657,0
dataset1,1022,normal,0,0,full_minus_planned,0.2988006138744103,0
dataset1,1023,normal,0,0,full_minus_planned,0.2368463013273321,0
dataset1,1024,normal,0,0,full_minus_planned,0.2178490961642869,0
dataset1,1025,normal,0,0,full_minus_planned,0.21352162092403681,0
dataset1,1026,normal,0,0,full_minus_planned,0.21350948176850307,0
dataset1,1027,normal,0,0,full_minus_planned,0.21353784935971115,0
dataset1,1028,normal,0,0,full_minus_planned,0.21674260331829298,0
dataset1,1029,normal,0,0,full_minus_planned,0.20500784175914738,0
dataset1,1030,normal,0,0,full_minus_planned,0.2155018209743385,0
dataset1,1031,normal,0,0,full_minus_planned,0.21442790869282566,0
dataset1,1032,normal,0,0,full_minus_planned,0.21151641623608203,0
dataset1,1033,normal,0,0,full_minus_planned,0.2163552814312451,0
dataset1,1034,normal,0,0,full_minus_planned,0.21504063921661626,0
dataset1,1035,normal,0,0,full_minus_planned,0.3201164462209579,0
dataset1,1036,normal,0,0,full_minus_planned,0.341410617099451,0
dataset1,1037,normal,0,0,full_minus_planned,0.3481272338704787,0
dataset1,1038,normal,0,0,full_minus_planned,0.3894117660598959,0
dataset1,1039,normal,0,0,full_minus_planned,0.3804277660735758,0
dataset1,1040,normal,0,0,full_minus_planned,0.37897356516991065,0
dataset1,1041,normal,0,0,full_minus_planned,0.3677568154086155,0
dataset1,1042,normal,0,0,full_minus_planned,0.3717831249944839,0
dataset1,1043,normal,0,0,full_minus_planned,0.3785869946038476,0
dataset1,1044,normal,0,0,full_minus_planned,0.3708076207660984,0
dataset1,1045,normal,0,0,full_minus_planned,0.39204114844886995,0
dataset1,1046,normal,0,0,full_minus_planned,0.25258686768256794,0
dataset1,1047,normal,0,0,full_minus_planned,0.24354052112906166,0
dataset1,1048,normal,0,0,full_minus_planned,0.23000933068892207,0
dataset1,1049,normal,0,0,full_minus_planned,0.22500534812590695,0
dataset1,1050,normal,0,0,full_minus_planned,0.23074677844542907,0
dataset1,1051,normal,0,0,full_minus_planned,0.22746609458785946,0
dataset1,1052,normal,0,0,full_minus_planned,0.2370726048629453,0
dataset1,1053,normal,0,0,full_minus_planned,0.23895645714656794,0
dataset1,1054,normal,0,0,full_minus_planned,0.246295254242247,0
dataset1,1055,normal,0,0,full_minus_planned,0.27217243527197515,0
dataset1,1056,normal,0,0,full_minus_planned,0.25778338597577116,0
dataset1,1057,normal,0,0,full_minus_planned,0.2582755879295981,0
dataset1,1058,normal,0,0,full_minus_planned,0.24947757136892854,0
dataset1,1059,normal,0,0,full_minus_planned,0.2471634097598016,0
dataset1,1060,normal,0,0,full_minus_planned,0.24578887908582753,0
dataset1,1061,normal,0,0,full_minus_planned,0.24756520551154954,0
dataset1,1062,normal,0,0,full_minus_planned,0.26671895597689865,0
dataset1,1063,normal,0,0,full_minus_planned,0.43962136263049967,0
dataset1,1064,normal,0,0,full_minus_planned,0.4320458686891444,0
dataset1,1065,normal,0,0,full_minus_planned,0.436938634016497,0
dataset1,1066,normal,0,0,full_minus_planned,0.4800876554116433,0
dataset1,1067,normal,0,0,full_minus_planned,0.446027160933732,0
dataset1,1068,normal,0,0,full_minus_planned,0.45024697975231925,0
dataset1,1069,normal,0,0,full_minus_planned,0.29919873561639865,0
dataset1,1070,normal,0,0,full_minus_planned,0.27801549099574574,0
dataset1,1071,safe_node_hold,1,0,full_minus_planned,0.47405567745305766,0
dataset1,1072,normal,0,0,full_minus_planned,0.43608568704187073,0
dataset1,1073,safe_node_hold,1,0,full_minus_planned,0.4308071109873303,0
dataset1,1074,normal,0,0,full_minus_planned,0.4318416040096287,0
dataset1,1075,safe_node_hold,1,0,full_minus_planned,0.4345003849814402,0
dataset1,1076,resume,0,0,full_minus_planned,0.7144681093508908,1
dataset1,1077,normal,0,0,full_minus_planned,0.3092957107311334,0
dataset1,1078,normal,0,0,full_minus_planned,0.20127527366593778,0
dataset1,1079,normal,0,0,full_minus_planned,0.17171147586112698,0
dataset1,1080,normal,0,0,full_minus_planned,0.1554925321196321,0
dataset1,1081,normal,0,0,full_minus_planned,0.05481445295691956,0
dataset1,1082,normal,0,0,full_minus_planned,0.05673068244681089,0
dataset1,1083,safe_node_hold,1,0,full_minus_planned,0.07673108570869631,0
dataset1,1084,normal,0,0,full_minus_planned,0.06612492852232259,0
dataset1,1085,safe_node_hold,1,0,full_minus_planned,0.07255246933967431,0
dataset1,1086,normal,0,0,full_minus_planned,0.08685205907063714,0
dataset1,1087,safe_node_hold,1,0,full_minus_planned,0.10250804724023595,0
dataset1,1088,normal,0,0,full_minus_planned,0.11473337085641624,0
dataset1,1089,normal,0,0,full_minus_planned,0.11598264667487963,0
dataset1,1090,safe_node_hold,1,0,full_minus_planned,0.14916372263346905,0
dataset1,1091,normal,0,0,full_minus_planned,0.19128721660293563,0
dataset1,1092,resume,0,0,full_minus_planned,0.5566932791986253,1
dataset1,1093,normal,0,1,full_minus_planned,0.5427341462615868,1
dataset1,1094,fallback_hold,1,1,full_minus_planned,0.5535215910169641,1
dataset1,1095,normal,0,1,full_minus_planned,0.5531312894570317,1
dataset1,1096,fallback_hold,1,1,full_minus_planned,0.5504210795109244,1
dataset1,1097,preentry_block,1,1,full_minus_planned,0.5679356244824644,1
dataset1,1098,normal,0,1,full_minus_planned,0.5734485188551194,1
dataset1,1099,fallback_hold,1,0,full_minus_planned,0.6093802740122097,1
dataset1,1100,normal,0,0,full_minus_planned,0.6066430426333683,1
dataset1,1101,fallback_hold,1,0,full_minus_planned,0.6069078491840098,1
dataset1,1102,normal,0,0,full_minus_planned,0.6070644057530555,1
dataset1,1103,fallback_hold,1,0,full_minus_planned,0.6070644057530555,1
dataset1,1104,fallback_hold,1,0,full_minus_planned,0.5167570983998376,1
dataset1,1105,normal,0,0,full_minus_planned,0.5171922266767897,1
dataset1,1106,preentry_block,1,0,full_minus_planned,0.5122509865218328,1
dataset1,1107,normal,0,0,full_minus_planned,0.47300201134937714,0
dataset1,1108,preentry_block,1,0,full_minus_planned,0.4602190501663965,0
dataset1,1109,normal,0,1,full_minus_planned,0.43619824170611293,0
dataset1,1110,fallback_hold,1,1,full_minus_planned,0.3999113187384008,0
dataset1,1111,normal,0,1,full_minus_planned,0.3898616827513889,0
dataset1,1112,resume,0,0,full_minus_planned,0.3814014826626673,0
dataset1,1113,normal,0,0,full_minus_planned,0.3884086252471348,0
dataset1,1114,resume,0,0,full_minus_planned,0.38501382135649326,0
dataset1,1115,resume,0,0,full_minus_planned,0.3353020247531264,0
dataset1,1116,normal,0,0,full_minus_planned,0.3473860235720188,0
dataset1,1117,resume,0,0,full_minus_planned,0.4505723734839062,0
dataset1,1118,normal,0,1,full_minus_planned,0.3946132399821689,0
dataset1,1119,preentry_block,1,1,full_minus_planned,0.43144616066251146,0
dataset1,1120,normal,0,1,full_minus_planned,0.47611267712078914,0
dataset1,1121,fallback_hold,1,0,full_minus_planned,0.5282804618334699,1
dataset1,1122,normal,0,0,full_minus_planned,0.4850230229890472,0
dataset1,1123,fallback_hold,1,1,full_minus_planned,0.5638750028964724,1
dataset1,1124,normal,0,1,full_minus_planned,0.5423528757862491,1
dataset1,1125,fallback_hold,1,1,full_minus_planned,0.5109868582145003,1
dataset1,1126,normal,0,0,full_minus_planned,0.5267580960420594,1
dataset1,1127,normal,0,0,full_minus_planned,0.5420033433721593,1
dataset1,1128,fallback_hold,1,1,full_minus_planned,0.573078328862357,1
dataset1,1129,preentry_block,1,1,full_minus_planned,0.47305563206881657,0
dataset1,1130,normal,0,1,full_minus_planned,0.4500571275178929,0
dataset1,1131,resume,0,1,full_minus_planned,0.7407650645680423,1
dataset1,1132,conflict_risk,1,1,full_minus_planned,0.7500687714545695,1
dataset1,1133,fallback_hold,1,0,full_minus_planned,0.7653914168923204,1
dataset1,1134,conflict_risk,1,1,full_minus_planned,0.7702920296534846,1
dataset1,1135,fallback_hold,1,0,full_minus_planned,0.7643457193518871,1
dataset1,1136,conflict_risk,1,1,full_minus_planned,0.7683525370818018,1
dataset1,1137,fallback_hold,1,0,full_minus_planned,0.7777997925976359,1
dataset1,1138,fallback_hold,1,0,full_minus_planned,0.7595817145830532,1
dataset1,1139,conflict_risk,1,0,full_minus_planned,0.7473470343978199,1
dataset1,1140,preentry_block,1,0,full_minus_planned,0.77773273156899,1
dataset1,1141,conflict_risk,1,0,full_minus_planned,0.7770675428355652,1
dataset1,1142,fallback_hold,1,0,full_minus_planned,0.7774827652323795,1
dataset1,1143,conflict_risk,1,0,full_minus_planned,0.7770036441769662,1
dataset1,1144,fallback_hold,1,0,full_minus_planned,0.7785165502455343,1
dataset1,1145,conflict_risk,1,0,full_minus_planned,0.7667053632902489,1
dataset1,1146,fallback_hold,1,0,full_minus_planned,0.8087121064388251,1
dataset1,1147,conflict_risk,1,0,full_minus_planned,0.7989121394355813,1
dataset1,1148,fallback_hold,1,1,full_minus_planned,0.7885259270332183,1
dataset1,1149,conflict_risk,1,0,full_minus_planned,0.7347230289755473,1
dataset1,1150,preentry_block,1,1,full_minus_planned,0.7228405157923878,1
dataset1,1151,conflict_risk,1,0,full_minus_planned,0.6666760859552487,1
dataset1,1152,safe_node_hold,1,0,full_minus_planned,0.6816076961791951,1
dataset1,1153,normal,0,0,full_minus_planned,0.7004264979703319,1
dataset1,1154,safe_node_hold,1,0,full_minus_planned,0.6976477610796307,1
dataset1,1155,normal,0,0,full_minus_planned,0.6882609272159633,1
dataset1,1156,safe_node_hold,1,1,full_minus_planned,0.7017403445049989,1
dataset1,1157,normal,0,0,full_minus_planned,0.7220398064706954,1
dataset1,1158,safe_node_hold,1,0,full_minus_planned,0.7251783705525717,1
dataset1,1159,normal,0,1,full_minus_planned,0.7482016043970291,1
dataset1,1160,normal,0,0,full_minus_planned,0.7524952706396081,1
dataset1,1161,normal,0,1,full_minus_planned,0.8133026905648136,1
dataset1,1162,resume,0,0,full_minus_planned,0.6609683744479469,1
dataset1,1163,normal,0,1,full_minus_planned,0.36891833466307355,0
dataset1,1164,normal,0,0,full_minus_planned,0.1835465896396484,0
dataset1,1165,normal,0,1,full_minus_planned,0.12052918294688031,0
dataset1,1166,normal,0,0,full_minus_planned,0.17361188271492628,0
dataset1,1167,safe_node_hold,1,0,full_minus_planned,0.16136375211805767,0
dataset1,1168,normal,0,0,full_minus_planned,0.18794991378386758,0
dataset1,1169,normal,0,0,full_minus_planned,0.20002206416914872,0
dataset1,1170,normal,0,0,full_minus_planned,0.19681789123104904,0
dataset1,1171,safe_node_hold,1,0,full_minus_planned,0.20241969612005506,0
dataset1,1172,normal,0,0,full_minus_planned,0.12681080322148416,0
dataset1,1173,normal,0,0,full_minus_planned,0.10188546835967353,0
dataset1,1174,normal,0,0,full_minus_planned,0.1183242478123741,0
dataset1,1175,normal,0,0,full_minus_planned,0.11447019327400564,0
dataset1,1176,normal,0,1,full_minus_planned,0.11709903999427454,0
dataset1,1177,normal,0,0,full_minus_planned,0.05325619545634457,0
dataset1,1178,normal,0,1,full_minus_planned,0.11968453179216035,0
dataset1,1179,normal,0,0,full_minus_planned,0.1903537980245886,0
dataset1,1180,normal,0,0,full_minus_planned,0.22640146792415577,0
dataset1,1181,normal,0,0,full_minus_planned,0.2509798157333823,0
dataset1,1182,normal,0,0,full_minus_planned,0.2156434672040008,0
dataset1,1183,normal,0,0,full_minus_planned,0.204310282777089,0
dataset1,1184,normal,0,0,full_minus_planned,0.2144904351382123,0
dataset1,1185,normal,0,0,full_minus_planned,0.2590390839837532,0
dataset1,1186,normal,0,0,full_minus_planned,0.3760023783578383,0
dataset1,1187,normal,0,0,full_minus_planned,0.42419480934334786,0
dataset1,1188,normal,0,1,full_minus_planned,0.47942467105698405,0
dataset1,1189,normal,0,0,full_minus_planned,0.24088734595646685,0
dataset1,1190,normal,0,1,full_minus_planned,0.26995294396584474,0
dataset1,1191,normal,0,0,full_minus_planned,0.24769493536210493,0
dataset1,1192,normal,0,0,full_minus_planned,0.33430649421130115,0
dataset1,1193,operator_stop,1,0,full_minus_planned,0.31314821504411616,0
dataset1,1194,operator_stop,1,0,full_minus_planned,0.4651849935088476,0
dataset1,1195,operator_stop,1,0,full_minus_planned,0.4869843655690477,0
dataset1,1196,operator_stop,1,0,full_minus_planned,0.5211161196156763,1
dataset1,1197,operator_stop,1,0,full_minus_planned,0.5183782148907723,1
dataset1,1198,operator_stop,1,0,full_minus_planned,0.5207419254605486,1
dataset1,1199,operator_stop,1,0,full_minus_planned,0.5508221808658859,1
dataset1,1200,operator_stop,1,0,full_minus_planned,0.5677006700392818,1
dataset1,1201,operator_stop,1,1,full_minus_planned,0.5870726676218299,1
dataset1,1202,operator_stop,1,0,full_minus_planned,0.5368391525409227,1
dataset1,1203,operator_stop,1,1,full_minus_planned,0.5080171982160445,1
dataset1,1204,normal,0,0,full_minus_planned,0.20301332653586032,0
dataset1,1205,normal,0,0,full_minus_planned,0.24542263345395934,0
dataset1,1206,normal,0,0,full_minus_planned,0.2467270719171362,0
dataset1,1207,normal,0,0,full_minus_planned,0.3440219800502863,0
dataset1,1208,normal,0,0,full_minus_planned,0.3221546742524324,0
dataset1,1209,normal,0,0,full_minus_planned,0.35871426277405294,0
dataset1,1210,normal,0,0,full_minus_planned,0.39397563748647974,0
dataset1,1211,normal,0,0,full_minus_planned,0.3144025216276916,0
dataset1,1212,normal,0,1,full_minus_planned,0.41685491448283724,0
dataset1,1213,normal,0,0,full_minus_planned,0.3410396416781601,0
dataset1,1214,normal,0,1,full_minus_planned,0.2827862924880136,0
dataset1,1215,normal,0,0,full_minus_planned,0.19970657417971416,0
dataset1,1216,normal,0,1,full_minus_planned,0.1607212395051705,0
dataset1,1217,normal,0,0,full_minus_planned,0.1662492448257914,0
dataset1,1218,normal,0,0,full_minus_planned,0.2920777867952515,0
dataset1,1219,normal,0,0,full_minus_planned,0.07169508716641255,0
dataset1,1220,resume,0,0,full_minus_planned,0.3804657431974993,0
dataset1,1221,normal,0,0,full_minus_planned,0.36466031309517577,0
dataset1,1222,normal,0,0,full_minus_planned,0.38281978477127654,0
dataset1,1223,preentry_block,1,0,full_minus_planned,0.38611764530621967,0
dataset1,1224,resume,0,0,full_minus_planned,0.32390829472109706,0
dataset1,1225,normal,0,0,full_minus_planned,0.3409389962570661,0
dataset1,1226,resume,0,1,full_minus_planned,0.33310171184002185,0
dataset1,1227,normal,0,0,full_minus_planned,0.17900219006104987,0
dataset1,1228,normal,0,0,full_minus_planned,0.19925235018631704,0
dataset1,1229,normal,0,0,full_minus_planned,0.2789067306732997,0
dataset1,1230,normal,0,0,full_minus_planned,0.2798705981574235,0
dataset1,1231,normal,0,0,full_minus_planned,0.4106104741282325,0
dataset1,1232,normal,0,0,full_minus_planned,0.38249387818426756,0
dataset1,1233,normal,0,1,full_minus_planned,0.3911378994093594,0
dataset1,1234,normal,0,0,full_minus_planned,0.3958249807741549,0
dataset1,1235,normal,0,1,full_minus_planned,0.3835848316743555,0
dataset1,1236,normal,0,0,full_minus_planned,0.3893027934069679,0
dataset1,1237,normal,0,0,full_minus_planned,0.3558444063756506,0
dataset1,1238,normal,0,0,full_minus_planned,0.41211354081329216,0
dataset1,1239,normal,0,0,full_minus_planned,0.4200438912452292,0
dataset1,1240,normal,0,1,full_minus_planned,0.4116052013083392,0
dataset1,1241,normal,0,0,full_minus_planned,0.4126149842630053,0
dataset1,1242,normal,0,0,full_minus_planned,0.41555777032885,0
dataset1,1243,normal,0,0,full_minus_planned,0.4172488812689033,0
dataset1,1244,normal,0,0,full_minus_planned,0.4193972533703741,0
dataset1,1245,normal,0,1,full_minus_planned,0.4187572258150072,0
dataset1,1246,normal,0,0,full_minus_planned,0.4651957514997867,0
dataset1,1247,normal,0,1,full_minus_planned,0.4185383948248422,0
dataset1,1248,normal,0,0,full_minus_planned,0.4017859545721909,0
dataset1,1249,normal,0,0,full_minus_planned,0.40047302240692934,0
dataset1,1250,normal,0,0,full_minus_planned,0.7678177079172547,1
dataset1,1251,normal,0,0,full_minus_planned,0.7840864737364562,1
dataset1,1252,normal,0,0,full_minus_planned,0.7772329970302565,1
dataset1,1253,normal,0,0,full_minus_planned,0.779202111462545,1
dataset1,1254,normal,0,0,full_minus_planned,0.794288524554435,1
dataset1,1255,normal,0,0,full_minus_planned,0.8011340025906105,1
dataset1,1256,normal,0,0,full_minus_planned,0.801117068938112,1
dataset1,1257,normal,0,0,full_minus_planned,0.8010586759474692,1
dataset1,1258,normal,0,0,full_minus_planned,0.800118901940597,1
dataset1,1259,normal,0,0,full_minus_planned,0.7977071589378274,1
dataset1,1260,fallback_hold,1,0,full_minus_planned,0.7995999131984671,1
dataset1,1261,conflict_risk,1,0,full_minus_planned,0.7849960702951875,1
dataset1,1262,fallback_hold,1,0,full_minus_planned,0.7484789575502737,1
dataset1,1263,normal,0,0,full_minus_planned,0.7239758668202335,1
dataset1,1264,normal,0,0,full_minus_planned,0.693884520936098,1
dataset1,1265,normal,0,0,full_minus_planned,0.6610603383124103,1
dataset1,1266,normal,0,0,full_minus_planned,0.6573746224733857,1
dataset1,1267,normal,0,0,full_minus_planned,0.6501718962998165,1
dataset1,1268,normal,0,0,full_minus_planned,0.6464890150622552,1
dataset1,1269,normal,0,0,full_minus_planned,0.6397881001112377,1
dataset1,1270,normal,0,0,full_minus_planned,0.6758441575811829,1
dataset1,1271,fallback_hold,1,0,full_minus_planned,0.47289128052929685,0
dataset1,1272,fallback_hold,1,0,full_minus_planned,0.4928222814208268,0
dataset1,1273,normal,0,0,full_minus_planned,0.5013704235863014,1
dataset1,1274,safe_node_hold,1,0,full_minus_planned,0.49610184292580317,0
dataset1,1275,normal,0,0,full_minus_planned,0.3762406512093758,0
dataset1,1276,safe_node_hold,1,0,full_minus_planned,0.41642749323842626,0
dataset1,1277,normal,0,0,full_minus_planned,0.40064742196632536,0
dataset1,1278,safe_node_hold,1,0,full_minus_planned,0.37490006894262384,0
dataset1,1279,safe_node_hold,1,0,full_minus_planned,0.31299588487197155,0
dataset1,1280,normal,0,0,full_minus_planned,0.3989850693578559,0
dataset1,1281,normal,0,0,full_minus_planned,0.40850550016590437,0
dataset1,1282,normal,0,0,full_minus_planned,0.4249464897760196,0
dataset1,1283,safe_node_hold,1,0,full_minus_planned,0.4275477216143852,0
dataset1,1284,safe_node_hold,1,0,full_minus_planned,0.4530498632962673,0
dataset1,1285,normal,0,0,full_minus_planned,0.4072068576840073,0
dataset1,1286,safe_node_hold,1,0,full_minus_planned,0.5251887997199217,1
dataset1,1287,normal,0,0,full_minus_planned,0.5247755314137234,1
dataset1,1288,safe_node_hold,1,0,full_minus_planned,0.5270243343168445,1
dataset1,1289,safe_node_hold,1,0,full_minus_planned,0.5502609314626631,1
dataset1,1290,normal,0,0,full_minus_planned,0.5526559820339115,1
dataset1,1291,safe_node_hold,1,0,full_minus_planned,0.5597317365014782,1
dataset1,1292,normal,0,0,full_minus_planned,0.5541732017059512,1
dataset1,1293,fallback_hold,1,0,full_minus_planned,0.5554824985564236,1
dataset1,1294,fallback_hold,1,0,full_minus_planned,0.7285758647856813,1
dataset1,1295,conflict_risk,1,0,full_minus_planned,0.7222627331593902,1
dataset1,1296,fallback_hold,1,0,full_minus_planned,0.7305881993973458,1
dataset1,1297,conflict_risk,1,0,full_minus_planned,0.7348434560064392,1
dataset1,1298,fallback_hold,1,0,full_minus_planned,0.7414446623617781,1
dataset1,1299,fallback_hold,1,0,full_minus_planned,0.7684028446447038,1
dataset1,1300,conflict_risk,1,0,full_minus_planned,0.7745948094864314,1
dataset1,1301,fallback_hold,1,0,full_minus_planned,0.7796322428805089,1
dataset1,1302,conflict_risk,1,0,full_minus_planned,0.7977705495487694,1
dataset1,1303,fallback_hold,1,0,full_minus_planned,0.8056132220767033,1
dataset1,1304,fallback_hold,1,0,full_minus_planned,0.7417431615894915,1
dataset1,1305,conflict_risk,1,0,full_minus_planned,0.7274796257726769,1
dataset1,1306,fallback_hold,1,0,full_minus_planned,0.7094812982710095,1
dataset1,1307,conflict_risk,1,0,full_minus_planned,0.7168084705733822,1
dataset1,1308,fallback_hold,1,0,full_minus_planned,0.7128657592171126,1
dataset1,1309,conflict_risk,1,0,full_minus_planned,0.7076087325204828,1
dataset1,1310,fallback_hold,1,0,full_minus_planned,0.6981681376748411,1
dataset1,1311,safe_node_hold,1,0,full_minus_planned,0.667130424975478,1
dataset1,1312,conflict_risk,1,0,full_minus_planned,0.6275926322958302,1
dataset1,1313,safe_node_hold,1,0,full_minus_planned,0.6652680226338278,1
dataset1,1314,conflict_risk,1,0,full_minus_planned,0.6415576071395028,1
dataset1,1315,safe_node_hold,1,0,full_minus_planned,0.624581844611022,1
dataset1,1316,conflict_risk,1,0,full_minus_planned,0.6817752452476776,1
dataset1,1317,resume,0,0,full_minus_planned,0.4368625662521446,0
dataset1,1318,normal,0,0,full_minus_planned,0.21830711096702352,0
dataset1,1319,normal,0,0,full_minus_planned,0.06145750735687222,0
dataset1,1320,normal,0,0,full_minus_planned,0.046859067432913154,0
dataset1,1321,normal,0,0,full_minus_planned,0.0651220730165473,0
dataset1,1322,normal,0,0,full_minus_planned,0.06991002141805815,0
dataset1,1323,normal,0,0,full_minus_planned,0.08551308898799413,0
dataset1,1324,normal,0,0,full_minus_planned,0.08146237849586403,0
dataset1,1325,normal,0,0,full_minus_planned,0.07578962966881983,0
dataset1,1326,normal,0,0,full_minus_planned,0.0801041250384395,0
dataset1,1327,normal,0,0,full_minus_planned,0.07512970112012972,0
dataset1,1328,normal,0,0,full_minus_planned,0.04226124605942725,0
dataset1,1329,normal,0,0,full_minus_planned,0.03821546121882209,0
dataset1,1330,normal,0,0,full_minus_planned,0.021478830451454958,0
dataset1,1331,normal,0,0,full_minus_planned,0.026061436501381822,0
dataset1,1332,normal,0,0,full_minus_planned,0.020047442286454668,0
dataset1,1333,normal,0,0,full_minus_planned,0.01900923024007741,0
dataset1,1334,normal,0,0,full_minus_planned,0.00999233768826383,0
dataset1,1335,normal,0,0,full_minus_planned,0.011202309560112603,0
dataset1,1336,normal,0,0,full_minus_planned,0.005224085395132808,0
dataset1,1337,normal,0,0,full_minus_planned,0.005224085395132808,0
dataset1,1338,normal,0,0,full_minus_planned,0.005224085395132808,0
dataset1,1339,normal,0,0,full_minus_planned,0.015886424741177723,0
dataset1,1340,normal,0,0,full_minus_planned,0.01448979676419661,0
dataset1,1341,normal,0,0,full_minus_planned,0.01136830931363215,0
dataset1,1342,normal,0,0,full_minus_planned,0.009973994068154112,0
dataset1,1343,normal,0,0,full_minus_planned,0.009973994068154112,0
dataset2,0,normal,0,0,full_corrected_21,0.04426799033181157,0
dataset2,1,normal,0,0,full_corrected_21,0.04426799033181157,0
dataset2,2,normal,0,0,full_corrected_21,0.04426799033181157,0
dataset2,3,normal,0,0,full_corrected_21,0.04426799033181157,0
dataset2,4,normal,0,0,full_corrected_21,0.04426799033181157,0
dataset2,5,normal,0,0,full_corrected_21,0.04426799033181157,0
dataset2,6,normal,0,0,full_corrected_21,0.04426799033181157,0
dataset2,7,normal,0,0,full_corrected_21,0.04426799033181157,0
dataset2,8,normal,0,0,full_corrected_21,0.04426799033181157,0
dataset2,9,normal,0,0,full_corrected_21,0.04426799033181157,0
dataset2,10,normal,0,0,full_corrected_21,0.04426799033181157,0
dataset2,11,normal,0,0,full_corrected_21,0.04426799033181157,0
dataset2,12,normal,0,0,full_corrected_21,0.04426799033181157,0
dataset2,13,normal,0,0,full_corrected_21,0.04426799033181157,0
dataset2,14,normal,0,0,full_corrected_21,0.04426799033181157,0
dataset2,15,normal,0,0,full_corrected_21,0.04426799033181157,0
dataset2,16,normal,0,0,full_corrected_21,0.04426799033181157,0
dataset2,17,normal,0,0,full_corrected_21,0.04426799033181157,0
dataset2,18,normal,0,0,full_corrected_21,0.04426799033181157,0
dataset2,19,normal,0,0,full_corrected_21,0.04426799033181157,0
dataset2,20,normal,0,0,full_corrected_21,0.04426799033181157,0
dataset2,21,normal,0,0,full_corrected_21,0.04426799033181157,0
dataset2,22,normal,0,0,full_corrected_21,0.04426799033181157,0
dataset2,23,normal,0,0,full_corrected_21,0.04426799033181157,0
dataset2,24,normal,0,0,full_corrected_21,0.04426799033181157,0
dataset2,25,normal,0,0,full_corrected_21,0.04426799033181157,0
dataset2,26,normal,0,0,full_corrected_21,0.04426799033181157,0
dataset2,27,normal,0,0,full_corrected_21,0.04426799033181157,0
dataset2,28,normal,0,0,full_corrected_21,0.04426799033181157,0
dataset2,29,normal,0,0,full_corrected_21,0.04426799033181157,0
dataset2,30,normal,0,0,full_corrected_21,0.04426799033181157,0
dataset2,31,normal,0,0,full_corrected_21,0.04426799033181157,0
dataset2,32,normal,0,0,full_corrected_21,0.04426799033181157,0
dataset2,33,normal,0,0,full_corrected_21,0.04426799033181157,0
dataset2,34,normal,0,0,full_corrected_21,0.04426799033181157,0
dataset2,35,normal,0,0,full_corrected_21,0.04426799033181157,0
dataset2,36,normal,0,0,full_corrected_21,0.04426799033181157,0
dataset2,37,normal,0,0,full_corrected_21,0.04426799033181157,0
dataset2,38,normal,0,0,full_corrected_21,0.04426799033181157,0
dataset2,39,normal,0,0,full_corrected_21,0.04426799033181157,0
dataset2,40,normal,0,0,full_corrected_21,0.04426799033181157,0
dataset2,41,normal,0,0,full_corrected_21,0.04426799033181157,0
dataset2,42,normal,0,0,full_corrected_21,0.04426799033181157,0
dataset2,43,normal,0,0,full_corrected_21,0.04426799033181157,0
dataset2,44,normal,0,0,full_corrected_21,0.04426799033181157,0
dataset2,45,normal,0,0,full_corrected_21,0.04426799033181157,0
dataset2,46,normal,0,0,full_corrected_21,0.04426799033181157,0
dataset2,47,normal,0,0,full_corrected_21,0.04426799033181157,0
dataset2,48,normal,0,0,full_corrected_21,0.04426799033181157,0
dataset2,49,normal,0,0,full_corrected_21,0.04426799033181157,0
dataset2,50,normal,0,0,full_corrected_21,0.0459952205980423,0
dataset2,51,normal,0,0,full_corrected_21,0.0459952205980423,0
dataset2,52,normal,0,0,full_corrected_21,0.04426799033181157,0
dataset2,53,normal,0,0,full_corrected_21,0.04426799033181157,0
dataset2,54,normal,0,0,full_corrected_21,0.04426799033181157,0
dataset2,55,normal,0,0,full_corrected_21,0.04426799033181157,0
dataset2,56,normal,0,0,full_corrected_21,0.04426799033181157,0
dataset2,57,normal,0,0,full_corrected_21,0.0459952205980423,0
dataset2,58,normal,0,0,full_corrected_21,0.04426799033181157,0
dataset2,59,normal,0,0,full_corrected_21,0.04426799033181157,0
dataset2,60,normal,0,0,full_corrected_21,0.04426799033181157,0
dataset2,61,normal,0,0,full_corrected_21,0.04426799033181157,0
dataset2,62,normal,0,0,full_corrected_21,0.04426799033181157,0
dataset2,63,normal,0,0,full_corrected_21,0.04426799033181157,0
dataset2,64,normal,0,0,full_corrected_21,0.04426799033181157,0
dataset2,65,normal,0,0,full_corrected_21,0.04426799033181157,0
dataset2,66,normal,0,0,full_corrected_21,0.04426799033181157,0
dataset2,67,normal,0,0,full_corrected_21,0.04426799033181157,0
dataset2,68,normal,0,0,full_corrected_21,0.04426799033181157,0
dataset2,69,normal,0,0,full_corrected_21,0.04426799033181157,0
dataset2,70,normal,0,0,full_corrected_21,0.04426799033181157,0
dataset2,71,normal,0,0,full_corrected_21,0.04426799033181157,0
dataset2,72,normal,0,0,full_corrected_21,0.04426799033181157,0
dataset2,73,normal,0,0,full_corrected_21,0.04426799033181157,0
dataset2,74,normal,0,0,full_corrected_21,0.04426799033181157,0
dataset2,75,normal,0,0,full_corrected_21,0.04426799033181157,0
dataset2,76,normal,0,0,full_corrected_21,0.04426799033181157,0
dataset2,77,normal,0,0,full_corrected_21,0.04426799033181157,0
dataset2,78,normal,0,0,full_corrected_21,0.04426799033181157,0
dataset2,79,normal,0,0,full_corrected_21,0.04426799033181157,0
dataset2,80,normal,0,0,full_corrected_21,0.04426799033181157,0
dataset2,81,normal,0,0,full_corrected_21,0.04426799033181157,0
dataset2,82,normal,0,0,full_corrected_21,0.04426799033181157,0
dataset2,83,normal,0,0,full_corrected_21,0.04426799033181157,0
dataset2,84,normal,0,0,full_corrected_21,0.04426799033181157,0
dataset2,85,normal,0,0,full_corrected_21,0.04426799033181157,0
dataset2,86,normal,0,0,full_corrected_21,0.04426799033181157,0
dataset2,87,normal,0,0,full_corrected_21,0.0033948355725673097,0
dataset2,88,normal,0,0,full_corrected_21,0.0003992870448193199,0
dataset2,89,normal,0,1,full_corrected_21,0.0010221605499565946,0
dataset2,90,normal,0,1,full_corrected_21,0.0019057925690724846,0
dataset2,91,normal,0,1,full_corrected_21,0.007789259291320906,0
dataset2,92,normal,0,0,full_corrected_21,0.002749390816187328,0
dataset2,93,normal,0,0,full_corrected_21,0.002749390816187328,0
dataset2,94,normal,0,0,full_corrected_21,0.006367480191685755,0
dataset2,95,normal,0,0,full_corrected_21,0.004247881464772637,0
dataset2,96,normal,0,0,full_corrected_21,0.004859615910943269,0
dataset2,97,normal,0,1,full_corrected_21,0.0068945164149436374,0
dataset2,98,normal,0,1,full_corrected_21,0.00014767106876978635,0
dataset2,99,normal,0,1,full_corrected_21,0.0013733919835858287,0
dataset2,100,normal,0,0,full_corrected_21,0.012261852840089743,0
dataset2,101,normal,0,0,full_corrected_21,0.002674546865973707,0
dataset2,102,normal,0,0,full_corrected_21,0.0017909148468578172,0
dataset2,103,normal,0,1,full_corrected_21,0.000594667321640571,0
dataset2,104,normal,0,1,full_corrected_21,0.003881865597439141,0
dataset2,105,normal,0,1,full_corrected_21,0.000594667321640571,0
dataset2,106,normal,0,0,full_corrected_21,0.00014767106876978635,0
dataset2,107,normal,0,1,full_corrected_21,0.0017997931834384388,0
dataset2,108,normal,0,1,full_corrected_21,0.004599112898401871,0
dataset2,109,normal,0,1,full_corrected_21,0.0013733919835858287,0
dataset2,110,normal,0,0,full_corrected_21,0.002599112898401871,0
dataset2,111,normal,0,0,full_corrected_21,0.0038123584358392983,0
dataset2,112,normal,0,1,full_corrected_21,0.003187539543903366,0
dataset2,113,normal,0,1,full_corrected_21,0.0016676053063365763,0
dataset2,114,normal,0,1,full_corrected_21,0.0016676053063365763,0
dataset2,115,normal,0,1,full_corrected_21,0.00014767106876978635,0
dataset2,116,normal,0,0,full_corrected_21,0.00014767106876978635,0
dataset2,117,normal,0,0,full_corrected_21,0.00014767106876978635,0
dataset2,118,normal,0,0,full_corrected_21,0.00014767106876978635,0
dataset2,119,normal,0,0,full_corrected_21,0.00014767106876978635,0
dataset2,120,normal,0,1,full_corrected_21,0.0045454483358212715,0
dataset2,121,normal,0,1,full_corrected_21,0.002893326221152619,0
dataset2,122,normal,0,1,full_corrected_21,0.0016676053063365763,0
dataset2,123,normal,0,0,full_corrected_21,0.003100622249816562,0
dataset2,124,normal,0,0,full_corrected_21,0.0005651939320417747,0
dataset2,125,normal,0,1,full_corrected_21,0.0016676053063365763,0
dataset2,126,normal,0,1,full_corrected_21,0.0021146015592073608,0
dataset2,127,normal,0,1,full_corrected_21,0.002599112898401871,0
dataset2,128,normal,0,0,full_corrected_21,0.021640862020634245,0
dataset2,129,normal,0,1,full_corrected_21,0.0016676053063365763,0
dataset2,130,normal,0,1,full_corrected_21,0.00014767106876978635,0
dataset2,131,normal,0,1,full_corrected_21,0.005145984097923673,0
dataset2,132,normal,0,0,full_corrected_21,0.0013733919835858287,0
dataset2,133,normal,0,0,full_corrected_21,0.002599112898401871,0
dataset2,134,normal,0,0,full_corrected_21,0.013010304874651886,0
dataset2,135,normal,0,0,full_corrected_21,0.002147671068769786,0
dataset2,136,normal,0,1,full_corrected_21,0.08461467301993736,0
dataset2,137,normal,0,1,full_corrected_21,0.008872717164019349,0
dataset2,138,normal,0,1,full_corrected_21,0.0007705445739070612,0
dataset2,139,normal,0,0,full_corrected_21,0.0007705445739070612,0
dataset2,140,normal,0,0,full_corrected_21,0.0007705445739070612,0
dataset2,141,normal,0,0,full_corrected_21,0.006601666066855362,0
dataset2,142,normal,0,0,full_corrected_21,0.0032219864035391457,0
dataset2,143,normal,0,0,full_corrected_21,0.0062139793057233205,0
dataset2,144,normal,0,1,full_corrected_21,0.00652261339265134,0
dataset2,145,normal,0,1,full_corrected_21,0.0010313030878856763,0
dataset2,146,normal,0,1,full_corrected_21,0.013775776247409485,0
dataset2,147,normal,0,0,full_corrected_21,0.0016676053063365763,0
dataset2,148,normal,0,0,full_corrected_21,0.002893326221152619,0
dataset2,149,normal,0,0,full_corrected_21,0.003990736036557269,0
dataset2,150,normal,0,0,full_corrected_21,0.005467969296008132,0
dataset2,151,normal,0,1,full_corrected_21,0.00789446721972784,0
dataset2,152,normal,0,1,full_corrected_21,0.013678998796380603,0
dataset2,153,normal,0,1,full_corrected_21,0.015926584205620035,0
dataset2,154,normal,0,1,full_corrected_21,0.023315284796676338,0
dataset2,155,normal,0,1,full_corrected_21,0.029893103711846187,0
dataset2,156,normal,0,0,full_corrected_21,0.007929494873254252,0
dataset2,157,normal,0,0,full_corrected_21,0.0051968127721115885,0
dataset2,158,normal,0,0,full_corrected_21,0.007445567807599206,0
dataset2,159,normal,0,0,full_corrected_21,0.014242959836153282,0
dataset2,160,normal,0,0,full_corrected_21,0.02159958515433558,0
dataset2,161,normal,0,0,full_corrected_21,0.01606561947227373,0
dataset2,162,normal,0,0,full_corrected_21,0.017369853485826512,0
dataset2,163,normal,0,0,full_corrected_21,0.022559952264589605,0
dataset2,164,normal,0,0,full_corrected_21,0.016788505682387996,0
dataset2,165,normal,0,1,full_corrected_21,0.03732920414280111,0
dataset2,166,normal,0,1,full_corrected_21,0.032809344290787364,0
dataset2,167,normal,0,1,full_corrected_21,0.031058195765431,0
dataset2,168,normal,0,1,full_corrected_21,0.029671744900482015,0
dataset2,169,normal,0,0,full_corrected_21,0.012152217171424572,0
dataset2,170,normal,0,0,full_corrected_21,0.00783644369203486,0
dataset2,171,normal,0,0,full_corrected_21,0.06244176697686132,0
dataset2,172,normal,0,0,full_corrected_21,0.2718750882065026,0
dataset2,173,normal,0,0,full_corrected_21,0.11076804026623685,0
dataset2,174,normal,0,0,full_corrected_21,0.07666382304834309,0
dataset2,175,normal,0,0,full_corrected_21,0.0875413285620449,0
dataset2,176,normal,0,0,full_corrected_21,0.15536230201573598,0
dataset2,177,normal,0,1,full_corrected_21,0.09404834550521537,0
dataset2,178,normal,0,1,full_corrected_21,0.07902978643617964,0
dataset2,179,normal,0,1,full_corrected_21,0.06437003731424823,0
dataset2,180,normal,0,1,full_corrected_21,0.06017964068185345,0
dataset2,181,normal,0,0,full_corrected_21,0.07581285130157871,0
dataset2,182,normal,0,0,full_corrected_21,0.07948187852608503,0
dataset2,183,normal,0,0,full_corrected_21,0.06515749437459716,0
dataset2,184,normal,0,0,full_corrected_21,0.15163763205983904,0
dataset2,185,operator_stop,1,0,full_corrected_21,0.14635746580329742,0
dataset2,186,operator_stop,1,0,full_corrected_21,0.23403347843766806,0
dataset2,187,operator_stop,1,0,full_corrected_21,0.3872401067714046,0
dataset2,188,operator_stop,1,0,full_corrected_21,0.42283257464565355,0
dataset2,189,operator_stop,1,1,full_corrected_21,0.5959067047431308,1
dataset2,190,operator_stop,1,1,full_corrected_21,0.6716355043674809,1
dataset2,191,operator_stop,1,1,full_corrected_21,0.7120223265196584,1
dataset2,192,operator_stop,1,0,full_corrected_21,0.6400408624563522,1
dataset2,193,operator_stop,1,0,full_corrected_21,0.6764453390527543,1
dataset2,194,operator_stop,1,0,full_corrected_21,0.6390904738118732,1
dataset2,195,operator_stop,1,0,full_corrected_21,0.6515752146987303,1
dataset2,196,operator_stop,1,0,full_corrected_21,0.6751239631504234,1
dataset2,197,normal,0,0,full_corrected_21,0.792489924181607,1
dataset2,198,fallback_hold,1,1,full_corrected_21,0.8324967870252862,1
dataset2,199,normal,0,1,full_corrected_21,0.8356159125609454,1
dataset2,200,fallback_hold,1,1,full_corrected_21,0.8408700058214735,1
dataset2,201,normal,0,1,full_corrected_21,0.8172810448488758,1
dataset2,202,fallback_hold,1,1,full_corrected_21,0.8173243311751832,1
dataset2,203,normal,0,1,full_corrected_21,0.7947035535409489,1
dataset2,204,fallback_hold,1,1,full_corrected_21,0.8163897912181742,1
dataset2,205,normal,0,0,full_corrected_21,0.6023255389042855,1
dataset2,206,fallback_hold,1,0,full_corrected_21,0.620056460248498,1
dataset2,207,normal,0,0,full_corrected_21,0.6517257171480085,1
dataset2,208,fallback_hold,1,0,full_corrected_21,0.6768945264921169,1
dataset2,209,normal,0,0,full_corrected_21,0.6595444685213468,1
dataset2,210,fallback_hold,1,0,full_corrected_21,0.639987784166761,1
dataset2,211,normal,0,0,full_corrected_21,0.6533543051068404,1
dataset2,212,fallback_hold,1,0,full_corrected_21,0.6711343051602536,1
dataset2,213,normal,0,0,full_corrected_21,0.8051042923628561,1
dataset2,214,fallback_hold,1,0,full_corrected_21,0.746381867762059,1
dataset2,215,normal,0,1,full_corrected_21,0.8726720863272571,1
dataset2,216,fallback_hold,1,1,full_corrected_21,0.8504350368217559,1
dataset2,217,fallback_hold,1,1,full_corrected_21,0.7131899371606952,1
dataset2,218,normal,0,0,full_corrected_21,0.815158679763287,1
dataset2,219,fallback_hold,1,0,full_corrected_21,0.8030401634939469,1
dataset2,220,normal,0,0,full_corrected_21,0.8044193896212387,1
dataset2,221,fallback_hold,1,0,full_corrected_21,0.808365534948459,1
dataset2,222,normal,0,1,full_corrected_21,0.8442811928853943,1
dataset2,223,fallback_hold,1,1,full_corrected_21,0.791517084909956,1
dataset2,224,normal,0,1,full_corrected_21,0.7021018536820552,1
dataset2,225,fallback_hold,1,0,full_corrected_21,0.7799508401260971,1
dataset2,226,fallback_hold,1,0,full_corrected_21,0.6754929642189439,1
dataset2,227,normal,0,1,full_corrected_21,0.8280704650956197,1
dataset2,228,fallback_hold,1,1,full_corrected_21,0.7838580159443954,1
dataset2,229,normal,0,1,full_corrected_21,0.6016473907438695,1
dataset2,230,fallback_hold,1,0,full_corrected_21,0.7510423493876087,1
dataset2,231,conflict_risk,1,1,full_corrected_21,0.941295231919795,1
dataset2,232,deadlock,1,1,full_corrected_21,0.9825660904336532,1
dataset2,233,deadlock,1,1,full_corrected_21,0.9879272249547261,1
dataset2,234,deadlock,1,1,full_corrected_21,0.9925305465651765,1
dataset2,235,deadlock,1,0,full_corrected_21,0.9962472892395767,1
dataset2,236,deadlock,1,0,full_corrected_21,0.9956189086809573,1
dataset2,237,deadlock,1,0,full_corrected_21,0.9808252831366556,1
dataset2,238,deadlock,1,0,full_corrected_21,0.9908548567976416,1
dataset2,239,deadlock,1,0,full_corrected_21,0.9830764160714676,1
dataset2,240,deadlock,1,1,full_corrected_21,0.845134473306786,1
dataset2,241,deadlock,1,1,full_corrected_21,0.8685558286175307,1
dataset2,242,deadlock,1,1,full_corrected_21,0.8661408386201704,1
dataset2,243,deadlock,1,0,full_corrected_21,0.8602380185286451,1
dataset2,244,deadlock,1,0,full_corrected_21,0.8611312709222155,1
dataset2,245,deadlock,1,0,full_corrected_21,0.8495387478810073,1
dataset2,246,deadlock,1,1,full_corrected_21,0.856981617451248,1
dataset2,247,deadlock,1,1,full_corrected_21,0.8755622065618399,1
dataset2,248,deadlock,1,1,full_corrected_21,0.8670360389090876,1
dataset2,249,deadlock,1,1,full_corrected_21,0.8841205073793726,1
dataset2,250,deadlock,1,1,full_corrected_21,0.8856125512375241,1
dataset2,251,deadlock,1,1,full_corrected_21,0.8738598656308212,1
dataset2,252,deadlock,1,0,full_corrected_21,0.8755652407387164,1
dataset2,253,deadlock,1,0,full_corrected_21,0.8735932794901357,1
dataset2,254,deadlock,1,1,full_corrected_21,0.8723719944680727,1
dataset2,255,deadlock,1,1,full_corrected_21,0.8612790393539795,1
dataset2,256,deadlock,1,1,full_corrected_21,0.8565663537200437,1
dataset2,257,deadlock,1,0,full_corrected_21,0.8529147607839322,1
dataset2,258,deadlock,1,0,full_corrected_21,0.8529147607839322,1
dataset2,259,deadlock,1,0,full_corrected_21,0.8793934752186047,1
dataset2,260,deadlock,1,0,full_corrected_21,0.8795123072462778,1
dataset2,261,deadlock,1,0,full_corrected_21,0.8764286888752246,1
dataset2,262,deadlock,1,0,full_corrected_21,0.8772029679604086,1
dataset2,263,deadlock,1,0,full_corrected_21,0.8772029679604086,1
dataset2,264,deadlock,1,0,full_corrected_21,0.8795123072462778,1
dataset2,265,deadlock,1,0,full_corrected_21,0.8795123072462778,1
dataset2,266,deadlock,1,0,full_corrected_21,0.8795123072462778,1
dataset2,267,deadlock,1,0,full_corrected_21,0.8795123072462778,1
dataset2,268,deadlock,1,0,full_corrected_21,0.8795123072462778,1
dataset2,269,deadlock,1,0,full_corrected_21,0.8795123072462778,1
dataset2,270,deadlock,1,0,full_corrected_21,0.8795123072462778,1
dataset2,271,deadlock,1,0,full_corrected_21,0.8795123072462778,1
dataset2,272,deadlock,1,0,full_corrected_21,0.8795123072462778,1
dataset2,273,deadlock,1,0,full_corrected_21,0.8795123072462778,1
dataset2,274,deadlock,1,0,full_corrected_21,0.8795123072462778,1
dataset2,275,fallback_hold,1,0,full_corrected_21,0.8795123072462778,1
dataset2,276,conflict_risk,1,0,full_corrected_21,0.8786191961334207,1
dataset2,277,fallback_hold,1,0,full_corrected_21,0.8764286888752246,1
dataset2,278,conflict_risk,1,0,full_corrected_21,0.8772029679604086,1
dataset2,279,fallback_hold,1,0,full_corrected_21,0.8793934752186047,1
dataset2,280,fallback_hold,1,0,full_corrected_21,0.8793934752186047,1
dataset2,281,conflict_risk,1,0,full_corrected_21,0.8740178743750572,1
dataset2,282,fallback_hold,1,0,full_corrected_21,0.869033169381162,1
dataset2,283,conflict_risk,1,0,full_corrected_21,0.8490446415625694,1
dataset2,284,fallback_hold,1,0,full_corrected_21,0.8355152342371291,1
dataset2,285,conflict_risk,1,0,full_corrected_21,0.8553473204905814,1
dataset2,286,safe_node_hold,1,0,full_corrected_21,0.8904819379720393,1
dataset2,287,safe_node_hold,1,0,full_corrected_21,0.888555929503756,1
dataset2,288,normal,0,0,full_corrected_21,0.9167744416277359,1
dataset2,289,safe_node_hold,1,0,full_corrected_21,0.9175792650342838,1
dataset2,290,normal,0,0,full_corrected_21,0.8944163595703944,1
dataset2,291,safe_node_hold,1,0,full_corrected_21,0.7009447966296086,1
dataset2,292,safe_node_hold,1,0,full_corrected_21,0.6379939570191497,1
dataset2,293,normal,0,0,full_corrected_21,0.6000431285305738,1
dataset2,294,safe_node_hold,1,0,full_corrected_21,0.6033443495171944,1
dataset2,295,normal,0,0,full_corrected_21,0.5759942834893854,1
dataset2,296,safe_node_hold,1,0,full_corrected_21,0.5446335522081747,1
dataset2,297,normal,0,0,full_corrected_21,0.4275609344108085,0
dataset2,298,resume,0,0,full_corrected_21,0.3571151572774743,0
dataset2,299,normal,0,1,full_corrected_21,0.23930948055220183,0
dataset2,300,safe_node_hold,1,1,full_corrected_21,0.19366125377520785,0
dataset2,301,normal,0,1,full_corrected_21,0.24693709286924467,0
dataset2,302,safe_node_hold,1,1,full_corrected_21,0.526408479737479,1
dataset2,303,safe_node_hold,1,0,full_corrected_21,0.466358434867707,0
dataset2,304,normal,0,0,full_corrected_21,0.45983660337366755,0
dataset2,305,safe_node_hold,1,0,full_corrected_21,0.4653346703991574,0
dataset2,306,normal,0,0,full_corrected_21,0.47736341505733604,0
dataset2,307,safe_node_hold,1,0,full_corrected_21,0.3804310223986036,0
dataset2,308,safe_node_hold,1,0,full_corrected_21,0.41309662188461804,0
dataset2,309,normal,0,1,full_corrected_21,0.6181175614587467,1
dataset2,310,safe_node_hold,1,1,full_corrected_21,0.6514006825764479,1
dataset2,311,normal,0,1,full_corrected_21,0.6526397739510826,1
dataset2,312,resume,0,0,full_corrected_21,0.5458326753595205,1
dataset2,313,normal,0,0,full_corrected_21,0.26703238824868325,0
dataset2,314,normal,0,1,full_corrected_21,0.3162213720004065,0
dataset2,315,normal,0,1,full_corrected_21,0.25852950957820386,0
dataset2,316,normal,0,1,full_corrected_21,0.2101202139796671,0
dataset2,317,normal,0,0,full_corrected_21,0.1898142035414031,0
dataset2,318,normal,0,0,full_corrected_21,0.1632452680448492,0
dataset2,319,normal,0,1,full_corrected_21,0.20708724745492352,0
dataset2,320,normal,0,1,full_corrected_21,0.10804899131214281,0
dataset2,321,normal,0,1,full_corrected_21,0.1054236672970399,0
dataset2,322,normal,0,0,full_corrected_21,0.1059483466123681,0
dataset2,323,normal,0,1,full_corrected_21,0.08893820647887751,0
dataset2,324,normal,0,1,full_corrected_21,0.09165224695183066,0
dataset2,325,normal,0,1,full_corrected_21,0.1078639525040381,0
dataset2,326,normal,0,1,full_corrected_21,0.10849260198660225,0
dataset2,327,normal,0,1,full_corrected_21,0.08527103452697563,0
dataset2,328,normal,0,1,full_corrected_21,0.09201960841779733,0
dataset2,329,normal,0,1,full_corrected_21,0.08041949109584189,0
dataset2,330,normal,0,1,full_corrected_21,0.09367894806225095,0
dataset2,331,normal,0,0,full_corrected_21,0.09791804349742424,0
dataset2,332,normal,0,0,full_corrected_21,0.07259832238717925,0
dataset2,333,normal,0,0,full_corrected_21,0.061775196464431,0
dataset2,334,normal,0,0,full_corrected_21,0.05260350406241752,0
dataset2,335,normal,0,0,full_corrected_21,0.03818786650940622,0
dataset2,336,normal,0,0,full_corrected_21,0.049720995805079014,0
dataset2,337,normal,0,0,full_corrected_21,0.04063464311118449,0
dataset2,338,normal,0,0,full_corrected_21,0.031032859257558363,0
dataset2,339,normal,0,0,full_corrected_21,0.04101708104820377,0
dataset2,340,normal,0,0,full_corrected_21,0.036088053809960906,0
dataset2,341,normal,0,1,full_corrected_21,0.04440500913366203,0
dataset2,342,normal,0,1,full_corrected_21,0.03835506773518848,0
dataset2,343,normal,0,1,full_corrected_21,0.0530851079183611,0
dataset2,344,normal,0,0,full_corrected_21,0.05027345042587682,0
dataset2,345,normal,0,0,full_corrected_21,0.06518181432911163,0
dataset2,346,normal,0,0,full_corrected_21,0.06555485831299326,0
dataset2,347,normal,0,0,full_corrected_21,0.07446882702443286,0
dataset2,348,normal,0,0,full_corrected_21,0.06801125626346213,0
dataset2,349,normal,0,0,full_corrected_21,0.07841006361786654,0
dataset2,350,normal,0,1,full_corrected_21,0.06675217767573101,0
dataset2,351,normal,0,1,full_corrected_21,0.06266656157677382,0
dataset2,352,normal,0,1,full_corrected_21,0.11231875343995175,0
dataset2,353,normal,0,0,full_corrected_21,0.11935128640714744,0
dataset2,354,normal,0,0,full_corrected_21,0.08497101655530287,0
dataset2,355,normal,0,1,full_corrected_21,0.07915843065083573,0
dataset2,356,normal,0,1,full_corrected_21,0.06790798966156641,0
dataset2,357,normal,0,1,full_corrected_21,0.05215551719357933,0
dataset2,358,normal,0,0,full_corrected_21,0.024509297130377885,0
dataset2,359,normal,0,0,full_corrected_21,0.00845651168124071,0
dataset2,360,normal,0,1,full_corrected_21,0.015745299913519993,0
dataset2,361,normal,0,1,full_corrected_21,0.008969689096352764,0
dataset2,362,normal,0,1,full_corrected_21,0.002400328945540841,0
dataset2,363,normal,0,1,full_corrected_21,0.011135354192435266,0
dataset2,364,normal,0,0,full_corrected_21,0.009083795449152374,0
dataset2,365,normal,0,0,full_corrected_21,0.004981076076586055,0
dataset2,366,normal,0,1,full_corrected_21,0.004793309094932375,0
dataset2,367,normal,0,0,full_corrected_21,0.008106779865181855,0
dataset2,368,normal,0,1,full_corrected_21,0.0032733748573655855,0
dataset2,369,normal,0,0,full_corrected_21,0.012159492953717745,0
dataset2,370,normal,0,1,full_corrected_21,0.014936385676620902,0
dataset2,371,normal,0,0,full_corrected_21,0.018556110247257018,0
dataset2,372,normal,0,0,full_corrected_21,0.01573850731792026,0
dataset2,373,normal,0,0,full_corrected_21,0.008305097718578494,0
dataset2,374,normal,0,0,full_corrected_21,0.004305097718578494,0
dataset2,375,normal,0,0,full_corrected_21,0.001265229243444915,0
dataset2,376,normal,0,0,full_corrected_21,0.00014767106876978635,0
dataset2,377,normal,0,0,full_corrected_21,0.0033733919835858286,0
dataset2,378,normal,0,0,full_corrected_21,0.002599112898401871,0
dataset2,379,normal,0,0,full_corrected_21,0.006128704743907809,0
dataset2,380,normal,0,0,full_corrected_21,0.002400328945540841,0
dataset2,381,normal,0,0,full_corrected_21,0.0013733919835858287,0
dataset2,382,normal,0,1,full_corrected_21,0.005399424128967853,0
dataset2,383,normal,0,0,full_corrected_21,0.0016676053063365763,0
dataset2,384,normal,0,1,full_corrected_21,0.008390107515716805,0
dataset2,385,normal,0,0,full_corrected_21,0.007373391983585828,0
dataset2,386,normal,0,0,full_corrected_21,0.0033733919835858286,0
dataset2,387,normal,0,0,full_corrected_21,0.007934340228422434,0
dataset2,388,normal,0,0,full_corrected_21,0.004147671068769786,0
dataset2,389,normal,0,0,full_corrected_21,0.004147671068769786,0
dataset2,390,normal,0,1,full_corrected_21,0.010063991219199611,0
dataset2,391,normal,0,0,full_corrected_21,0.013589871157532693,0
dataset2,392,normal,0,0,full_corrected_21,0.05057168947235759,0
dataset2,393,normal,0,1,full_corrected_21,0.08857174925025561,0
dataset2,394,normal,0,0,full_corrected_21,0.16337119691720628,0
dataset2,395,normal,0,1,full_corrected_21,0.09156072769679342,0
dataset2,396,normal,0,0,full_corrected_21,0.08809931068798564,0
dataset2,397,normal,0,1,full_corrected_21,0.14617050208553933,0
dataset2,398,normal,0,0,full_corrected_21,0.17118523147024586,0
dataset2,399,normal,0,1,full_corrected_21,0.05734996066262857,0
dataset2,400,normal,0,0,full_corrected_21,0.10403129063485311,0
dataset2,401,normal,0,0,full_corrected_21,0.13422265701852704,0
dataset2,402,normal,0,0,full_corrected_21,0.18952477367934503,0
dataset2,403,operator_stop,1,0,full_corrected_21,0.19680846891892514,0
dataset2,404,operator_stop,1,0,full_corrected_21,0.30719490116101295,0
dataset2,405,operator_stop,1,0,full_corrected_21,0.34419164598202484,0
dataset2,406,operator_stop,1,0,full_corrected_21,0.34422836860399486,0
dataset2,407,operator_stop,1,0,full_corrected_21,0.39299171960039414,0
dataset2,408,operator_stop,1,0,full_corrected_21,0.4968631852542457,0
dataset2,409,operator_stop,1,0,full_corrected_21,0.5712582102487405,1
dataset2,410,operator_stop,1,1,full_corrected_21,0.764601316466367,1
dataset2,411,operator_stop,1,0,full_corrected_21,0.7806512602360302,1
dataset2,412,operator_stop,1,1,full_corrected_21,0.7286956102284702,1
dataset2,413,operator_stop,1,0,full_corrected_21,0.7108537092683186,1
dataset2,414,normal,0,0,full_corrected_21,0.49585115842555433,0
dataset2,415,normal,0,0,full_corrected_21,0.342940145096078,0
dataset2,416,normal,0,0,full_corrected_21,0.231655724382317,0
dataset2,417,normal,0,0,full_corrected_21,0.18996623600310064,0
dataset2,418,normal,0,0,full_corrected_21,0.13472041873728946,0
dataset2,419,normal,0,0,full_corrected_21,0.15651311501444268,0
dataset2,420,normal,0,0,full_corrected_21,0.16412113230347722,0
dataset2,421,normal,0,0,full_corrected_21,0.179056911537825,0
dataset2,422,normal,0,1,full_corrected_21,0.20549319761105372,0
dataset2,423,normal,0,0,full_corrected_21,0.21854469586507885,0
dataset2,424,normal,0,1,full_corrected_21,0.2905795734042359,0
dataset2,425,normal,0,0,full_corrected_21,0.39501316913603585,0
dataset2,426,normal,0,0,full_corrected_21,0.3648595022664163,0
dataset2,427,normal,0,0,full_corrected_21,0.35795487111434304,0
dataset2,428,normal,0,0,full_corrected_21,0.3537303958608575,0
dataset2,429,normal,0,0,full_corrected_21,0.37622068643952555,0
dataset2,430,normal,0,0,full_corrected_21,0.4396409473594475,0
dataset2,431,normal,0,0,full_corrected_21,0.46435012569412853,0
dataset2,432,normal,0,0,full_corrected_21,0.4782271563165765,0
dataset2,433,normal,0,0,full_corrected_21,0.4927386322448641,0
dataset2,434,normal,0,0,full_corrected_21,0.522423283654369,1
dataset2,435,operator_stop,1,1,full_corrected_21,0.5982828029022815,1
dataset2,436,operator_stop,1,0,full_corrected_21,0.6171724133375764,1
dataset2,437,operator_stop,1,1,full_corrected_21,0.617643802632604,1
dataset2,438,operator_stop,1,0,full_corrected_21,0.6297687121436077,1
dataset2,439,operator_stop,1,0,full_corrected_21,0.6471706857968528,1
dataset2,440,operator_stop,1,0,full_corrected_21,0.667232885118606,1
dataset2,441,operator_stop,1,0,full_corrected_21,0.641718097630093,1
dataset2,442,operator_stop,1,0,full_corrected_21,0.7058120999001811,1
dataset2,443,operator_stop,1,0,full_corrected_21,0.686434100707372,1
dataset2,444,operator_stop,1,0,full_corrected_21,0.7289245744958017,1
dataset2,445,operator_stop,1,0,full_corrected_21,0.7170866563466358,1
dataset2,446,normal,0,1,full_corrected_21,0.42935465121189237,0
dataset2,447,safe_node_hold,1,0,full_corrected_21,0.4470476482063125,0
dataset2,448,conflict_risk,1,1,full_corrected_21,0.5170240557467526,1
dataset2,449,deadlock,1,0,full_corrected_21,0.6522944421525781,1
dataset2,450,deadlock,1,1,full_corrected_21,0.5934440379706167,1
dataset2,451,deadlock,1,0,full_corrected_21,0.8500138427404867,1
dataset2,452,deadlock,1,0,full_corrected_21,0.8455326984458983,1
dataset2,453,deadlock,1,0,full_corrected_21,0.9056479624382177,1
dataset2,454,deadlock,1,0,full_corrected_21,0.910680748012009,1
dataset2,455,deadlock,1,0,full_corrected_21,0.9137063532419808,1
dataset2,456,deadlock,1,0,full_corrected_21,0.9135599873271939,1
dataset2,457,deadlock,1,0,full_corrected_21,0.9135599873271939,1
dataset2,458,deadlock,1,0,full_corrected_21,0.8726884516873464,1
dataset2,459,deadlock,1,0,full_corrected_21,0.8755650802697481,1
dataset2,460,deadlock,1,1,full_corrected_21,0.8775785984831043,1
dataset2,461,deadlock,1,0,full_corrected_21,0.873329330933939,1
dataset2,462,deadlock,1,0,full_corrected_21,0.8734699127906066,1
dataset2,463,deadlock,1,0,full_corrected_21,0.9039113337863953,1
dataset2,464,deadlock,1,0,full_corrected_21,0.9039113337863953,1
dataset2,465,deadlock,1,0,full_corrected_21,0.8703348751620744,1
dataset2,466,deadlock,1,0,full_corrected_21,0.870178718170685,1
dataset2,467,deadlock,1,1,full_corrected_21,0.868672228963296,1
dataset2,468,deadlock,1,0,full_corrected_21,0.8503498232462401,1
dataset2,469,deadlock,1,1,full_corrected_21,0.8412593973376956,1
dataset2,470,deadlock,1,0,full_corrected_21,0.8419749196187823,1
dataset2,471,deadlock,1,0,full_corrected_21,0.8390756330003162,1
dataset2,472,deadlock,1,0,full_corrected_21,0.8390756330003162,1
dataset2,473,deadlock,1,0,full_corrected_21,0.8395556987627494,1
dataset2,474,deadlock,1,1,full_corrected_21,0.8441823558205639,1
dataset2,475,deadlock,1,0,full_corrected_21,0.8419567591564902,1
dataset2,476,deadlock,1,0,full_corrected_21,0.8392039236602876,1
dataset2,477,deadlock,1,0,full_corrected_21,0.8448346282057833,1
dataset2,478,deadlock,1,0,full_corrected_21,0.8485081939094334,1
dataset2,479,deadlock,1,1,full_corrected_21,0.8692670137059831,1
dataset2,480,deadlock,1,0,full_corrected_21,0.8654531664592285,1
dataset2,481,deadlock,1,1,full_corrected_21,0.874849272359065,1
dataset2,482,deadlock,1,0,full_corrected_21,0.8664729479127172,1
dataset2,483,deadlock,1,0,full_corrected_21,0.8664729479127172,1
dataset2,484,deadlock,1,0,full_corrected_21,0.9125630226279902,1
dataset2,485,conflict_risk,1,0,full_corrected_21,0.9125630226279902,1
dataset2,486,fallback_hold,1,0,full_corrected_21,0.9125630226279902,1
dataset2,487,conflict_risk,1,0,full_corrected_21,0.9125630226279902,1
dataset2,488,fallback_hold,1,0,full_corrected_21,0.9125630226279902,1
dataset2,489,fallback_hold,1,0,full_corrected_21,0.9125630226279902,1
dataset2,490,conflict_risk,1,0,full_corrected_21,0.9125630226279902,1
dataset2,491,fallback_hold,1,0,full_corrected_21,0.9125630226279902,1
dataset2,492,conflict_risk,1,0,full_corrected_21,0.9125630226279902,1
dataset2,493,conflict_risk,1,0,full_corrected_21,0.9125630226279902,1
dataset2,494,fallback_hold,1,0,full_corrected_21,0.9125630226279902,1
dataset2,495,conflict_risk,1,0,full_corrected_21,0.9125630226279902,1
dataset2,496,conflict_risk,1,0,full_corrected_21,0.9125630226279902,1
dataset2,497,fallback_hold,1,0,full_corrected_21,0.9125630226279902,1
dataset2,498,conflict_risk,1,0,full_corrected_21,0.9125630226279902,1
dataset2,499,fallback_hold,1,0,full_corrected_21,0.9125630226279902,1
dataset2,500,fallback_hold,1,0,full_corrected_21,0.9125630226279902,1
dataset2,501,conflict_risk,1,0,full_corrected_21,0.9125630226279902,1
dataset2,502,fallback_hold,1,0,full_corrected_21,0.9125630226279902,1
dataset2,503,conflict_risk,1,0,full_corrected_21,0.9125630226279902,1
dataset2,504,deadlock,1,0,full_corrected_21,0.9125630226279902,1
dataset2,505,conflict_risk,1,0,full_corrected_21,0.9125630226279902,1
dataset2,506,fallback_hold,1,0,full_corrected_21,0.9125630226279902,1
dataset2,507,conflict_risk,1,0,full_corrected_21,0.9125630226279902,1
dataset2,508,fallback_hold,1,0,full_corrected_21,0.9125630226279902,1
dataset2,509,conflict_risk,1,0,full_corrected_21,0.9125630226279902,1
dataset2,510,fallback_hold,1,0,full_corrected_21,0.9125630226279902,1
dataset2,511,conflict_risk,1,0,full_corrected_21,0.9114623092464561,1
dataset2,512,fallback_hold,1,0,full_corrected_21,0.9094551289026366,1
dataset2,513,conflict_risk,1,0,full_corrected_21,0.8990909998757939,1
dataset2,514,fallback_hold,1,0,full_corrected_21,0.8867867642465228,1
dataset2,515,conflict_risk,1,0,full_corrected_21,0.8964959927929954,1
dataset2,516,fallback_hold,1,0,full_corrected_21,0.8991049401221386,1
dataset2,517,conflict_risk,1,0,full_corrected_21,0.8958075444575767,1
dataset2,518,fallback_hold,1,0,full_corrected_21,0.8992482458591503,1
dataset2,519,conflict_risk,1,0,full_corrected_21,0.8877913940844183,1
dataset2,520,fallback_hold,1,0,full_corrected_21,0.8750814627488708,1
dataset2,521,conflict_risk,1,0,full_corrected_21,0.8721969206256375,1
dataset2,522,fallback_hold,1,0,full_corrected_21,0.8748851802308529,1
dataset2,523,conflict_risk,1,0,full_corrected_21,0.8561716502279619,1
dataset2,524,fallback_hold,1,0,full_corrected_21,0.8596787380219151,1
dataset2,525,fallback_hold,1,0,full_corrected_21,0.8519413948844977,1
dataset2,526,conflict_risk,1,0,full_corrected_21,0.8681125555732153,1
dataset2,527,resume,0,0,full_corrected_21,0.5650142334035009,1
dataset2,528,normal,0,0,full_corrected_21,0.36200086254114144,0
dataset2,529,normal,0,0,full_corrected_21,0.27713007785343813,0
dataset2,530,normal,0,0,full_corrected_21,0.22360977772927731,0
dataset2,531,normal,0,0,full_corrected_21,0.1680241990061476,0
dataset2,532,normal,0,0,full_corrected_21,0.13398312767953977,0
dataset2,533,normal,0,0,full_corrected_21,0.10138035072700918,0
dataset2,534,normal,0,0,full_corrected_21,0.08970614710539912,0
dataset2,535,normal,0,0,full_corrected_21,0.07492537214255468,0
dataset2,536,normal,0,0,full_corrected_21,0.05068205314635366,0
dataset2,537,normal,0,0,full_corrected_21,0.04050739386054514,0
dataset2,538,normal,0,0,full_corrected_21,0.032890523233484306,0
dataset2,539,normal,0,0,full_corrected_21,0.019122290811012247,0
dataset2,540,normal,0,0,full_corrected_21,0.024074415661142812,0
dataset2,541,normal,0,0,full_corrected_21,0.02220390481772724,0
dataset2,542,normal,0,0,full_corrected_21,0.02560740884162171,0
dataset2,543,normal,0,0,full_corrected_21,0.01340054904359058,0
dataset2,544,normal,0,0,full_corrected_21,0.008023425647689122,0
dataset2,545,normal,0,0,full_corrected_21,0.006633639601034567,0
dataset2,546,normal,0,0,full_corrected_21,0.003534146166006831,0
dataset2,547,normal,0,0,full_corrected_21,0.0052528643564346495,0
dataset2,548,normal,0,0,full_corrected_21,0.0025611557384174256,0
dataset2,549,normal,0,0,full_corrected_21,0.011817572817280336,0
dataset2,550,normal,0,0,full_corrected_21,0.004558274379742113,0
dataset2,551,normal,0,1,full_corrected_21,0.006132567261755819,0
dataset2,552,normal,0,1,full_corrected_21,0.03962669206813468,0
dataset2,553,normal,0,1,full_corrected_21,0.0045619261766339965,0
dataset2,554,normal,0,0,full_corrected_21,0.002035965818831381,0
dataset2,555,normal,0,0,full_corrected_21,0.0035559000563981707,0
dataset2,556,normal,0,0,full_corrected_21,0.0047816209712142135,0
dataset2,557,normal,0,0,full_corrected_21,0.003822080919952371,0
dataset2,558,normal,0,1,full_corrected_21,0.01828532888467113,0
dataset2,559,normal,0,1,full_corrected_21,0.027543317201214012,0
dataset2,560,normal,0,1,full_corrected_21,0.048497251336946504,0
dataset2,561,normal,0,0,full_corrected_21,0.02243258373775882,0
dataset2,562,normal,0,0,full_corrected_21,0.006975797243014102,0
dataset2,563,normal,0,1,full_corrected_21,0.01693159120283367,0
dataset2,564,normal,0,1,full_corrected_21,0.005011805270177625,0
dataset2,565,normal,0,1,full_corrected_21,0.024932234902097377,0
dataset2,566,normal,0,0,full_corrected_21,0.09208211695673306,0
dataset2,567,normal,0,1,full_corrected_21,0.008063091498549418,0
dataset2,568,normal,0,1,full_corrected_21,0.002517255838911284,0
dataset2,569,normal,0,1,full_corrected_21,0.007757786781343193,0
dataset2,570,normal,0,0,full_corrected_21,0.010420654353467708,0
dataset2,571,normal,0,0,full_corrected_21,0.014585860096778265,0
dataset2,572,normal,0,0,full_corrected_21,0.021115893344541278,0
dataset2,573,normal,0,0,full_corrected_21,0.013190529025946262,0
dataset2,574,normal,0,1,full_corrected_21,0.016431629289632172,0
dataset2,575,normal,0,1,full_corrected_21,0.04041108350172213,0
dataset2,576,normal,0,1,full_corrected_21,0.01592622682323273,0
dataset2,577,normal,0,1,full_corrected_21,0.003320767483883739,0
dataset2,578,normal,0,0,full_corrected_21,0.0010681096071126842,0
dataset2,579,normal,0,0,full_corrected_21,0.023140566177107393,0
dataset2,580,normal,0,0,full_corrected_21,0.007622427421177971,0
dataset2,581,normal,0,0,full_corrected_21,0.002594161774321355,0
dataset2,582,normal,0,0,full_corrected_21,0.011693825173152365,0
dataset2,583,normal,0,1,full_corrected_21,0.03107300735197608,0
dataset2,584,normal,0,1,full_corrected_21,0.007865246587026786,0
dataset2,585,normal,0,1,full_corrected_21,0.04624410723188773,0
dataset2,586,normal,0,0,full_corrected_21,0.00029268498979249116,0
dataset2,587,normal,0,0,full_corrected_21,0.0033574299730503004,0
dataset2,588,normal,0,0,full_corrected_21,0.002893326221152619,0
dataset2,589,normal,0,0,full_corrected_21,0.00046965626685424453,0
dataset2,590,normal,0,1,full_corrected_21,0.003688539383769954,0
dataset2,591,normal,0,1,full_corrected_21,0.004990793509236605,0
dataset2,592,normal,0,1,full_corrected_21,0.0021876149624874466,0
dataset2,593,normal,0,1,full_corrected_21,0.006558889159843787,0
dataset2,594,normal,0,1,full_corrected_21,0.008695535214697929,0
dataset2,595,normal,0,0,full_corrected_21,0.0026945422682915893,0
dataset2,596,normal,0,0,full_corrected_21,0.003187539543903366,0
dataset2,597,normal,0,0,full_corrected_21,0.002583268210507096,0
dataset2,598,normal,0,0,full_corrected_21,0.0010633339729403054,0
dataset2,599,normal,0,0,full_corrected_21,0.003993769299778671,0
dataset2,600,normal,0,0,full_corrected_21,0.004933183887058979,0
dataset2,601,normal,0,0,full_corrected_21,0.004080566770332295,0
dataset2,602,normal,0,0,full_corrected_21,0.0016676053063365763,0
dataset2,603,normal,0,0,full_corrected_21,0.004170260189887503,0
dataset2,604,normal,0,1,full_corrected_21,0.06049514658806667,0
dataset2,605,normal,0,1,full_corrected_21,0.17239760353259598,0
dataset2,606,normal,0,1,full_corrected_21,0.03811080607858617,0
dataset2,607,normal,0,1,full_corrected_21,0.0031612289717243332,0
dataset2,608,normal,0,0,full_corrected_21,0.004030247040376558,0
dataset2,609,normal,0,0,full_corrected_21,0.005584377846719709,0
dataset2,610,normal,0,0,full_corrected_21,0.011777285078998044,0
dataset2,611,normal,0,0,full_corrected_21,0.005434325904360519,0
dataset2,612,normal,0,0,full_corrected_21,0.02971330773540255,0
dataset2,613,normal,0,0,full_corrected_21,0.018655030145213043,0
dataset2,614,normal,0,0,full_corrected_21,0.013369901474236123,0
dataset2,615,normal,0,0,full_corrected_21,0.037786231584596826,0
dataset2,616,normal,0,1,full_corrected_21,0.06722768199278821,0
dataset2,617,normal,0,1,full_corrected_21,0.05227006403044045,0
dataset2,618,normal,0,1,full_corrected_21,0.03901565299433565,0
dataset2,619,normal,0,1,full_corrected_21,0.03512132184185201,0
dataset2,620,normal,0,0,full_corrected_21,0.028398757621323524,0
dataset2,621,normal,0,0,full_corrected_21,0.048590453070898904,0
dataset2,622,normal,0,0,full_corrected_21,0.11505128340856544,0
dataset2,623,normal,0,0,full_corrected_21,0.152631402057299,0
dataset2,624,normal,0,0,full_corrected_21,0.1857684512851643,0
dataset2,625,operator_stop,1,0,full_corrected_21,0.2031321561278105,0
dataset2,626,operator_stop,1,0,full_corrected_21,0.2274784833384321,0
dataset2,627,operator_stop,1,0,full_corrected_21,0.28150710160367676,0
dataset2,628,operator_stop,1,1,full_corrected_21,0.4341796554637732,0
dataset2,629,operator_stop,1,1,full_corrected_21,0.5803538044843969,1
dataset2,630,operator_stop,1,1,full_corrected_21,0.6440430396663567,1
dataset2,631,operator_stop,1,0,full_corrected_21,0.6299681292090463,1
dataset2,632,operator_stop,1,0,full_corrected_21,0.6501532745865408,1
dataset2,633,operator_stop,1,0,full_corrected_21,0.6448876874722921,1
dataset2,634,operator_stop,1,0,full_corrected_21,0.6584828522701701,1
dataset2,635,operator_stop,1,0,full_corrected_21,0.6902948006599329,1
dataset2,636,operator_stop,1,0,full_corrected_21,0.6673128845316183,1
dataset2,637,normal,0,1,full_corrected_21,0.5386097423714737,1
dataset2,638,normal,0,1,full_corrected_21,0.4739204210873168,0
dataset2,639,normal,0,1,full_corrected_21,0.4779174381815278,0
dataset2,640,normal,0,1,full_corrected_21,0.42977043537486315,0
dataset2,641,normal,0,1,full_corrected_21,0.4760820471892443,0
dataset2,642,normal,0,1,full_corrected_21,0.33592619806557583,0
dataset2,643,normal,0,1,full_corrected_21,0.3093334797356228,0
dataset2,644,normal,0,0,full_corrected_21,0.2537306508756151,0
dataset2,645,normal,0,0,full_corrected_21,0.2884840985484028,0
dataset2,646,normal,0,0,full_corrected_21,0.17360628996924202,0
dataset2,647,normal,0,0,full_corrected_21,0.17380063276214006,0
dataset2,648,normal,0,0,full_corrected_21,0.17487027641788713,0
dataset2,649,normal,0,0,full_corrected_21,0.16783691171524556,0
dataset2,650,normal,0,0,full_corrected_21,0.1513735626847854,0
dataset2,651,normal,0,0,full_corrected_21,0.15424338079871605,0
dataset2,652,normal,0,0,full_corrected_21,0.19709236354968956,0
dataset2,653,normal,0,0,full_corrected_21,0.2081506538470098,0
dataset2,654,normal,0,1,full_corrected_21,0.38695397130175196,0
dataset2,655,normal,0,1,full_corrected_21,0.32667846124455424,0
dataset2,656,normal,0,1,full_corrected_21,0.3644210606590533,0
dataset2,657,normal,0,0,full_corrected_21,0.3466906245461168,0
dataset2,658,normal,0,0,full_corrected_21,0.3815742582622391,0
dataset2,659,normal,0,0,full_corrected_21,0.4023028680935275,0
dataset2,660,normal,0,0,full_corrected_21,0.4162180217524257,0
dataset2,661,normal,0,1,full_corrected_21,0.4836145503783356,0
dataset2,662,normal,0,1,full_corrected_21,0.49748999518933396,0
dataset2,663,normal,0,1,full_corrected_21,0.5098159604188969,1
dataset2,664,normal,0,0,full_corrected_21,0.48571829540894595,0
dataset2,665,normal,0,0,full_corrected_21,0.4980117758353664,0
dataset2,666,normal,0,1,full_corrected_21,0.5314014865938109,1
dataset2,667,normal,0,1,full_corrected_21,0.5226119112508618,1
dataset2,668,normal,0,1,full_corrected_21,0.5256535946406157,1
dataset2,669,normal,0,0,full_corrected_21,0.5233424306785869,1
dataset2,670,normal,0,0,full_corrected_21,0.536856824868932,1
dataset2,671,normal,0,0,full_corrected_21,0.39150480942221155,0
dataset2,672,normal,0,0,full_corrected_21,0.3718561767414832,0
dataset2,673,normal,0,0,full_corrected_21,0.36822221315275544,0
dataset2,674,normal,0,0,full_corrected_21,0.3697416380062275,0
dataset2,675,normal,0,0,full_corrected_21,0.3752932690925173,0
dataset2,676,normal,0,0,full_corrected_21,0.3874520991699373,0
dataset2,677,normal,0,0,full_corrected_21,0.3921823481389973,0
dataset2,678,normal,0,0,full_corrected_21,0.4012772394256985,0
dataset2,679,normal,0,0,full_corrected_21,0.4014056446451108,0
dataset2,680,normal,0,0,full_corrected_21,0.40656399564663126,0
dataset2,681,normal,0,0,full_corrected_21,0.4160673875606757,0
dataset2,682,normal,0,0,full_corrected_21,0.41316498338023167,0
dataset2,683,normal,0,0,full_corrected_21,0.4083400922029101,0
dataset2,684,normal,0,0,full_corrected_21,0.40955924184694475,0
dataset2,685,normal,0,0,full_corrected_21,0.3515277657879465,0
dataset2,686,normal,0,0,full_corrected_21,0.3873486037003385,0
dataset2,687,normal,0,0,full_corrected_21,0.3950246570329679,0
dataset2,688,normal,0,0,full_corrected_21,0.39670089410056175,0
dataset2,689,normal,0,0,full_corrected_21,0.4300705300919113,0
dataset2,690,normal,0,0,full_corrected_21,0.669628410120259,1
dataset2,691,normal,0,0,full_corrected_21,0.46692335308132055,0
dataset2,692,normal,0,0,full_corrected_21,0.42135703144930764,0
dataset2,693,normal,0,0,full_corrected_21,0.419230603128393,0
dataset2,694,normal,0,0,full_corrected_21,0.4076262218377096,0
dataset2,695,normal,0,0,full_corrected_21,0.40172287620256936,0
dataset2,696,normal,0,0,full_corrected_21,0.39272501037666196,0
dataset2,697,normal,0,0,full_corrected_21,0.35816490668434897,0
dataset2,698,normal,0,0,full_corrected_21,0.43590448689331174,0
dataset2,699,normal,0,0,full_corrected_21,0.44182037342204694,0
dataset2,700,normal,0,0,full_corrected_21,0.4528895928809208,0
dataset2,701,normal,0,0,full_corrected_21,0.44917174659412473,0
dataset2,702,normal,0,0,full_corrected_21,0.4478704770479346,0
dataset2,703,normal,0,0,full_corrected_21,0.43515250957346463,0
dataset2,704,normal,0,0,full_corrected_21,0.4311223077356194,0
dataset2,705,normal,0,0,full_corrected_21,0.43071251522219806,0
dataset2,706,normal,0,0,full_corrected_21,0.44407380497599935,0
dataset2,707,normal,0,0,full_corrected_21,0.364829849306753,0
dataset2,708,normal,0,0,full_corrected_21,0.5501793977471422,1
dataset2,709,normal,0,0,full_corrected_21,0.5496238003175783,1
dataset2,710,normal,0,0,full_corrected_21,0.5472385642042834,1
dataset2,711,fallback_hold,1,0,full_corrected_21,0.7256325626527435,1
dataset2,712,normal,0,0,full_corrected_21,0.7495936805746158,1
dataset2,713,fallback_hold,1,0,full_corrected_21,0.7534771472968643,1
dataset2,714,normal,0,0,full_corrected_21,0.7661368593330087,1
dataset2,715,normal,0,0,full_corrected_21,0.7628896948292112,1
dataset2,716,fallback_hold,1,0,full_corrected_21,0.762616925095442,1
dataset2,717,fallback_hold,1,0,full_corrected_21,0.762824221124106,1
dataset2,718,normal,0,0,full_corrected_21,0.7632072556671754,1
dataset2,719,fallback_hold,1,0,full_corrected_21,0.7632072556671754,1
dataset2,720,normal,0,0,full_corrected_21,0.7634800254009446,1
dataset2,721,fallback_hold,1,0,full_corrected_21,0.7634800254009446,1
dataset2,722,deadlock,1,0,full_corrected_21,0.7652072556671753,1
dataset2,723,fallback_hold,1,0,full_corrected_21,0.7652072556671753,1
dataset2,724,deadlock,1,0,full_corrected_21,0.7645514513903366,1
dataset2,725,fallback_hold,1,0,full_corrected_21,0.7630315171527698,1
dataset2,726,normal,0,0,full_corrected_21,0.7645514513903366,1
dataset2,727,fallback_hold,1,0,full_corrected_21,0.764049942038922,1
dataset2,728,normal,0,0,full_corrected_21,0.7627271899047422,1
dataset2,729,fallback_hold,1,0,full_corrected_21,0.7627271899047422,1
dataset2,730,deadlock,1,0,full_corrected_21,0.764039828113645,1
dataset2,731,fallback_hold,1,0,full_corrected_21,0.7657670583798757,1
dataset2,732,normal,0,0,full_corrected_21,0.7657670583798757,1
dataset2,733,fallback_hold,1,0,full_corrected_21,0.7657670583798757,1
dataset2,734,normal,0,0,full_corrected_21,0.7681906351228746,1
dataset2,735,fallback_hold,1,0,full_corrected_21,0.7656891257714599,1
dataset2,736,normal,0,0,full_corrected_21,0.7629130423444246,1
dataset2,737,fallback_hold,1,0,full_corrected_21,0.7644329765819914,1
dataset2,738,normal,0,0,full_corrected_21,0.7652072556671753,1
dataset2,739,fallback_hold,1,0,full_corrected_21,0.7652072556671753,1
dataset2,740,normal,0,0,full_corrected_21,0.7652072556671753,1
dataset2,741,fallback_hold,1,0,full_corrected_21,0.7649999596385114,1
dataset2,742,normal,0,0,full_corrected_21,0.7633042868865392,1
dataset2,743,fallback_hold,1,0,full_corrected_21,0.76303151715277,1
dataset2,744,normal,0,0,full_corrected_21,0.7632072556671754,1
dataset2,745,fallback_hold,1,0,full_corrected_21,0.7632072556671754,1
dataset2,746,normal,0,0,full_corrected_21,0.7628896948292112,1
dataset2,747,fallback_hold,1,0,full_corrected_21,0.762616925095442,1
dataset2,748,normal,0,0,full_corrected_21,0.7627271899047422,1
dataset2,749,fallback_hold,1,0,full_corrected_21,0.7627271899047422,1
dataset2,750,normal,0,0,full_corrected_21,0.762824221124106,1
dataset2,751,fallback_hold,1,0,full_corrected_21,0.762824221124106,1
dataset2,752,fallback_hold,1,0,full_corrected_21,0.7639743544085398,1
dataset2,753,normal,0,0,full_corrected_21,0.7646169250954419,1
dataset2,754,fallback_hold,1,0,full_corrected_21,0.7628896948292112,1
dataset2,755,normal,0,0,full_corrected_21,0.7630315171527698,1
dataset2,756,fallback_hold,1,0,full_corrected_21,0.7645514513903366,1
dataset2,757,normal,0,0,full_corrected_21,0.7627271899047422,1
dataset2,758,fallback_hold,1,0,full_corrected_21,0.7627271899047422,1
dataset2,759,normal,0,0,full_corrected_21,0.7627271899047422,1
dataset2,760,fallback_hold,1,0,full_corrected_21,0.7627271899047422,1
dataset2,761,fallback_hold,1,0,full_corrected_21,0.7643293866178822,1
dataset2,762,normal,0,0,full_corrected_21,0.7657670583798757,1
dataset2,763,fallback_hold,1,0,full_corrected_21,0.7657670583798757,1
dataset2,764,normal,0,0,full_corrected_21,0.7665785537965016,1
dataset2,765,fallback_hold,1,0,full_corrected_21,0.7645785537965016,1
dataset2,766,normal,0,0,full_corrected_21,0.7625741491447643,1
dataset2,767,fallback_hold,1,0,full_corrected_21,0.7625741491447643,1
dataset2,768,fallback_hold,1,0,full_corrected_21,0.762247124142309,1
dataset2,769,normal,0,0,full_corrected_21,0.764247124142309,1
dataset2,770,fallback_hold,1,0,full_corrected_21,0.7657670583798757,1
dataset2,771,normal,0,0,full_corrected_21,0.7657670583798757,1
dataset2,772,fallback_hold,1,0,full_corrected_21,0.7657670583798757,1
dataset2,773,normal,0,0,full_corrected_21,0.7679178653891052,1
dataset2,774,fallback_hold,1,0,full_corrected_21,0.7656891257714599,1
dataset2,775,normal,0,0,full_corrected_21,0.7617456147908942,1
dataset2,776,fallback_hold,1,0,full_corrected_21,0.762247124142309,1
dataset2,777,fallback_hold,1,0,full_corrected_21,0.7644463659193999,1
dataset2,778,normal,0,0,full_corrected_21,0.7625198938760783,1
dataset2,779,fallback_hold,1,0,full_corrected_21,0.7625198938760783,1
dataset2,780,normal,0,0,full_corrected_21,0.7663712577678378,1
dataset2,781,fallback_hold,1,0,full_corrected_21,0.7645785537965016,1
dataset2,782,normal,0,0,full_corrected_21,0.762247124142309,1
dataset2,783,fallback_hold,1,0,full_corrected_21,0.764039828113645,1
dataset2,784,fallback_hold,1,0,full_corrected_21,0.7665955927337458,1
dataset2,785,normal,0,0,full_corrected_21,0.766247124142309,1
dataset2,786,fallback_hold,1,0,full_corrected_21,0.7647271899047422,1
dataset2,787,normal,0,0,full_corrected_21,0.7663057840627324,1
dataset2,788,fallback_hold,1,0,full_corrected_21,0.764077044445087,1
dataset2,789,fallback_hold,1,0,full_corrected_21,0.7639743544085398,1
dataset2,790,normal,0,0,full_corrected_21,0.7657670583798757,1
dataset2,791,fallback_hold,1,0,full_corrected_21,0.7668014974082211,1
dataset2,792,normal,0,0,full_corrected_21,0.7624329765819914,1
dataset2,793,fallback_hold,1,0,full_corrected_21,0.7622256805533275,1
dataset2,794,normal,0,0,full_corrected_21,0.7645785537965016,1
dataset2,795,fallback_hold,1,0,full_corrected_21,0.764077044445087,1
dataset2,796,normal,0,0,full_corrected_21,0.7625366826465462,1
dataset2,797,fallback_hold,1,0,full_corrected_21,0.766056616884113,1
dataset2,798,normal,0,0,full_corrected_21,0.7645955927337458,1
dataset2,799,fallback_hold,1,0,full_corrected_21,0.763075658496179,1
dataset2,800,normal,0,0,full_corrected_21,0.7627271899047422,1
dataset2,801,fallback_hold,1,0,full_corrected_21,0.7629999596385115,1
dataset2,802,normal,0,0,full_corrected_21,0.7657670583798757,1
dataset2,803,normal,0,0,full_corrected_21,0.7657670583798757,1
dataset2,804,deadlock,1,0,full_corrected_21,0.7657670583798757,1
dataset2,805,fallback_hold,1,0,full_corrected_21,0.7668014974082211,1
dataset2,806,normal,0,0,full_corrected_21,0.7639743544085398,1
dataset2,807,fallback_hold,1,0,full_corrected_21,0.7627271899047422,1
dataset2,808,normal,0,0,full_corrected_21,0.7662390698907359,1
dataset2,809,fallback_hold,1,0,full_corrected_21,0.7644463659193999,1
dataset2,810,normal,0,0,full_corrected_21,0.7622256805533275,1
dataset2,811,fallback_hold,1,0,full_corrected_21,0.764454420170973,1
dataset2,812,fallback_hold,1,0,full_corrected_21,0.7628896948292112,1
dataset2,813,normal,0,0,full_corrected_21,0.762824221124106,1
dataset2,814,fallback_hold,1,0,full_corrected_21,0.762824221124106,1
dataset2,815,normal,0,0,full_corrected_21,0.762247124142309,1
dataset2,816,fallback_hold,1,0,full_corrected_21,0.7657670583798757,1
dataset2,817,normal,0,0,full_corrected_21,0.7953820447409324,1
dataset2,818,fallback_hold,1,0,full_corrected_21,0.7920110623155819,1
dataset2,819,fallback_hold,1,1,full_corrected_21,0.8289734462028936,1
dataset2,820,normal,0,1,full_corrected_21,0.8372823082030731,1
dataset2,821,safe_node_hold,1,1,full_corrected_21,0.8621675990837663,1
dataset2,822,normal,0,1,full_corrected_21,0.8625535706013954,1
dataset2,823,safe_node_hold,1,1,full_corrected_21,0.8734471726505325,1
dataset2,824,normal,0,1,full_corrected_21,0.8681820269118409,1
dataset2,825,safe_node_hold,1,1,full_corrected_21,0.8560318753060717,1
dataset2,826,normal,0,0,full_corrected_21,0.8167973588062566,1
dataset2,827,safe_node_hold,1,0,full_corrected_21,0.8063934206712606,1
dataset2,828,normal,0,0,full_corrected_21,0.6669909493853601,1
dataset2,829,safe_node_hold,1,0,full_corrected_21,0.6687181796515909,1
dataset2,830,safe_node_hold,1,0,full_corrected_21,0.6647842223767151,1
dataset2,831,normal,0,0,full_corrected_21,0.6682381138891575,1
dataset2,832,safe_node_hold,1,0,full_corrected_21,0.6682381138891575,1
dataset2,833,normal,0,0,full_corrected_21,0.6665773736479558,1
dataset2,834,safe_node_hold,1,0,full_corrected_21,0.8252997459144297,1
dataset2,835,normal,0,0,full_corrected_21,0.7940462734091042,1
dataset2,836,safe_node_hold,1,1,full_corrected_21,0.9136915975998484,1
dataset2,837,safe_node_hold,1,1,full_corrected_21,0.909603304164601,1
dataset2,838,normal,0,1,full_corrected_21,0.8536908450665396,1
dataset2,839,safe_node_hold,1,0,full_corrected_21,0.8388518970281624,1
dataset2,840,normal,0,0,full_corrected_21,0.848720763975933,1
dataset2,841,safe_node_hold,1,0,full_corrected_21,0.862217044086374,1
dataset2,842,normal,0,0,full_corrected_21,0.8595705892629936,1
dataset2,843,safe_node_hold,1,1,full_corrected_21,0.8780248274806239,1
dataset2,844,normal,0,1,full_corrected_21,0.8693887178114497,1
dataset2,845,safe_node_hold,1,1,full_corrected_21,0.8187914747235643,1
dataset2,0,normal,0,0,full_minus_planned,0.06781818479303642,0
dataset2,1,normal,0,0,full_minus_planned,0.06781818479303642,0
dataset2,2,normal,0,0,full_minus_planned,0.06781818479303642,0
dataset2,3,normal,0,0,full_minus_planned,0.06781818479303642,0
dataset2,4,normal,0,0,full_minus_planned,0.06781818479303642,0
dataset2,5,normal,0,0,full_minus_planned,0.06781818479303642,0
dataset2,6,normal,0,0,full_minus_planned,0.06781818479303642,0
dataset2,7,normal,0,0,full_minus_planned,0.06781818479303642,0
dataset2,8,normal,0,0,full_minus_planned,0.06781818479303642,0
dataset2,9,normal,0,0,full_minus_planned,0.06781818479303642,0
dataset2,10,normal,0,0,full_minus_planned,0.06781818479303642,0
dataset2,11,normal,0,0,full_minus_planned,0.06781818479303642,0
dataset2,12,normal,0,0,full_minus_planned,0.06781818479303642,0
dataset2,13,normal,0,0,full_minus_planned,0.06781818479303642,0
dataset2,14,normal,0,0,full_minus_planned,0.06781818479303642,0
dataset2,15,normal,0,0,full_minus_planned,0.06781818479303642,0
dataset2,16,normal,0,0,full_minus_planned,0.06781818479303642,0
dataset2,17,normal,0,0,full_minus_planned,0.06781818479303642,0
dataset2,18,normal,0,0,full_minus_planned,0.06781818479303642,0
dataset2,19,normal,0,0,full_minus_planned,0.06781818479303642,0
dataset2,20,normal,0,0,full_minus_planned,0.06781818479303642,0
dataset2,21,normal,0,0,full_minus_planned,0.06781818479303642,0
dataset2,22,normal,0,0,full_minus_planned,0.06781818479303642,0
dataset2,23,normal,0,0,full_minus_planned,0.06781818479303642,0
dataset2,24,normal,0,0,full_minus_planned,0.06781818479303642,0
dataset2,25,normal,0,0,full_minus_planned,0.06781818479303642,0
dataset2,26,normal,0,0,full_minus_planned,0.06781818479303642,0
dataset2,27,normal,0,0,full_minus_planned,0.06781818479303642,0
dataset2,28,normal,0,0,full_minus_planned,0.06781818479303642,0
dataset2,29,normal,0,0,full_minus_planned,0.06781818479303642,0
dataset2,30,normal,0,0,full_minus_planned,0.06781818479303642,0
dataset2,31,normal,0,0,full_minus_planned,0.06781818479303642,0
dataset2,32,normal,0,0,full_minus_planned,0.06781818479303642,0
dataset2,33,normal,0,0,full_minus_planned,0.06781818479303642,0
dataset2,34,normal,0,0,full_minus_planned,0.06781818479303642,0
dataset2,35,normal,0,0,full_minus_planned,0.06781818479303642,0
dataset2,36,normal,0,0,full_minus_planned,0.06781818479303642,0
dataset2,37,normal,0,0,full_minus_planned,0.06781818479303642,0
dataset2,38,normal,0,0,full_minus_planned,0.06781818479303642,0
dataset2,39,normal,0,0,full_minus_planned,0.06781818479303642,0
dataset2,40,normal,0,0,full_minus_planned,0.06781818479303642,0
dataset2,41,normal,0,0,full_minus_planned,0.06781818479303642,0
dataset2,42,normal,0,0,full_minus_planned,0.06781818479303642,0
dataset2,43,normal,0,0,full_minus_planned,0.06781818479303642,0
dataset2,44,normal,0,0,full_minus_planned,0.06781818479303642,0
dataset2,45,normal,0,0,full_minus_planned,0.06781818479303642,0
dataset2,46,normal,0,0,full_minus_planned,0.06781818479303642,0
dataset2,47,normal,0,0,full_minus_planned,0.06781818479303642,0
dataset2,48,normal,0,0,full_minus_planned,0.06781818479303642,0
dataset2,49,normal,0,0,full_minus_planned,0.06781818479303642,0
dataset2,50,normal,0,0,full_minus_planned,0.06781818479303642,0
dataset2,51,normal,0,0,full_minus_planned,0.06781818479303642,0
dataset2,52,normal,0,0,full_minus_planned,0.06781818479303642,0
dataset2,53,normal,0,0,full_minus_planned,0.06781818479303642,0
dataset2,54,normal,0,0,full_minus_planned,0.06781818479303642,0
dataset2,55,normal,0,0,full_minus_planned,0.06781818479303642,0
dataset2,56,normal,0,0,full_minus_planned,0.06781818479303642,0
dataset2,57,normal,0,0,full_minus_planned,0.06781818479303642,0
dataset2,58,normal,0,0,full_minus_planned,0.06781818479303642,0
dataset2,59,normal,0,0,full_minus_planned,0.06781818479303642,0
dataset2,60,normal,0,0,full_minus_planned,0.06781818479303642,0
dataset2,61,normal,0,0,full_minus_planned,0.06781818479303642,0
dataset2,62,normal,0,0,full_minus_planned,0.06781818479303642,0
dataset2,63,normal,0,0,full_minus_planned,0.06781818479303642,0
dataset2,64,normal,0,0,full_minus_planned,0.06781818479303642,0
dataset2,65,normal,0,0,full_minus_planned,0.06781818479303642,0
dataset2,66,normal,0,0,full_minus_planned,0.06781818479303642,0
dataset2,67,normal,0,0,full_minus_planned,0.06781818479303642,0
dataset2,68,normal,0,0,full_minus_planned,0.06781818479303642,0
dataset2,69,normal,0,0,full_minus_planned,0.06781818479303642,0
dataset2,70,normal,0,0,full_minus_planned,0.06781818479303642,0
dataset2,71,normal,0,0,full_minus_planned,0.06781818479303642,0
dataset2,72,normal,0,0,full_minus_planned,0.06781818479303642,0
dataset2,73,normal,0,0,full_minus_planned,0.06781818479303642,0
dataset2,74,normal,0,0,full_minus_planned,0.06781818479303642,0
dataset2,75,normal,0,0,full_minus_planned,0.06781818479303642,0
dataset2,76,normal,0,0,full_minus_planned,0.06781818479303642,0
dataset2,77,normal,0,0,full_minus_planned,0.06781818479303642,0
dataset2,78,normal,0,0,full_minus_planned,0.06781818479303642,0
dataset2,79,normal,0,0,full_minus_planned,0.06781818479303642,0
dataset2,80,normal,0,0,full_minus_planned,0.06781818479303642,0
dataset2,81,normal,0,0,full_minus_planned,0.06781818479303642,0
dataset2,82,normal,0,0,full_minus_planned,0.06781818479303642,0
dataset2,83,normal,0,0,full_minus_planned,0.06781818479303642,0
dataset2,84,normal,0,0,full_minus_planned,0.06781818479303642,0
dataset2,85,normal,0,0,full_minus_planned,0.06781818479303642,0
dataset2,86,normal,0,0,full_minus_planned,0.06781818479303642,0
dataset2,87,normal,0,0,full_minus_planned,0.007475539294126049,0
dataset2,88,normal,0,0,full_minus_planned,0.0010324451424410122,0
dataset2,89,normal,0,1,full_minus_planned,0.0035793163419628143,0
dataset2,90,normal,0,1,full_minus_planned,0.0025523793800078017,0
dataset2,91,normal,0,1,full_minus_planned,0.005799543883805326,0
dataset2,92,normal,0,0,full_minus_planned,0.0025523793800078017,0
dataset2,93,normal,0,0,full_minus_planned,0.0025523793800078017,0
dataset2,94,normal,0,0,full_minus_planned,0.0013661465909815154,0
dataset2,95,normal,0,0,full_minus_planned,0.003980984487189527,0
dataset2,96,normal,0,0,full_minus_planned,0.01036019223145083,0
dataset2,97,normal,0,1,full_minus_planned,0.002905869373845448,0
dataset2,98,normal,0,1,full_minus_planned,0.0016394853447696735,0
dataset2,99,normal,0,1,full_minus_planned,0.0028045380940285238,0
dataset2,100,normal,0,0,full_minus_planned,0.02221949371310557,0
dataset2,101,normal,0,0,full_minus_planned,0.009982917288000735,0
dataset2,102,normal,0,0,full_minus_planned,0.00816373855334162,0
dataset2,103,normal,0,1,full_minus_planned,0.011416654141828672,0
dataset2,104,normal,0,1,full_minus_planned,0.012073724762846145,0
dataset2,105,normal,0,1,full_minus_planned,0.012959592878479136,0
dataset2,106,normal,0,0,full_minus_planned,0.011619651809567056,0
dataset2,107,normal,0,1,full_minus_planned,0.014458391691585378,0
dataset2,108,normal,0,1,full_minus_planned,0.0108171426030668,0
dataset2,109,normal,0,1,full_minus_planned,0.009557418629805997,0
dataset2,110,normal,0,0,full_minus_planned,0.012863910860618413,0
dataset2,111,normal,0,0,full_minus_planned,0.013968827389142133,0
dataset2,112,normal,0,1,full_minus_planned,0.0035472479586123357,0
dataset2,113,normal,0,1,full_minus_planned,0.006030728196347748,0
dataset2,114,normal,0,1,full_minus_planned,0.004805007281531705,0
dataset2,115,normal,0,1,full_minus_planned,0.004471305832991202,0
dataset2,116,normal,0,0,full_minus_planned,0.004471305832991202,0
dataset2,117,normal,0,0,full_minus_planned,0.004471305832991202,0
dataset2,118,normal,0,0,full_minus_planned,0.004471305832991202,0
dataset2,119,normal,0,0,full_minus_planned,0.004471305832991202,0
dataset2,120,normal,0,1,full_minus_planned,0.015443842806555854,0
dataset2,121,normal,0,1,full_minus_planned,0.007997364550388962,0
dataset2,122,normal,0,1,full_minus_planned,0.0044134216525229695,0
dataset2,123,normal,0,0,full_minus_planned,0.008088910031571426,0
dataset2,124,normal,0,0,full_minus_planned,0.003483515220804607,0
dataset2,125,normal,0,1,full_minus_planned,0.005026044185475287,0
dataset2,126,normal,0,1,full_minus_planned,0.0045666593000591804,0
dataset2,127,normal,0,1,full_minus_planned,0.005020063301936155,0
dataset2,128,normal,0,0,full_minus_planned,0.020195713876664762,0
dataset2,129,normal,0,1,full_minus_planned,0.006119544560035307,0
dataset2,130,normal,0,1,full_minus_planned,0.0036382996230479078,0
dataset2,131,normal,0,1,full_minus_planned,0.0063028835944792284,0
dataset2,132,normal,0,0,full_minus_planned,0.0035606228920287922,0
dataset2,133,normal,0,0,full_minus_planned,0.004523824849288195,0
dataset2,134,normal,0,0,full_minus_planned,0.015166851824700277,0
dataset2,135,normal,0,0,full_minus_planned,0.007076831321601599,0
dataset2,136,normal,0,1,full_minus_planned,0.06985907748816157,0
dataset2,137,normal,0,1,full_minus_planned,0.012929213497480338,0
dataset2,138,normal,0,1,full_minus_planned,0.0010324451424410122,0
dataset2,139,normal,0,0,full_minus_planned,0.0020593821043960246,0
dataset2,140,normal,0,0,full_minus_planned,0.002393083552936528,0
dataset2,141,normal,0,0,full_minus_planned,0.0031000447738959978,0
dataset2,142,normal,0,0,full_minus_planned,0.004194948432537222,0
dataset2,143,normal,0,0,full_minus_planned,0.011027789955263809,0
dataset2,144,normal,0,1,full_minus_planned,0.001760175784418024,0
dataset2,145,normal,0,1,full_minus_planned,0.0032801100219848134,0
dataset2,146,normal,0,1,full_minus_planned,0.004325765688712041,0
dataset2,147,normal,0,0,full_minus_planned,0.005806106652544028,0
dataset2,148,normal,0,0,full_minus_planned,0.0030280063577201766,0
dataset2,149,normal,0,0,full_minus_planned,0.0052726441106120325,0
dataset2,150,normal,0,0,full_minus_planned,0.003545413844381299,0
dataset2,151,normal,0,1,full_minus_planned,0.003914291649867584,0
dataset2,152,normal,0,1,full_minus_planned,0.014822300291359222,0
dataset2,153,normal,0,1,full_minus_planned,0.020099723854788303,0
dataset2,154,normal,0,1,full_minus_planned,0.02538692213058687,0
dataset2,155,normal,0,1,full_minus_planned,0.032932142519572445,0
dataset2,156,normal,0,0,full_minus_planned,0.01561400638767631,0
dataset2,157,normal,0,0,full_minus_planned,0.011312378433605694,0
dataset2,158,normal,0,0,full_minus_planned,0.013136432020889228,0
dataset2,159,normal,0,0,full_minus_planned,0.027707352418394914,0
dataset2,160,normal,0,0,full_minus_planned,0.0260888887058237,0
dataset2,161,normal,0,0,full_minus_planned,0.019800615721452575,0
dataset2,162,normal,0,0,full_minus_planned,0.013454068589281725,0
dataset2,163,normal,0,0,full_minus_planned,0.016525429727376827,0
dataset2,164,normal,0,0,full_minus_planned,0.016317093078320716,0
dataset2,165,normal,0,1,full_minus_planned,0.0175940270470556,0
dataset2,166,normal,0,1,full_minus_planned,0.03506637261473193,0
dataset2,167,normal,0,1,full_minus_planned,0.039659709133581855,0
dataset2,168,normal,0,1,full_minus_planned,0.0437879767289806,0
dataset2,169,normal,0,0,full_minus_planned,0.022525903631017145,0
dataset2,170,normal,0,0,full_minus_planned,0.03207202678141422,0
dataset2,171,normal,0,0,full_minus_planned,0.09945339902378757,0
dataset2,172,normal,0,0,full_minus_planned,0.34805201080376086,0
dataset2,173,normal,0,0,full_minus_planned,0.1345467183684358,0
dataset2,174,normal,0,0,full_minus_planned,0.09163001977787827,0
dataset2,175,normal,0,0,full_minus_planned,0.08653423681183131,0
dataset2,176,normal,0,0,full_minus_planned,0.14698785170020537,0
dataset2,177,normal,0,1,full_minus_planned,0.1330441663460504,0
dataset2,178,normal,0,1,full_minus_planned,0.11407106535946941,0
dataset2,179,normal,0,1,full_minus_planned,0.09095478384661783,0
dataset2,180,normal,0,1,full_minus_planned,0.08023782171882493,0
dataset2,181,normal,0,0,full_minus_planned,0.10489877760801807,0
dataset2,182,normal,0,0,full_minus_planned,0.09480765699462362,0
dataset2,183,normal,0,0,full_minus_planned,0.10921472952016412,0
dataset2,184,normal,0,0,full_minus_planned,0.22940001499024543,0
dataset2,185,operator_stop,1,0,full_minus_planned,0.2896402982490671,0
dataset2,186,operator_stop,1,0,full_minus_planned,0.4395401817649251,0
dataset2,187,operator_stop,1,0,full_minus_planned,0.4834975831588555,0
dataset2,188,operator_stop,1,0,full_minus_planned,0.4975459976852243,0
dataset2,189,operator_stop,1,1,full_minus_planned,0.49672658765584043,0
dataset2,190,operator_stop,1,1,full_minus_planned,0.5093917193588944,1
dataset2,191,operator_stop,1,1,full_minus_planned,0.5228527292362963,1
dataset2,192,operator_stop,1,0,full_minus_planned,0.3947894960008161,0
dataset2,193,operator_stop,1,0,full_minus_planned,0.4416144725828023,0
dataset2,194,operator_stop,1,0,full_minus_planned,0.4582059166911644,0
dataset2,195,operator_stop,1,0,full_minus_planned,0.41668581464772375,0
dataset2,196,operator_stop,1,0,full_minus_planned,0.3610611999413622,0
dataset2,197,normal,0,0,full_minus_planned,0.6680594087316195,1
dataset2,198,fallback_hold,1,1,full_minus_planned,0.8320734542643207,1
dataset2,199,normal,0,1,full_minus_planned,0.7917488304821125,1
dataset2,200,fallback_hold,1,1,full_minus_planned,0.8157523002797198,1
dataset2,201,normal,0,1,full_minus_planned,0.7625177773899818,1
dataset2,202,fallback_hold,1,1,full_minus_planned,0.7855831757605738,1
dataset2,203,normal,0,1,full_minus_planned,0.7024138499443284,1
dataset2,204,fallback_hold,1,1,full_minus_planned,0.7954560292150954,1
dataset2,205,normal,0,0,full_minus_planned,0.7308460994647922,1
dataset2,206,fallback_hold,1,0,full_minus_planned,0.7861407194212273,1
dataset2,207,normal,0,0,full_minus_planned,0.756855068123034,1
dataset2,208,fallback_hold,1,0,full_minus_planned,0.7478389124302335,1
dataset2,209,normal,0,0,full_minus_planned,0.742702268279418,1
dataset2,210,fallback_hold,1,0,full_minus_planned,0.7896480098506798,1
dataset2,211,normal,0,0,full_minus_planned,0.8189749180369914,1
dataset2,212,fallback_hold,1,0,full_minus_planned,0.8906690038894778,1
dataset2,213,normal,0,0,full_minus_planned,0.8730320059114355,1
dataset2,214,fallback_hold,1,0,full_minus_planned,0.8627184594229099,1
dataset2,215,normal,0,1,full_minus_planned,0.8050034367112174,1
dataset2,216,fallback_hold,1,1,full_minus_planned,0.8079985115040849,1
dataset2,217,fallback_hold,1,1,full_minus_planned,0.854085220210956,1
dataset2,218,normal,0,0,full_minus_planned,0.8142603768042356,1
dataset2,219,fallback_hold,1,0,full_minus_planned,0.8244309432566668,1
dataset2,220,normal,0,0,full_minus_planned,0.8020856569174539,1
dataset2,221,fallback_hold,1,0,full_minus_planned,0.8410293992064214,1
dataset2,222,normal,0,1,full_minus_planned,0.7849221142234842,1
dataset2,223,fallback_hold,1,1,full_minus_planned,0.7965638623566653,1
dataset2,224,normal,0,1,full_minus_planned,0.793577347715555,1
dataset2,225,fallback_hold,1,0,full_minus_planned,0.8480715048998718,1
dataset2,226,fallback_hold,1,0,full_minus_planned,0.7420192377005236,1
dataset2,227,normal,0,1,full_minus_planned,0.7678744761307601,1
dataset2,228,fallback_hold,1,1,full_minus_planned,0.7155036381540046,1
dataset2,229,normal,0,1,full_minus_planned,0.5486660916634449,1
dataset2,230,fallback_hold,1,0,full_minus_planned,0.8708952007381153,1
dataset2,231,conflict_risk,1,1,full_minus_planned,0.9442726571012031,1
dataset2,232,deadlock,1,1,full_minus_planned,0.9763808455227425,1
dataset2,233,deadlock,1,1,full_minus_planned,0.9834139144014821,1
dataset2,234,deadlock,1,1,full_minus_planned,0.9902231261530994,1
dataset2,235,deadlock,1,0,full_minus_planned,0.9914397475146013,1
dataset2,236,deadlock,1,0,full_minus_planned,0.9918588831631576,1
dataset2,237,deadlock,1,0,full_minus_planned,0.9911669777808322,1
dataset2,238,deadlock,1,0,full_minus_planned,0.9908942080470629,1
dataset2,239,deadlock,1,0,full_minus_planned,0.9920661791918216,1
dataset2,240,deadlock,1,1,full_minus_planned,0.9920661791918216,1
dataset2,241,deadlock,1,1,full_minus_planned,0.9900508824188847,1
dataset2,242,deadlock,1,1,full_minus_planned,0.9915565534112896,1
dataset2,243,deadlock,1,0,full_minus_planned,0.9913742738094962,1
dataset2,244,deadlock,1,0,full_minus_planned,0.9913742738094962,1
dataset2,245,deadlock,1,0,full_minus_planned,0.9872959257830883,1
dataset2,246,deadlock,1,1,full_minus_planned,0.9872959257830883,1
dataset2,247,deadlock,1,1,full_minus_planned,0.9876687126430779,1
dataset2,248,deadlock,1,1,full_minus_planned,0.9912669949070523,1
dataset2,249,deadlock,1,1,full_minus_planned,0.9891669777808322,1
dataset2,250,deadlock,1,1,full_minus_planned,0.9888286231146723,1
dataset2,251,deadlock,1,1,full_minus_planned,0.985200399245191,1
dataset2,252,deadlock,1,0,full_minus_planned,0.9910764876488563,1
dataset2,253,deadlock,1,0,full_minus_planned,0.9910764876488563,1
dataset2,254,deadlock,1,1,full_minus_planned,0.9910764876488563,1
dataset2,255,deadlock,1,1,full_minus_planned,0.9802937450007613,1
dataset2,256,deadlock,1,1,full_minus_planned,0.9842402677203247,1
dataset2,257,deadlock,1,0,full_minus_planned,0.9913742738094962,1
dataset2,258,deadlock,1,0,full_minus_planned,0.9913742738094962,1
dataset2,259,deadlock,1,0,full_minus_planned,0.9911669777808322,1
dataset2,260,deadlock,1,0,full_minus_planned,0.9911669777808322,1
dataset2,261,deadlock,1,0,full_minus_planned,0.9901595315872199,1
dataset2,262,deadlock,1,0,full_minus_planned,0.9901595315872199,1
dataset2,263,deadlock,1,0,full_minus_planned,0.9901595315872199,1
dataset2,264,deadlock,1,0,full_minus_planned,0.9911669777808322,1
dataset2,265,deadlock,1,0,full_minus_planned,0.9916470435432655,1
dataset2,266,deadlock,1,0,full_minus_planned,0.9916470435432655,1
dataset2,267,deadlock,1,0,full_minus_planned,0.9916470435432655,1
dataset2,268,deadlock,1,0,full_minus_planned,0.9916470435432655,1
dataset2,269,deadlock,1,0,full_minus_planned,0.9911669777808322,1
dataset2,270,deadlock,1,0,full_minus_planned,0.9911669777808322,1
dataset2,271,deadlock,1,0,full_minus_planned,0.9916470435432655,1
dataset2,272,deadlock,1,0,full_minus_planned,0.9916470435432655,1
dataset2,273,deadlock,1,0,full_minus_planned,0.9916470435432655,1
dataset2,274,deadlock,1,0,full_minus_planned,0.9916470435432655,1
dataset2,275,fallback_hold,1,0,full_minus_planned,0.9916470435432655,1
dataset2,276,conflict_risk,1,0,full_minus_planned,0.9913742738094962,1
dataset2,277,fallback_hold,1,0,full_minus_planned,0.9901595315872199,1
dataset2,278,conflict_risk,1,0,full_minus_planned,0.990540546103612,1
dataset2,279,fallback_hold,1,0,full_minus_planned,0.9908942080470629,1
dataset2,280,fallback_hold,1,0,full_minus_planned,0.9913742738094962,1
dataset2,281,conflict_risk,1,0,full_minus_planned,0.9831014626378626,1
dataset2,282,fallback_hold,1,0,full_minus_planned,0.9837787947543345,1
dataset2,283,conflict_risk,1,0,full_minus_planned,0.9526238372430593,1
dataset2,284,fallback_hold,1,0,full_minus_planned,0.9057730389705054,1
dataset2,285,conflict_risk,1,0,full_minus_planned,0.8880753413870982,1
dataset2,286,safe_node_hold,1,0,full_minus_planned,0.911477507718618,1
dataset2,287,safe_node_hold,1,0,full_minus_planned,0.9098059025139367,1
dataset2,288,normal,0,0,full_minus_planned,0.9172138701852647,1
dataset2,289,safe_node_hold,1,0,full_minus_planned,0.9388163687728716,1
dataset2,290,normal,0,0,full_minus_planned,0.8998005517521215,1
dataset2,291,safe_node_hold,1,0,full_minus_planned,0.7961432992582397,1
dataset2,292,safe_node_hold,1,0,full_minus_planned,0.7717506929158094,1
dataset2,293,normal,0,0,full_minus_planned,0.7479897862514723,1
dataset2,294,safe_node_hold,1,0,full_minus_planned,0.736507051300028,1
dataset2,295,normal,0,0,full_minus_planned,0.7095708488329703,1
dataset2,296,safe_node_hold,1,0,full_minus_planned,0.6811906100674475,1
dataset2,297,normal,0,0,full_minus_planned,0.5691218681667823,1
dataset2,298,resume,0,0,full_minus_planned,0.4728746439175254,0
dataset2,299,normal,0,1,full_minus_planned,0.2807129690483338,0
dataset2,300,safe_node_hold,1,1,full_minus_planned,0.2371282014908096,0
dataset2,301,normal,0,1,full_minus_planned,0.3007370339570696,0
dataset2,302,safe_node_hold,1,1,full_minus_planned,0.5523527194400666,1
dataset2,303,safe_node_hold,1,0,full_minus_planned,0.5434125290048117,1
dataset2,304,normal,0,0,full_minus_planned,0.5221187989633415,1
dataset2,305,safe_node_hold,1,0,full_minus_planned,0.4939600709721683,0
dataset2,306,normal,0,0,full_minus_planned,0.48668512095609473,0
dataset2,307,safe_node_hold,1,0,full_minus_planned,0.5252854832298292,1
dataset2,308,safe_node_hold,1,0,full_minus_planned,0.5717667141195345,1
dataset2,309,normal,0,1,full_minus_planned,0.6451637384900814,1
dataset2,310,safe_node_hold,1,1,full_minus_planned,0.6222746873800133,1
dataset2,311,normal,0,1,full_minus_planned,0.6432047680429015,1
dataset2,312,resume,0,0,full_minus_planned,0.6392491903608284,1
dataset2,313,normal,0,0,full_minus_planned,0.3184391582352168,0
dataset2,314,normal,0,1,full_minus_planned,0.38364418269491796,0
dataset2,315,normal,0,1,full_minus_planned,0.3265761416396555,0
dataset2,316,normal,0,1,full_minus_planned,0.33671117030941766,0
dataset2,317,normal,0,0,full_minus_planned,0.29255495144188276,0
dataset2,318,normal,0,0,full_minus_planned,0.23678815615484589,0
dataset2,319,normal,0,1,full_minus_planned,0.2809014653415601,0
dataset2,320,normal,0,1,full_minus_planned,0.1653678242267564,0
dataset2,321,normal,0,1,full_minus_planned,0.14239397488561248,0
dataset2,322,normal,0,0,full_minus_planned,0.11513965567924607,0
dataset2,323,normal,0,1,full_minus_planned,0.10834821751399767,0
dataset2,324,normal,0,1,full_minus_planned,0.12113745296364901,0
dataset2,325,normal,0,1,full_minus_planned,0.08734141853478887,0
dataset2,326,normal,0,1,full_minus_planned,0.07578054757945983,0
dataset2,327,normal,0,1,full_minus_planned,0.05779221857840272,0
dataset2,328,normal,0,1,full_minus_planned,0.04166998977069557,0
dataset2,329,normal,0,1,full_minus_planned,0.046697184205712956,0
dataset2,330,normal,0,1,full_minus_planned,0.058620322264966315,0
dataset2,331,normal,0,0,full_minus_planned,0.06905823881912311,0
dataset2,332,normal,0,0,full_minus_planned,0.06533385026780471,0
dataset2,333,normal,0,0,full_minus_planned,0.06273009682884609,0
dataset2,334,normal,0,0,full_minus_planned,0.05918871900229782,0
dataset2,335,normal,0,0,full_minus_planned,0.029071139445860573,0
dataset2,336,normal,0,0,full_minus_planned,0.048639215227038735,0
dataset2,337,normal,0,0,full_minus_planned,0.04463414402585178,0
dataset2,338,normal,0,0,full_minus_planned,0.04408675149002148,0
dataset2,339,normal,0,0,full_minus_planned,0.06320338974664043,0
dataset2,340,normal,0,0,full_minus_planned,0.05169004848123611,0
dataset2,341,normal,0,1,full_minus_planned,0.05034180336267372,0
dataset2,342,normal,0,1,full_minus_planned,0.052832243102403954,0
dataset2,343,normal,0,1,full_minus_planned,0.04582392936601561,0
dataset2,344,normal,0,0,full_minus_planned,0.041486236659859,0
dataset2,345,normal,0,0,full_minus_planned,0.04991696510943336,0
dataset2,346,normal,0,0,full_minus_planned,0.05896528579625158,0
dataset2,347,normal,0,0,full_minus_planned,0.08478486539141855,0
dataset2,348,normal,0,0,full_minus_planned,0.09152327775340934,0
dataset2,349,normal,0,0,full_minus_planned,0.09796802249862104,0
dataset2,350,normal,0,1,full_minus_planned,0.07272392467200867,0
dataset2,351,normal,0,1,full_minus_planned,0.05763849541231795,0
dataset2,352,normal,0,1,full_minus_planned,0.10138450637511466,0
dataset2,353,normal,0,0,full_minus_planned,0.12357580797036688,0
dataset2,354,normal,0,0,full_minus_planned,0.0719577693848868,0
dataset2,355,normal,0,1,full_minus_planned,0.09045037738313709,0
dataset2,356,normal,0,1,full_minus_planned,0.10106887845989776,0
dataset2,357,normal,0,1,full_minus_planned,0.056264804877768915,0
dataset2,358,normal,0,0,full_minus_planned,0.056235115203261694,0
dataset2,359,normal,0,0,full_minus_planned,0.015422042797985827,0
dataset2,360,normal,0,1,full_minus_planned,0.015003975890645727,0
dataset2,361,normal,0,1,full_minus_planned,0.012886477579625223,0
dataset2,362,normal,0,1,full_minus_planned,0.010777124645693291,0
dataset2,363,normal,0,1,full_minus_planned,0.013851563825740865,0
dataset2,364,normal,0,0,full_minus_planned,0.012580904810163895,0
dataset2,365,normal,0,0,full_minus_planned,0.008471738377148446,0
dataset2,366,normal,0,1,full_minus_planned,0.008471738377148446,0
dataset2,367,normal,0,0,full_minus_planned,0.008282200593631212,0
dataset2,368,normal,0,1,full_minus_planned,0.00903111827913466,0
dataset2,369,normal,0,0,full_minus_planned,0.014625657792129218,0
dataset2,370,normal,0,1,full_minus_planned,0.033264133841697865,0
dataset2,371,normal,0,0,full_minus_planned,0.03447719714843228,0
dataset2,372,normal,0,0,full_minus_planned,0.018621775139865075,0
dataset2,373,normal,0,0,full_minus_planned,0.0143330972282618,0
dataset2,374,normal,0,0,full_minus_planned,0.004668710999077158,0
dataset2,375,normal,0,0,full_minus_planned,0.0025020020573285127,0
dataset2,376,normal,0,0,full_minus_planned,0.0025020020573285127,0
dataset2,377,normal,0,0,full_minus_planned,0.0012762811425124703,0
dataset2,378,normal,0,0,full_minus_planned,0.001743047103181947,0
dataset2,379,normal,0,0,full_minus_planned,0.001743047103181947,0
dataset2,380,normal,0,0,full_minus_planned,0.0029687680179979895,0
dataset2,381,normal,0,0,full_minus_planned,0.0061081020475818384,0
dataset2,382,normal,0,1,full_minus_planned,0.0057257724467722,0
dataset2,383,normal,0,0,full_minus_planned,0.004990211606979471,0
dataset2,384,normal,0,1,full_minus_planned,0.008521147398005798,0
dataset2,385,normal,0,0,full_minus_planned,0.008511987103941923,0
dataset2,386,normal,0,0,full_minus_planned,0.009705262876316945,0
dataset2,387,normal,0,0,full_minus_planned,0.011637296179630736,0
dataset2,388,normal,0,0,full_minus_planned,0.010863017094446781,0
dataset2,389,normal,0,0,full_minus_planned,0.009157230417197529,0
dataset2,390,normal,0,1,full_minus_planned,0.013075320449574568,0
dataset2,391,normal,0,0,full_minus_planned,0.016334552550281163,0
dataset2,392,normal,0,0,full_minus_planned,0.03604032028353404,0
dataset2,393,normal,0,1,full_minus_planned,0.055668474422097554,0
dataset2,394,normal,0,0,full_minus_planned,0.16870615020819232,0
dataset2,395,normal,0,1,full_minus_planned,0.10360433734696704,0
dataset2,396,normal,0,0,full_minus_planned,0.08854435376035784,0
dataset2,397,normal,0,1,full_minus_planned,0.11696834600967428,0
dataset2,398,normal,0,0,full_minus_planned,0.1608396127642673,0
dataset2,399,normal,0,1,full_minus_planned,0.03654103216963389,0
dataset2,400,normal,0,0,full_minus_planned,0.10527404109243396,0
dataset2,401,normal,0,0,full_minus_planned,0.117088838062557,0
dataset2,402,normal,0,0,full_minus_planned,0.1782960317132383,0
dataset2,403,operator_stop,1,0,full_minus_planned,0.19273878116833928,0
dataset2,404,operator_stop,1,0,full_minus_planned,0.3260913189414338,0
dataset2,405,operator_stop,1,0,full_minus_planned,0.36287660190447507,0
dataset2,406,operator_stop,1,0,full_minus_planned,0.39439716668742575,0
dataset2,407,operator_stop,1,0,full_minus_planned,0.43131065544644415,0
dataset2,408,operator_stop,1,0,full_minus_planned,0.43145364518920937,0
dataset2,409,operator_stop,1,0,full_minus_planned,0.4780760597032649,0
dataset2,410,operator_stop,1,1,full_minus_planned,0.6384545032302177,1
dataset2,411,operator_stop,1,0,full_minus_planned,0.699717840398644,1
dataset2,412,operator_stop,1,1,full_minus_planned,0.7281055063070382,1
dataset2,413,operator_stop,1,0,full_minus_planned,0.7049307329581045,1
dataset2,414,normal,0,0,full_minus_planned,0.449895689083414,0
dataset2,415,normal,0,0,full_minus_planned,0.28048051708208077,0
dataset2,416,normal,0,0,full_minus_planned,0.17842316367237673,0
dataset2,417,normal,0,0,full_minus_planned,0.14074230507199312,0
dataset2,418,normal,0,0,full_minus_planned,0.10229924063809398,0
dataset2,419,normal,0,0,full_minus_planned,0.13690891729719654,0
dataset2,420,normal,0,0,full_minus_planned,0.16502430070351795,0
dataset2,421,normal,0,0,full_minus_planned,0.2070969585700412,0
dataset2,422,normal,0,1,full_minus_planned,0.23429848186766097,0
dataset2,423,normal,0,0,full_minus_planned,0.2699589997521276,0
dataset2,424,normal,0,1,full_minus_planned,0.2915326865523052,0
dataset2,425,normal,0,0,full_minus_planned,0.4072397836259475,0
dataset2,426,normal,0,0,full_minus_planned,0.41967183808391956,0
dataset2,427,normal,0,0,full_minus_planned,0.37348225332444657,0
dataset2,428,normal,0,0,full_minus_planned,0.3392738298740803,0
dataset2,429,normal,0,0,full_minus_planned,0.3144062552914129,0
dataset2,430,normal,0,0,full_minus_planned,0.33547962681107707,0
dataset2,431,normal,0,0,full_minus_planned,0.3532343768163191,0
dataset2,432,normal,0,0,full_minus_planned,0.34261070933115767,0
dataset2,433,normal,0,0,full_minus_planned,0.37117604414662647,0
dataset2,434,normal,0,0,full_minus_planned,0.4397042411575799,0
dataset2,435,operator_stop,1,1,full_minus_planned,0.45048248691322895,0
dataset2,436,operator_stop,1,0,full_minus_planned,0.5416261360902039,1
dataset2,437,operator_stop,1,1,full_minus_planned,0.5629408464944836,1
dataset2,438,operator_stop,1,0,full_minus_planned,0.5764798750226161,1
dataset2,439,operator_stop,1,0,full_minus_planned,0.5866854535136042,1
dataset2,440,operator_stop,1,0,full_minus_planned,0.6233696942488762,1
dataset2,441,operator_stop,1,0,full_minus_planned,0.5915645585653911,1
dataset2,442,operator_stop,1,0,full_minus_planned,0.6390624933785133,1
dataset2,443,operator_stop,1,0,full_minus_planned,0.5994917957561632,1
dataset2,444,operator_stop,1,0,full_minus_planned,0.6460733636950711,1
dataset2,445,operator_stop,1,0,full_minus_planned,0.6129657424151086,1
dataset2,446,normal,0,1,full_minus_planned,0.47246694701776104,0
dataset2,447,safe_node_hold,1,0,full_minus_planned,0.5609171193344892,1
dataset2,448,conflict_risk,1,1,full_minus_planned,0.7189162752556703,1
dataset2,449,deadlock,1,0,full_minus_planned,0.7291701791197528,1
dataset2,450,deadlock,1,1,full_minus_planned,0.7208495897379075,1
dataset2,451,deadlock,1,0,full_minus_planned,0.9193581258976097,1
dataset2,452,deadlock,1,0,full_minus_planned,0.9145346388241316,1
dataset2,453,deadlock,1,0,full_minus_planned,0.9364334683891699,1
dataset2,454,deadlock,1,0,full_minus_planned,0.9401200034262708,1
dataset2,455,deadlock,1,0,full_minus_planned,0.943606888220238,1
dataset2,456,deadlock,1,0,full_minus_planned,0.9455842990991202,1
dataset2,457,deadlock,1,0,full_minus_planned,0.9455842990991202,1
dataset2,458,deadlock,1,0,full_minus_planned,0.945104233336687,1
dataset2,459,deadlock,1,0,full_minus_planned,0.9455188253940149,1
dataset2,460,deadlock,1,1,full_minus_planned,0.9455188253940149,1
dataset2,461,deadlock,1,0,full_minus_planned,0.9450387596315817,1
dataset2,462,deadlock,1,0,full_minus_planned,0.9454713862160775,1
dataset2,463,deadlock,1,0,full_minus_planned,0.9455368599211826,1
dataset2,464,deadlock,1,0,full_minus_planned,0.945104233336687,1
dataset2,465,deadlock,1,0,full_minus_planned,0.945104233336687,1
dataset2,466,deadlock,1,0,full_minus_planned,0.9450387596315817,1
dataset2,467,deadlock,1,1,full_minus_planned,0.9450387596315817,1
dataset2,468,deadlock,1,0,full_minus_planned,0.937366033911473,1
dataset2,469,deadlock,1,1,full_minus_planned,0.9369064671091738,1
dataset2,470,deadlock,1,0,full_minus_planned,0.945104233336687,1
dataset2,471,deadlock,1,0,full_minus_planned,0.9455842990991202,1
dataset2,472,deadlock,1,0,full_minus_planned,0.9455842990991202,1
dataset2,473,deadlock,1,0,full_minus_planned,0.9455368599211826,1
dataset2,474,deadlock,1,1,full_minus_planned,0.9455368599211826,1
dataset2,475,deadlock,1,0,full_minus_planned,0.945104233336687,1
dataset2,476,deadlock,1,0,full_minus_planned,0.9455842990991202,1
dataset2,477,deadlock,1,0,full_minus_planned,0.9455842990991202,1
dataset2,478,deadlock,1,0,full_minus_planned,0.945104233336687,1
dataset2,479,deadlock,1,1,full_minus_planned,0.9455368599211826,1
dataset2,480,deadlock,1,0,full_minus_planned,0.9453559871094434,1
dataset2,481,deadlock,1,1,full_minus_planned,0.9434034262873808,1
dataset2,482,deadlock,1,0,full_minus_planned,0.9455842990991202,1
dataset2,483,deadlock,1,0,full_minus_planned,0.9455842990991202,1
dataset2,484,deadlock,1,0,full_minus_planned,0.9455842990991202,1
dataset2,485,conflict_risk,1,0,full_minus_planned,0.9455842990991202,1
dataset2,486,fallback_hold,1,0,full_minus_planned,0.945104233336687,1
dataset2,487,conflict_risk,1,0,full_minus_planned,0.9455842990991202,1
dataset2,488,fallback_hold,1,0,full_minus_planned,0.9455842990991202,1
dataset2,489,fallback_hold,1,0,full_minus_planned,0.945104233336687,1
dataset2,490,conflict_risk,1,0,full_minus_planned,0.9455368599211826,1
dataset2,491,fallback_hold,1,0,full_minus_planned,0.9455368599211826,1
dataset2,492,conflict_risk,1,0,full_minus_planned,0.9455842990991202,1
dataset2,493,conflict_risk,1,0,full_minus_planned,0.9455842990991202,1
dataset2,494,fallback_hold,1,0,full_minus_planned,0.9455842990991202,1
dataset2,495,conflict_risk,1,0,full_minus_planned,0.9455842990991202,1
dataset2,496,conflict_risk,1,0,full_minus_planned,0.9455842990991202,1
dataset2,497,fallback_hold,1,0,full_minus_planned,0.945104233336687,1
dataset2,498,conflict_risk,1,0,full_minus_planned,0.9455842990991202,1
dataset2,499,fallback_hold,1,0,full_minus_planned,0.9455842990991202,1
dataset2,500,fallback_hold,1,0,full_minus_planned,0.945104233336687,1
dataset2,501,conflict_risk,1,0,full_minus_planned,0.9455842990991202,1
dataset2,502,fallback_hold,1,0,full_minus_planned,0.9455842990991202,1
dataset2,503,conflict_risk,1,0,full_minus_planned,0.945104233336687,1
dataset2,504,deadlock,1,0,full_minus_planned,0.9455842990991202,1
dataset2,505,conflict_risk,1,0,full_minus_planned,0.9455842990991202,1
dataset2,506,fallback_hold,1,0,full_minus_planned,0.945104233336687,1
dataset2,507,conflict_risk,1,0,full_minus_planned,0.945104233336687,1
dataset2,508,fallback_hold,1,0,full_minus_planned,0.945104233336687,1
dataset2,509,conflict_risk,1,0,full_minus_planned,0.9455842990991202,1
dataset2,510,fallback_hold,1,0,full_minus_planned,0.9455842990991202,1
dataset2,511,conflict_risk,1,0,full_minus_planned,0.9404969437558416,1
dataset2,512,fallback_hold,1,0,full_minus_planned,0.9364425384523669,1
dataset2,513,conflict_risk,1,0,full_minus_planned,0.9176182934989234,1
dataset2,514,fallback_hold,1,0,full_minus_planned,0.9088948663957565,1
dataset2,515,conflict_risk,1,0,full_minus_planned,0.9013774524754761,1
dataset2,516,fallback_hold,1,0,full_minus_planned,0.9088656804953874,1
dataset2,517,conflict_risk,1,0,full_minus_planned,0.9050567880076665,1
dataset2,518,fallback_hold,1,0,full_minus_planned,0.8931923405765939,1
dataset2,519,conflict_risk,1,0,full_minus_planned,0.8844074967427228,1
dataset2,520,fallback_hold,1,0,full_minus_planned,0.8648091653333615,1
dataset2,521,conflict_risk,1,0,full_minus_planned,0.8484976588917262,1
dataset2,522,fallback_hold,1,0,full_minus_planned,0.8381806329836624,1
dataset2,523,conflict_risk,1,0,full_minus_planned,0.8380707005733259,1
dataset2,524,fallback_hold,1,0,full_minus_planned,0.8387912299494369,1
dataset2,525,fallback_hold,1,0,full_minus_planned,0.8288472933964296,1
dataset2,526,conflict_risk,1,0,full_minus_planned,0.8311731328178993,1
dataset2,527,resume,0,0,full_minus_planned,0.5750567740429401,1
dataset2,528,normal,0,0,full_minus_planned,0.3178744490707397,0
dataset2,529,normal,0,0,full_minus_planned,0.1735594227859297,0
dataset2,530,normal,0,0,full_minus_planned,0.07625713249690919,0
dataset2,531,normal,0,0,full_minus_planned,0.06139954598636208,0
dataset2,532,normal,0,0,full_minus_planned,0.036810442405863,0
dataset2,533,normal,0,0,full_minus_planned,0.02884100095513556,0
dataset2,534,normal,0,0,full_minus_planned,0.02845804618030598,0
dataset2,535,normal,0,0,full_minus_planned,0.03104483447661736,0
dataset2,536,normal,0,0,full_minus_planned,0.023349069874012456,0
dataset2,537,normal,0,0,full_minus_planned,0.01761937885324385,0
dataset2,538,normal,0,0,full_minus_planned,0.02171593006194359,0
dataset2,539,normal,0,0,full_minus_planned,0.016938690701219398,0
dataset2,540,normal,0,0,full_minus_planned,0.026139305851278976,0
dataset2,541,normal,0,0,full_minus_planned,0.023392030985341452,0
dataset2,542,normal,0,0,full_minus_planned,0.01728862658912218,0
dataset2,543,normal,0,0,full_minus_planned,0.010366143814872287,0
dataset2,544,normal,0,0,full_minus_planned,0.008256627851338046,0
dataset2,545,normal,0,0,full_minus_planned,0.006519949644370504,0
dataset2,546,normal,0,0,full_minus_planned,0.00725267328357477,0
dataset2,547,normal,0,0,full_minus_planned,0.006972581105136498,0
dataset2,548,normal,0,0,full_minus_planned,0.007136842971588756,0
dataset2,549,normal,0,0,full_minus_planned,0.023110952536155378,0
dataset2,550,normal,0,0,full_minus_planned,0.012555463007214137,0
dataset2,551,normal,0,1,full_minus_planned,0.01266165035807171,0
dataset2,552,normal,0,1,full_minus_planned,0.03616368550301317,0
dataset2,553,normal,0,1,full_minus_planned,0.009378410712570541,0
dataset2,554,normal,0,0,full_minus_planned,0.007162602796725791,0
dataset2,555,normal,0,0,full_minus_planned,0.007798905015176691,0
dataset2,556,normal,0,0,full_minus_planned,0.007798905015176691,0
dataset2,557,normal,0,0,full_minus_planned,0.01072362342657992,0
dataset2,558,normal,0,1,full_minus_planned,0.008958618543020293,0
dataset2,559,normal,0,1,full_minus_planned,0.05052760393702863,0
dataset2,560,normal,0,1,full_minus_planned,0.05587300067027072,0
dataset2,561,normal,0,0,full_minus_planned,0.030003213229221726,0
dataset2,562,normal,0,0,full_minus_planned,0.021732967980727737,0
dataset2,563,normal,0,1,full_minus_planned,0.01843208030795585,0
dataset2,564,normal,0,1,full_minus_planned,0.005562274228421929,0
dataset2,565,normal,0,1,full_minus_planned,0.021348746435217295,0
dataset2,566,normal,0,0,full_minus_planned,0.07939041182058854,0
dataset2,567,normal,0,1,full_minus_planned,0.018331991485716615,0
dataset2,568,normal,0,1,full_minus_planned,0.012073512443188479,0
dataset2,569,normal,0,1,full_minus_planned,0.015180816287061796,0
dataset2,570,normal,0,0,full_minus_planned,0.018772917839969594,0
dataset2,571,normal,0,0,full_minus_planned,0.02322025311725558,0
dataset2,572,normal,0,0,full_minus_planned,0.03090758237128646,0
dataset2,573,normal,0,0,full_minus_planned,0.020402202563337066,0
dataset2,574,normal,0,1,full_minus_planned,0.011920040273969201,0
dataset2,575,normal,0,1,full_minus_planned,0.027538828552156246,0
dataset2,576,normal,0,1,full_minus_planned,0.001697268737954176,0
dataset2,577,normal,0,1,full_minus_planned,0.005093445403819885,0
dataset2,578,normal,0,0,full_minus_planned,0.0015735111662530952,0
dataset2,579,normal,0,0,full_minus_planned,0.02406656841839357,0
dataset2,580,normal,0,0,full_minus_planned,0.0037783899158527557,0
dataset2,581,normal,0,0,full_minus_planned,0.010111724096492927,0
dataset2,582,normal,0,0,full_minus_planned,0.01112088830482228,0
dataset2,583,normal,0,1,full_minus_planned,0.013315544606265654,0
dataset2,584,normal,0,1,full_minus_planned,0.015285648024863444,0
dataset2,585,normal,0,1,full_minus_planned,0.030501633014465304,0
dataset2,586,normal,0,0,full_minus_planned,0.010081167551234829,0
dataset2,587,normal,0,0,full_minus_planned,0.01372617263832458,0
dataset2,588,normal,0,0,full_minus_planned,0.007975713401570113,0
dataset2,589,normal,0,0,full_minus_planned,0.010620866187910485,0
dataset2,590,normal,0,1,full_minus_planned,0.008316410943081816,0
dataset2,591,normal,0,1,full_minus_planned,0.00761979441163215,0
dataset2,592,normal,0,1,full_minus_planned,0.004572386832067114,0
dataset2,593,normal,0,1,full_minus_planned,0.007297677087920931,0
dataset2,594,normal,0,1,full_minus_planned,0.006542911631999425,0
dataset2,595,normal,0,0,full_minus_planned,0.006930361712452252,0
dataset2,596,normal,0,0,full_minus_planned,0.007813993731568143,0
dataset2,597,normal,0,0,full_minus_planned,0.00349747580790508,0
dataset2,598,normal,0,0,full_minus_planned,0.00349747580790508,0
dataset2,599,normal,0,0,full_minus_planned,0.0034996792908027195,0
dataset2,600,normal,0,0,full_minus_planned,0.0026160472716868295,0
dataset2,601,normal,0,0,full_minus_planned,0.0034815158271459495,0
dataset2,602,normal,0,0,full_minus_planned,0.00706837014601277,0
dataset2,603,normal,0,0,full_minus_planned,0.00871452891168824,0
dataset2,604,normal,0,1,full_minus_planned,0.02789322847234604,0
dataset2,605,normal,0,1,full_minus_planned,0.22165034206761425,0
dataset2,606,normal,0,1,full_minus_planned,0.03554238091976174,0
dataset2,607,normal,0,1,full_minus_planned,0.011634632821517886,0
dataset2,608,normal,0,0,full_minus_planned,0.007574393859706764,0
dataset2,609,normal,0,0,full_minus_planned,0.006964865662304794,0
dataset2,610,normal,0,0,full_minus_planned,0.00870061761788686,0
dataset2,611,normal,0,0,full_minus_planned,0.0049520587112088215,0
dataset2,612,normal,0,0,full_minus_planned,0.0245572943978029,0
dataset2,613,normal,0,0,full_minus_planned,0.012549883287627801,0
dataset2,614,normal,0,0,full_minus_planned,0.0110345909976483,0
dataset2,615,normal,0,0,full_minus_planned,0.017391578593794227,0
dataset2,616,normal,0,1,full_minus_planned,0.043964310370362185,0
dataset2,617,normal,0,1,full_minus_planned,0.08353190183805224,0
dataset2,618,normal,0,1,full_minus_planned,0.0840195920239399,0
dataset2,619,normal,0,1,full_minus_planned,0.0619354280426332,0
dataset2,620,normal,0,0,full_minus_planned,0.05797699827395026,0
dataset2,621,normal,0,0,full_minus_planned,0.07805184655067267,0
dataset2,622,normal,0,0,full_minus_planned,0.12586696823465446,0
dataset2,623,normal,0,0,full_minus_planned,0.16838872151021608,0
dataset2,624,normal,0,0,full_minus_planned,0.22016306847969278,0
dataset2,625,operator_stop,1,0,full_minus_planned,0.22646652401952286,0
dataset2,626,operator_stop,1,0,full_minus_planned,0.2888549931272409,0
dataset2,627,operator_stop,1,0,full_minus_planned,0.34126243002263734,0
dataset2,628,operator_stop,1,1,full_minus_planned,0.36701521574233975,0
dataset2,629,operator_stop,1,1,full_minus_planned,0.4185049815669369,0
dataset2,630,operator_stop,1,1,full_minus_planned,0.4081746724699899,0
dataset2,631,operator_stop,1,0,full_minus_planned,0.3732030438776392,0
dataset2,632,operator_stop,1,0,full_minus_planned,0.46386393743640686,0
dataset2,633,operator_stop,1,0,full_minus_planned,0.48516601876102583,0
dataset2,634,operator_stop,1,0,full_minus_planned,0.4820317236961724,0
dataset2,635,operator_stop,1,0,full_minus_planned,0.4655117353149538,0
dataset2,636,operator_stop,1,0,full_minus_planned,0.43841547045592116,0
dataset2,637,normal,0,1,full_minus_planned,0.46702169568283847,0
dataset2,638,normal,0,1,full_minus_planned,0.3718334863115112,0
dataset2,639,normal,0,1,full_minus_planned,0.291680392402788,0
dataset2,640,normal,0,1,full_minus_planned,0.25737883326912253,0
dataset2,641,normal,0,1,full_minus_planned,0.23897707416522188,0
dataset2,642,normal,0,1,full_minus_planned,0.15989822940286652,0
dataset2,643,normal,0,1,full_minus_planned,0.17687549251632917,0
dataset2,644,normal,0,0,full_minus_planned,0.10354790089310648,0
dataset2,645,normal,0,0,full_minus_planned,0.13135193548797472,0
dataset2,646,normal,0,0,full_minus_planned,0.17358622088362638,0
dataset2,647,normal,0,0,full_minus_planned,0.17643054046798692,0
dataset2,648,normal,0,0,full_minus_planned,0.1712074590674158,0
dataset2,649,normal,0,0,full_minus_planned,0.16559195030248683,0
dataset2,650,normal,0,0,full_minus_planned,0.16993529130162427,0
dataset2,651,normal,0,0,full_minus_planned,0.16521903184895884,0
dataset2,652,normal,0,0,full_minus_planned,0.1610608572415366,0
dataset2,653,normal,0,0,full_minus_planned,0.1698341055830825,0
dataset2,654,normal,0,1,full_minus_planned,0.31279311166377,0
dataset2,655,normal,0,1,full_minus_planned,0.18030550546042876,0
dataset2,656,normal,0,1,full_minus_planned,0.16432021956047513,0
dataset2,657,normal,0,0,full_minus_planned,0.1524998603677637,0
dataset2,658,normal,0,0,full_minus_planned,0.1662198534555798,0
dataset2,659,normal,0,0,full_minus_planned,0.16646501982186435,0
dataset2,660,normal,0,0,full_minus_planned,0.17056271343065604,0
dataset2,661,normal,0,1,full_minus_planned,0.17784845393201856,0
dataset2,662,normal,0,1,full_minus_planned,0.20324438287274327,0
dataset2,663,normal,0,1,full_minus_planned,0.21384479049321262,0
dataset2,664,normal,0,0,full_minus_planned,0.21549222362827064,0
dataset2,665,normal,0,0,full_minus_planned,0.2318559260486479,0
dataset2,666,normal,0,1,full_minus_planned,0.25141051248561547,0
dataset2,667,normal,0,1,full_minus_planned,0.25837915922272225,0
dataset2,668,normal,0,1,full_minus_planned,0.2609700144419883,0
dataset2,669,normal,0,0,full_minus_planned,0.27162483727982917,0
dataset2,670,normal,0,0,full_minus_planned,0.2839571408417755,0
dataset2,671,normal,0,0,full_minus_planned,0.30686554448493153,0
dataset2,672,normal,0,0,full_minus_planned,0.2777279500258295,0
dataset2,673,normal,0,0,full_minus_planned,0.26839349518166283,0
dataset2,674,normal,0,0,full_minus_planned,0.2627789473208514,0
dataset2,675,normal,0,0,full_minus_planned,0.26861968252760055,0
dataset2,676,normal,0,0,full_minus_planned,0.2754106835208196,0
dataset2,677,normal,0,0,full_minus_planned,0.29046862730953615,0
dataset2,678,normal,0,0,full_minus_planned,0.29487204670337086,0
dataset2,679,normal,0,0,full_minus_planned,0.29643910707239196,0
dataset2,680,normal,0,0,full_minus_planned,0.29034790072822586,0
dataset2,681,normal,0,0,full_minus_planned,0.2934769928064914,0
dataset2,682,normal,0,0,full_minus_planned,0.295922975077555,0
dataset2,683,normal,0,0,full_minus_planned,0.28810135988867513,0
dataset2,684,normal,0,0,full_minus_planned,0.2811155997091296,0
dataset2,685,normal,0,0,full_minus_planned,0.2740432154412932,0
dataset2,686,normal,0,0,full_minus_planned,0.38389453826294806,0
dataset2,687,normal,0,0,full_minus_planned,0.3584114531105974,0
dataset2,688,normal,0,0,full_minus_planned,0.36445057188197855,0
dataset2,689,normal,0,0,full_minus_planned,0.4053507531668407,0
dataset2,690,normal,0,0,full_minus_planned,0.7457251862241755,1
dataset2,691,normal,0,0,full_minus_planned,0.4457266493810407,0
dataset2,692,normal,0,0,full_minus_planned,0.41365383026565966,0
dataset2,693,normal,0,0,full_minus_planned,0.3953595335064549,0
dataset2,694,normal,0,0,full_minus_planned,0.3945582676434983,0
dataset2,695,normal,0,0,full_minus_planned,0.4104530491509319,0
dataset2,696,normal,0,0,full_minus_planned,0.40384982202636555,0
dataset2,697,normal,0,0,full_minus_planned,0.2554426022768093,0
dataset2,698,normal,0,0,full_minus_planned,0.3028508580847834,0
dataset2,699,normal,0,0,full_minus_planned,0.33387837066220616,0
dataset2,700,normal,0,0,full_minus_planned,0.3439601067789139,0
dataset2,701,normal,0,0,full_minus_planned,0.3709523523484477,0
dataset2,702,normal,0,0,full_minus_planned,0.366670002544046,0
dataset2,703,normal,0,0,full_minus_planned,0.34941943658679225,0
dataset2,704,normal,0,0,full_minus_planned,0.339971210216724,0
dataset2,705,normal,0,0,full_minus_planned,0.3352794867317987,0
dataset2,706,normal,0,0,full_minus_planned,0.33145731425592706,0
dataset2,707,normal,0,0,full_minus_planned,0.3078384811891033,0
dataset2,708,normal,0,0,full_minus_planned,0.3803454217838292,0
dataset2,709,normal,0,0,full_minus_planned,0.36675894045175056,0
dataset2,710,normal,0,0,full_minus_planned,0.3828362505890805,0
dataset2,711,fallback_hold,1,0,full_minus_planned,0.7663111530678676,1
dataset2,712,normal,0,0,full_minus_planned,0.793750520500472,1
dataset2,713,fallback_hold,1,0,full_minus_planned,0.797414776567095,1
dataset2,714,normal,0,0,full_minus_planned,0.8162586456600045,1
dataset2,715,normal,0,0,full_minus_planned,0.8150900550899953,1
dataset2,716,fallback_hold,1,0,full_minus_planned,0.8151578635079924,1
dataset2,717,fallback_hold,1,0,full_minus_planned,0.8151578635079924,1
dataset2,718,normal,0,0,full_minus_planned,0.8145299503375955,1
dataset2,719,fallback_hold,1,0,full_minus_planned,0.8145299503375955,1
dataset2,720,normal,0,0,full_minus_planned,0.814211317983317,1
dataset2,721,fallback_hold,1,0,full_minus_planned,0.814211317983317,1
dataset2,722,deadlock,1,0,full_minus_planned,0.8143435058604189,1
dataset2,723,fallback_hold,1,0,full_minus_planned,0.8127557632048552,1
dataset2,724,deadlock,1,0,full_minus_planned,0.8152900513850942,1
dataset2,725,fallback_hold,1,0,full_minus_planned,0.8151578635079924,1
dataset2,726,normal,0,0,full_minus_planned,0.8152900513850942,1
dataset2,727,fallback_hold,1,0,full_minus_planned,0.8152900513850942,1
dataset2,728,normal,0,0,full_minus_planned,0.8145299503375955,1
dataset2,729,fallback_hold,1,0,full_minus_planned,0.8145299503375955,1
dataset2,730,deadlock,1,0,full_minus_planned,0.8092376866828137,1
dataset2,731,fallback_hold,1,0,full_minus_planned,0.8104062772528229,1
dataset2,732,normal,0,0,full_minus_planned,0.8108230033838347,1
dataset2,733,fallback_hold,1,0,full_minus_planned,0.8108230033838347,1
dataset2,734,normal,0,0,full_minus_planned,0.8163028693269863,1
dataset2,735,fallback_hold,1,0,full_minus_planned,0.8162384898678815,1
dataset2,736,normal,0,0,full_minus_planned,0.8106913837457503,1
dataset2,737,fallback_hold,1,0,full_minus_planned,0.8143435058604189,1
dataset2,738,normal,0,0,full_minus_planned,0.8122756974424218,1
dataset2,739,fallback_hold,1,0,full_minus_planned,0.8122756974424218,1
dataset2,740,normal,0,0,full_minus_planned,0.81214350956532,1
dataset2,741,fallback_hold,1,0,full_minus_planned,0.81214350956532,1
dataset2,742,normal,0,0,full_minus_planned,0.8151578635079924,1
dataset2,743,fallback_hold,1,0,full_minus_planned,0.8151578635079924,1
dataset2,744,normal,0,0,full_minus_planned,0.814211317983317,1
dataset2,745,fallback_hold,1,0,full_minus_planned,0.814211317983317,1
dataset2,746,normal,0,0,full_minus_planned,0.8151578635079924,1
dataset2,747,fallback_hold,1,0,full_minus_planned,0.8151578635079924,1
dataset2,748,normal,0,0,full_minus_planned,0.8145299503375955,1
dataset2,749,fallback_hold,1,0,full_minus_planned,0.8145299503375955,1
dataset2,750,normal,0,0,full_minus_planned,0.8151578635079924,1
dataset2,751,fallback_hold,1,0,full_minus_planned,0.8151578635079924,1
dataset2,752,fallback_hold,1,0,full_minus_planned,0.8090308676515162,1
dataset2,753,normal,0,0,full_minus_planned,0.8152900513850942,1
dataset2,754,fallback_hold,1,0,full_minus_planned,0.8150900550899953,1
dataset2,755,normal,0,0,full_minus_planned,0.8151578635079924,1
dataset2,756,fallback_hold,1,0,full_minus_planned,0.8151578635079924,1
dataset2,757,normal,0,0,full_minus_planned,0.8145299503375955,1
dataset2,758,fallback_hold,1,0,full_minus_planned,0.8145299503375955,1
dataset2,759,normal,0,0,full_minus_planned,0.8145299503375955,1
dataset2,760,fallback_hold,1,0,full_minus_planned,0.8145299503375955,1
dataset2,761,fallback_hold,1,0,full_minus_planned,0.8097940236132878,1
dataset2,762,normal,0,0,full_minus_planned,0.8134560565325718,1
dataset2,763,fallback_hold,1,0,full_minus_planned,0.811936122295005,1
dataset2,764,normal,0,0,full_minus_planned,0.8152390317375652,1
dataset2,765,fallback_hold,1,0,full_minus_planned,0.8151746522784604,1
dataset2,766,normal,0,0,full_minus_planned,0.8136379292704258,1
dataset2,767,fallback_hold,1,0,full_minus_planned,0.8151578635079924,1
dataset2,768,fallback_hold,1,0,full_minus_planned,0.810418614011981,1
dataset2,769,normal,0,0,full_minus_planned,0.8104829934710858,1
dataset2,770,fallback_hold,1,0,full_minus_planned,0.8099994619264266,1
dataset2,771,normal,0,0,full_minus_planned,0.8099994619264266,1
dataset2,772,fallback_hold,1,0,full_minus_planned,0.8099994619264266,1
dataset2,773,normal,0,0,full_minus_planned,0.8143706777449835,1
dataset2,774,fallback_hold,1,0,full_minus_planned,0.8127185556303148,1
dataset2,775,normal,0,0,full_minus_planned,0.8088986797744143,1
dataset2,776,fallback_hold,1,0,full_minus_planned,0.810418614011981,1
dataset2,777,fallback_hold,1,0,full_minus_planned,0.8159489313636443,1
dataset2,778,normal,0,0,full_minus_planned,0.80901128177806,1
dataset2,779,fallback_hold,1,0,full_minus_planned,0.808943473360063,1
dataset2,780,normal,0,0,full_minus_planned,0.8153796135942325,1
dataset2,781,fallback_hold,1,0,full_minus_planned,0.8154474220122296,1
dataset2,782,normal,0,0,full_minus_planned,0.8093054951008107,1
dataset2,783,fallback_hold,1,0,full_minus_planned,0.8092376866828137,1
dataset2,784,fallback_hold,1,0,full_minus_planned,0.8162586456600045,1
dataset2,785,normal,0,0,full_minus_planned,0.8122756974424218,1
dataset2,786,fallback_hold,1,0,full_minus_planned,0.8123435058604189,1
dataset2,787,normal,0,0,full_minus_planned,0.8151578635079924,1
dataset2,788,fallback_hold,1,0,full_minus_planned,0.8151578635079924,1
dataset2,789,fallback_hold,1,0,full_minus_planned,0.8094376829779125,1
dataset2,790,normal,0,0,full_minus_planned,0.8078499403223487,1
dataset2,791,fallback_hold,1,0,full_minus_planned,0.8111986213927479,1
dataset2,792,normal,0,0,full_minus_planned,0.8145299503375955,1
dataset2,793,fallback_hold,1,0,full_minus_planned,0.8145299503375955,1
dataset2,794,normal,0,0,full_minus_planned,0.8151578635079924,1
dataset2,795,fallback_hold,1,0,full_minus_planned,0.8151578635079924,1
dataset2,796,normal,0,0,full_minus_planned,0.8093054951008107,1
dataset2,797,fallback_hold,1,0,full_minus_planned,0.8104062772528229,1
dataset2,798,normal,0,0,full_minus_planned,0.8161264577829027,1
dataset2,799,fallback_hold,1,0,full_minus_planned,0.8151578635079924,1
dataset2,800,normal,0,0,full_minus_planned,0.812211317983317,1
dataset2,801,fallback_hold,1,0,full_minus_planned,0.812211317983317,1
dataset2,802,normal,0,0,full_minus_planned,0.8115193961639932,1
dataset2,803,normal,0,0,full_minus_planned,0.8115193961639932,1
dataset2,804,deadlock,1,0,full_minus_planned,0.8099994619264266,1
dataset2,805,fallback_hold,1,0,full_minus_planned,0.8116786871551811,1
dataset2,806,normal,0,0,full_minus_planned,0.8093054951008107,1
dataset2,807,fallback_hold,1,0,full_minus_planned,0.8093054951008107,1
dataset2,808,normal,0,0,full_minus_planned,0.8158811229456472,1
dataset2,809,fallback_hold,1,0,full_minus_planned,0.8159489313636443,1
dataset2,810,normal,0,0,full_minus_planned,0.8119385482495478,1
dataset2,811,fallback_hold,1,0,full_minus_planned,0.8120707361266496,1
dataset2,812,fallback_hold,1,0,full_minus_planned,0.8150900550899953,1
dataset2,813,normal,0,0,full_minus_planned,0.8151578635079924,1
dataset2,814,fallback_hold,1,0,full_minus_planned,0.8151578635079924,1
dataset2,815,normal,0,0,full_minus_planned,0.80901128177806,1
dataset2,816,fallback_hold,1,0,full_minus_planned,0.8101120639300722,1
dataset2,817,normal,0,0,full_minus_planned,0.8162586456600045,1
dataset2,818,fallback_hold,1,0,full_minus_planned,0.8139622285183287,1
dataset2,819,fallback_hold,1,1,full_minus_planned,0.8077708532027477,1
dataset2,820,normal,0,1,full_minus_planned,0.8264380486062314,1
dataset2,821,safe_node_hold,1,1,full_minus_planned,0.8270050316627513,1
dataset2,822,normal,0,1,full_minus_planned,0.8205749165129866,1
dataset2,823,safe_node_hold,1,1,full_minus_planned,0.8184797472151201,1
dataset2,824,normal,0,1,full_minus_planned,0.8251668407118723,1
dataset2,825,safe_node_hold,1,1,full_minus_planned,0.8168914441550146,1
dataset2,826,normal,0,0,full_minus_planned,0.8145073514891993,1
dataset2,827,safe_node_hold,1,0,full_minus_planned,0.8145073514891993,1
dataset2,828,normal,0,0,full_minus_planned,0.814211317983317,1
dataset2,829,safe_node_hold,1,0,full_minus_planned,0.8143435058604189,1
dataset2,830,safe_node_hold,1,0,full_minus_planned,0.8097940236132878,1
dataset2,831,normal,0,0,full_minus_planned,0.8133121001353292,1
dataset2,832,safe_node_hold,1,0,full_minus_planned,0.813728826266341,1
dataset2,833,normal,0,0,full_minus_planned,0.8137869059179955,1
dataset2,834,safe_node_hold,1,0,full_minus_planned,0.8153068401555622,1
dataset2,835,normal,0,0,full_minus_planned,0.8108948877624083,1
dataset2,836,safe_node_hold,1,1,full_minus_planned,0.8112449248198051,1
dataset2,837,safe_node_hold,1,1,full_minus_planned,0.8220354401302137,1
dataset2,838,normal,0,1,full_minus_planned,0.8157130114021792,1
dataset2,839,safe_node_hold,1,0,full_minus_planned,0.8124987363425067,1
dataset2,840,normal,0,0,full_minus_planned,0.8144589690812184,1
dataset2,841,safe_node_hold,1,0,full_minus_planned,0.8154953717741256,1
dataset2,842,normal,0,0,full_minus_planned,0.8145267774992154,1
dataset2,843,safe_node_hold,1,1,full_minus_planned,0.815271287119462,1
dataset2,844,normal,0,1,full_minus_planned,0.808518450149158,1
dataset2,845,safe_node_hold,1,1,full_minus_planned,0.8080917846663331,1
dataset3,0,normal,0,0,full_corrected_21,0.014729989976775873,0
dataset3,1,normal,0,0,full_corrected_21,0.014729989976775873,0
dataset3,2,normal,0,0,full_corrected_21,0.014729989976775873,0
dataset3,3,normal,0,0,full_corrected_21,0.014729989976775873,0
dataset3,4,normal,0,0,full_corrected_21,0.014729989976775873,0
dataset3,5,normal,0,0,full_corrected_21,0.014729989976775873,0
dataset3,6,normal,0,0,full_corrected_21,0.014729989976775873,0
dataset3,7,normal,0,0,full_corrected_21,0.014729989976775873,0
dataset3,8,normal,0,0,full_corrected_21,0.014729989976775873,0
dataset3,9,normal,0,0,full_corrected_21,0.014729989976775873,0
dataset3,10,normal,0,0,full_corrected_21,0.014729989976775873,0
dataset3,11,normal,0,0,full_corrected_21,0.014729989976775873,0
dataset3,12,normal,0,0,full_corrected_21,0.014729989976775873,0
dataset3,13,normal,0,0,full_corrected_21,0.014729989976775873,0
dataset3,14,normal,0,0,full_corrected_21,0.014729989976775873,0
dataset3,15,normal,0,0,full_corrected_21,0.014729989976775873,0
dataset3,16,normal,0,0,full_corrected_21,0.014729989976775873,0
dataset3,17,normal,0,0,full_corrected_21,0.014729989976775873,0
dataset3,18,normal,0,0,full_corrected_21,0.014729989976775873,0
dataset3,19,normal,0,0,full_corrected_21,0.014729989976775873,0
dataset3,20,normal,0,0,full_corrected_21,0.014729989976775873,0
dataset3,21,normal,0,0,full_corrected_21,0.014729989976775873,0
dataset3,22,normal,0,0,full_corrected_21,0.014729989976775873,0
dataset3,23,normal,0,0,full_corrected_21,0.014729989976775873,0
dataset3,24,normal,0,0,full_corrected_21,0.014729989976775873,0
dataset3,25,normal,0,0,full_corrected_21,0.014729989976775873,0
dataset3,26,normal,0,0,full_corrected_21,0.014729989976775873,0
dataset3,27,normal,0,0,full_corrected_21,0.014729989976775873,0
dataset3,28,normal,0,0,full_corrected_21,0.014729989976775873,0
dataset3,29,normal,0,0,full_corrected_21,0.014729989976775873,0
dataset3,30,normal,0,0,full_corrected_21,0.014729989976775873,0
dataset3,31,normal,0,0,full_corrected_21,0.014729989976775873,0
dataset3,32,normal,0,0,full_corrected_21,0.014729989976775873,0
dataset3,33,normal,0,0,full_corrected_21,0.014729989976775873,0
dataset3,34,normal,0,0,full_corrected_21,0.014729989976775873,0
dataset3,35,normal,0,0,full_corrected_21,0.014729989976775873,0
dataset3,36,normal,0,0,full_corrected_21,0.014729989976775873,0
dataset3,37,normal,0,0,full_corrected_21,0.014729989976775873,0
dataset3,38,normal,0,0,full_corrected_21,0.014729989976775873,0
dataset3,39,normal,0,0,full_corrected_21,0.014729989976775873,0
dataset3,40,normal,0,0,full_corrected_21,0.014729989976775873,0
dataset3,41,normal,0,0,full_corrected_21,0.014729989976775873,0
dataset3,42,normal,0,0,full_corrected_21,0.014729989976775873,0
dataset3,43,normal,0,0,full_corrected_21,0.014729989976775873,0
dataset3,44,normal,0,0,full_corrected_21,0.014729989976775873,0
dataset3,45,normal,0,0,full_corrected_21,0.014729989976775873,0
dataset3,46,normal,0,0,full_corrected_21,0.014729989976775873,0
dataset3,47,normal,0,0,full_corrected_21,0.014729989976775873,0
dataset3,48,normal,0,0,full_corrected_21,0.014729989976775873,0
dataset3,49,normal,0,0,full_corrected_21,0.014729989976775873,0
dataset3,50,normal,0,0,full_corrected_21,0.014729989976775873,0
dataset3,51,normal,0,0,full_corrected_21,0.014729989976775873,0
dataset3,52,normal,0,0,full_corrected_21,0.014729989976775873,0
dataset3,53,normal,0,0,full_corrected_21,0.014729989976775873,0
dataset3,54,normal,0,0,full_corrected_21,0.014729989976775873,0
dataset3,55,normal,0,0,full_corrected_21,0.014729989976775873,0
dataset3,56,normal,0,0,full_corrected_21,0.014729989976775873,0
dataset3,57,normal,0,0,full_corrected_21,0.014729989976775873,0
dataset3,58,normal,0,0,full_corrected_21,0.014729989976775873,0
dataset3,59,normal,0,0,full_corrected_21,0.014729989976775873,0
dataset3,60,normal,0,0,full_corrected_21,0.014729989976775873,0
dataset3,61,normal,0,0,full_corrected_21,0.014729989976775873,0
dataset3,62,normal,0,0,full_corrected_21,0.014729989976775873,0
dataset3,63,normal,0,0,full_corrected_21,0.014729989976775873,0
dataset3,64,normal,0,0,full_corrected_21,0.014729989976775873,0
dataset3,65,normal,0,0,full_corrected_21,0.014729989976775873,0
dataset3,66,normal,0,0,full_corrected_21,0.014729989976775873,0
dataset3,67,normal,0,0,full_corrected_21,0.014729989976775873,0
dataset3,68,normal,0,0,full_corrected_21,0.014729989976775873,0
dataset3,69,normal,0,0,full_corrected_21,0.014729989976775873,0
dataset3,70,normal,0,0,full_corrected_21,0.014729989976775873,0
dataset3,71,normal,0,0,full_corrected_21,0.014729989976775873,0
dataset3,72,normal,0,0,full_corrected_21,0.014729989976775873,0
dataset3,73,normal,0,0,full_corrected_21,0.014729989976775873,0
dataset3,74,normal,0,0,full_corrected_21,0.014729989976775873,0
dataset3,75,normal,0,0,full_corrected_21,0.014729989976775873,0
dataset3,76,normal,0,0,full_corrected_21,0.014729989976775873,0
dataset3,77,normal,0,0,full_corrected_21,0.014729989976775873,0
dataset3,78,normal,0,0,full_corrected_21,0.014729989976775873,0
dataset3,79,normal,0,0,full_corrected_21,0.014729989976775873,0
dataset3,80,normal,0,0,full_corrected_21,0.014729989976775873,0
dataset3,81,normal,0,0,full_corrected_21,0.014729989976775873,0
dataset3,82,normal,0,0,full_corrected_21,0.014729989976775873,0
dataset3,83,normal,0,0,full_corrected_21,0.014729989976775873,0
dataset3,84,normal,0,0,full_corrected_21,0.014729989976775873,0
dataset3,85,normal,0,0,full_corrected_21,0.014729989976775873,0
dataset3,86,normal,0,0,full_corrected_21,0.014729989976775873,0
dataset3,87,normal,0,0,full_corrected_21,0.014729989976775873,0
dataset3,88,normal,0,0,full_corrected_21,0.014729989976775873,0
dataset3,89,normal,0,0,full_corrected_21,0.014729989976775873,0
dataset3,90,normal,0,0,full_corrected_21,0.014729989976775873,0
dataset3,91,normal,0,0,full_corrected_21,0.014729989976775873,0
dataset3,92,normal,0,0,full_corrected_21,0.014729989976775873,0
dataset3,93,normal,0,0,full_corrected_21,0.014729989976775873,0
dataset3,94,normal,0,0,full_corrected_21,0.014729989976775873,0
dataset3,95,normal,0,0,full_corrected_21,0.014729989976775873,0
dataset3,96,normal,0,0,full_corrected_21,0.014729989976775873,0
dataset3,97,normal,0,0,full_corrected_21,0.014729989976775873,0
dataset3,98,normal,0,0,full_corrected_21,0.014729989976775873,0
dataset3,99,normal,0,0,full_corrected_21,0.014729989976775873,0
dataset3,100,normal,0,0,full_corrected_21,0.014729989976775873,0
dataset3,101,normal,0,0,full_corrected_21,0.014729989976775873,0
dataset3,102,normal,0,0,full_corrected_21,0.014729989976775873,0
dataset3,103,normal,0,0,full_corrected_21,0.014729989976775873,0
dataset3,104,normal,0,0,full_corrected_21,0.014729989976775873,0
dataset3,105,normal,0,0,full_corrected_21,0.014729989976775873,0
dataset3,106,normal,0,0,full_corrected_21,0.014729989976775873,0
dataset3,107,normal,0,0,full_corrected_21,0.014729989976775873,0
dataset3,108,normal,0,0,full_corrected_21,0.014729989976775873,0
dataset3,109,normal,0,0,full_corrected_21,0.014729989976775873,0
dataset3,110,normal,0,0,full_corrected_21,0.014729989976775873,0
dataset3,111,normal,0,0,full_corrected_21,0.014729989976775873,0
dataset3,112,normal,0,0,full_corrected_21,0.014729989976775873,0
dataset3,113,normal,0,0,full_corrected_21,0.014729989976775873,0
dataset3,114,normal,0,0,full_corrected_21,0.014729989976775873,0
dataset3,115,normal,0,0,full_corrected_21,0.014729989976775873,0
dataset3,116,normal,0,0,full_corrected_21,0.014729989976775873,0
dataset3,117,normal,0,0,full_corrected_21,0.014729989976775873,0
dataset3,118,normal,0,0,full_corrected_21,0.014729989976775873,0
dataset3,119,normal,0,0,full_corrected_21,0.014729989976775873,0
dataset3,120,normal,0,0,full_corrected_21,0.014729989976775873,0
dataset3,121,normal,0,0,full_corrected_21,0.022037789991112965,0
dataset3,122,normal,0,0,full_corrected_21,0.022037789991112965,0
dataset3,123,normal,0,1,full_corrected_21,0.0,0
dataset3,124,normal,0,1,full_corrected_21,0.0,0
dataset3,125,normal,0,1,full_corrected_21,0.0,0
dataset3,126,normal,0,0,full_corrected_21,0.0,0
dataset3,127,normal,0,0,full_corrected_21,0.0,0
dataset3,128,normal,0,0,full_corrected_21,0.0,0
dataset3,129,normal,0,0,full_corrected_21,0.0011670281995661605,0
dataset3,130,normal,0,1,full_corrected_21,0.0,0
dataset3,131,normal,0,1,full_corrected_21,0.0,0
dataset3,132,normal,0,1,full_corrected_21,0.0,0
dataset3,133,normal,0,0,full_corrected_21,0.0019317773788150806,0
dataset3,134,normal,0,0,full_corrected_21,0.0021329168889737005,0
dataset3,135,normal,0,1,full_corrected_21,0.0014739726027397262,0
dataset3,136,normal,0,1,full_corrected_21,0.0,0
dataset3,137,normal,0,1,full_corrected_21,0.005016324364129012,0
dataset3,138,normal,0,0,full_corrected_21,0.0009658886894075403,0
dataset3,139,normal,0,1,full_corrected_21,0.0024811284548380695,0
dataset3,140,normal,0,1,full_corrected_21,0.00638353413473177,0
dataset3,141,normal,0,1,full_corrected_21,0.013581779616711009,0
dataset3,142,normal,0,0,full_corrected_21,0.004641000802305887,0
dataset3,143,normal,0,0,full_corrected_21,0.005808029001872047,0
dataset3,144,normal,0,0,full_corrected_21,0.010159617168524706,0
dataset3,145,normal,0,0,full_corrected_21,0.0031560453265053164,0
dataset3,146,normal,0,1,full_corrected_21,0.0012082953622569636,0
dataset3,147,normal,0,1,full_corrected_21,0.0025070306447267645,0
dataset3,148,normal,0,1,full_corrected_21,0.0005161127054975111,0
dataset3,149,normal,0,0,full_corrected_21,0.0016418737423728683,0
dataset3,150,normal,0,0,full_corrected_21,0.00047484554280670795,0
dataset3,151,normal,0,0,full_corrected_21,0.017728552032596753,0
dataset3,152,normal,0,0,full_corrected_21,0.00549491622228102,0
dataset3,153,normal,0,0,full_corrected_21,0.00432788802271486,0
dataset3,154,normal,0,1,full_corrected_21,0.016663136023948224,0
dataset3,155,normal,0,1,full_corrected_21,0.033417646856954,0
dataset3,156,normal,0,1,full_corrected_21,0.03789233734705798,0
dataset3,157,normal,0,0,full_corrected_21,0.01877582894368581,0
dataset3,158,normal,0,0,full_corrected_21,0.016868446489475688,0
dataset3,159,normal,0,0,full_corrected_21,0.03594704944337279,0
dataset3,160,normal,0,0,full_corrected_21,0.11545431978335223,0
dataset3,161,normal,0,1,full_corrected_21,0.06256725038189734,0
dataset3,162,normal,0,1,full_corrected_21,0.056908152083770334,0
dataset3,163,normal,0,1,full_corrected_21,0.05150785037721162,0
dataset3,164,normal,0,1,full_corrected_21,0.02540640702771182,0
dataset3,165,normal,0,1,full_corrected_21,0.025851161844421294,0
dataset3,166,normal,0,0,full_corrected_21,0.01131897989102572,0
dataset3,167,normal,0,0,full_corrected_21,0.011082395137940602,0
dataset3,168,normal,0,0,full_corrected_21,0.011075933586308925,0
dataset3,169,normal,0,0,full_corrected_21,0.005677638818079011,0
dataset3,170,normal,0,0,full_corrected_21,0.00867086014105871,0
dataset3,171,normal,0,0,full_corrected_21,0.012162846314128624,0
dataset3,172,normal,0,0,full_corrected_21,0.011657074488265962,0
dataset3,173,normal,0,0,full_corrected_21,0.01517433093477435,0
dataset3,174,normal,0,0,full_corrected_21,0.016697977176130384,0
dataset3,175,normal,0,1,full_corrected_21,0.022883781103390625,0
dataset3,176,normal,0,1,full_corrected_21,0.02438640106776478,0
dataset3,177,normal,0,1,full_corrected_21,0.05598320017661278,0
dataset3,178,normal,0,1,full_corrected_21,0.06647741449061523,0
dataset3,179,normal,0,0,full_corrected_21,0.038146418471738185,0
dataset3,180,normal,0,0,full_corrected_21,0.047170290014180556,0
dataset3,181,normal,0,0,full_corrected_21,0.06520018569506585,0
dataset3,182,normal,0,0,full_corrected_21,0.25564320911543575,0
dataset3,183,normal,0,0,full_corrected_21,0.06110709311132756,0
dataset3,184,normal,0,0,full_corrected_21,0.05853722150538716,0
dataset3,185,normal,0,0,full_corrected_21,0.059228386739822815,0
dataset3,186,normal,0,0,full_corrected_21,0.08166013997953192,0
dataset3,187,normal,0,1,full_corrected_21,0.09572273868602069,0
dataset3,188,normal,0,1,full_corrected_21,0.1485288511734199,0
dataset3,189,normal,0,1,full_corrected_21,0.13763813620773677,0
dataset3,190,normal,0,1,full_corrected_21,0.17236415146699816,0
dataset3,191,normal,0,0,full_corrected_21,0.2048649447948769,0
dataset3,192,normal,0,0,full_corrected_21,0.32503212478380156,0
dataset3,193,normal,0,0,full_corrected_21,0.29625860571706236,0
dataset3,194,normal,0,0,full_corrected_21,0.2978835287098615,0
dataset3,195,normal,0,0,full_corrected_21,0.3138753762707979,0
dataset3,196,fallback_hold,1,0,full_corrected_21,0.29536252750782604,0
dataset3,197,normal,0,0,full_corrected_21,0.489711879779776,0
dataset3,198,normal,0,0,full_corrected_21,0.5208844405559574,1
dataset3,199,fallback_hold,1,1,full_corrected_21,0.5873458591497049,1
dataset3,200,normal,0,1,full_corrected_21,0.6526790282721155,1
dataset3,201,fallback_hold,1,1,full_corrected_21,0.636960660792663,1
dataset3,202,normal,0,0,full_corrected_21,0.7524476157759619,1
dataset3,203,normal,0,0,full_corrected_21,0.7798003657391284,1
dataset3,204,fallback_hold,1,0,full_corrected_21,0.6723789761177077,1
dataset3,205,normal,0,0,full_corrected_21,0.6361940942250818,1
dataset3,206,normal,0,0,full_corrected_21,0.7118417651545549,1
dataset3,207,fallback_hold,1,0,full_corrected_21,0.7192897469784082,1
dataset3,208,normal,0,1,full_corrected_21,0.7252254982906685,1
dataset3,209,fallback_hold,1,1,full_corrected_21,0.7360821508442641,1
dataset3,210,normal,0,1,full_corrected_21,0.7415554422360653,1
dataset3,211,fallback_hold,1,1,full_corrected_21,0.7481856909332536,1
dataset3,212,normal,0,1,full_corrected_21,0.7310124295059338,1
dataset3,213,fallback_hold,1,1,full_corrected_21,0.6977173439010944,1
dataset3,214,fallback_hold,1,1,full_corrected_21,0.6672771108468554,1
dataset3,215,normal,0,0,full_corrected_21,0.6986464218610678,1
dataset3,216,fallback_hold,1,0,full_corrected_21,0.7186829552936789,1
dataset3,217,normal,0,0,full_corrected_21,0.7503172460823301,1
dataset3,218,deadlock,1,0,full_corrected_21,0.8181709358570016,1
dataset3,219,deadlock,1,0,full_corrected_21,0.8478920259184164,1
dataset3,220,deadlock,1,0,full_corrected_21,0.8428490085135023,1
dataset3,221,deadlock,1,0,full_corrected_21,0.8459920667789697,1
dataset3,222,deadlock,1,0,full_corrected_21,0.8485455215558788,1
dataset3,223,deadlock,1,0,full_corrected_21,0.8319300738714513,1
dataset3,224,deadlock,1,0,full_corrected_21,0.8269176218702045,1
dataset3,225,deadlock,1,1,full_corrected_21,0.8157880875995008,1
dataset3,226,deadlock,1,1,full_corrected_21,0.8123013495776693,1
dataset3,227,deadlock,1,1,full_corrected_21,0.8120711737270636,1
dataset3,228,deadlock,1,0,full_corrected_21,0.8337401469722167,1
dataset3,229,deadlock,1,0,full_corrected_21,0.8386182311121029,1
dataset3,230,deadlock,1,0,full_corrected_21,0.8373100022877894,1
dataset3,231,deadlock,1,0,full_corrected_21,0.8408741894225308,1
dataset3,232,deadlock,1,1,full_corrected_21,0.8087783400152834,1
dataset3,233,deadlock,1,1,full_corrected_21,0.79929860337541,1
dataset3,234,deadlock,1,1,full_corrected_21,0.787531495866518,1
dataset3,235,deadlock,1,0,full_corrected_21,0.808168063489916,1
dataset3,236,deadlock,1,0,full_corrected_21,0.8102678523616902,1
dataset3,237,deadlock,1,1,full_corrected_21,0.8272649498583718,1
dataset3,238,deadlock,1,1,full_corrected_21,0.8147617610798442,1
dataset3,239,deadlock,1,1,full_corrected_21,0.780741373833655,1
dataset3,240,deadlock,1,0,full_corrected_21,0.8008007089382466,1
dataset3,241,deadlock,1,0,full_corrected_21,0.8041044476674514,1
dataset3,242,deadlock,1,0,full_corrected_21,0.8357708369636978,1
dataset3,243,deadlock,1,0,full_corrected_21,0.8357708369636978,1
dataset3,244,deadlock,1,0,full_corrected_21,0.8357708369636978,1
dataset3,245,deadlock,1,0,full_corrected_21,0.8357708369636978,1
dataset3,246,deadlock,1,0,full_corrected_21,0.8357708369636978,1
dataset3,247,deadlock,1,0,full_corrected_21,0.8357708369636978,1
dataset3,248,deadlock,1,0,full_corrected_21,0.8357708369636978,1
dataset3,249,deadlock,1,0,full_corrected_21,0.8357708369636978,1
dataset3,250,deadlock,1,0,full_corrected_21,0.8357708369636978,1
dataset3,251,deadlock,1,0,full_corrected_21,0.8357708369636978,1
dataset3,252,deadlock,1,0,full_corrected_21,0.8357708369636978,1
dataset3,253,deadlock,1,0,full_corrected_21,0.8357708369636978,1
dataset3,254,deadlock,1,0,full_corrected_21,0.8357708369636978,1
dataset3,255,deadlock,1,0,full_corrected_21,0.8357708369636978,1
dataset3,256,deadlock,1,0,full_corrected_21,0.8357708369636978,1
dataset3,257,conflict_risk,1,0,full_corrected_21,0.8357708369636978,1
dataset3,258,deadlock,1,0,full_corrected_21,0.8357708369636978,1
dataset3,259,fallback_hold,1,0,full_corrected_21,0.8357708369636978,1
dataset3,260,conflict_risk,1,0,full_corrected_21,0.8357708369636978,1
dataset3,261,fallback_hold,1,0,full_corrected_21,0.8357708369636978,1
dataset3,262,conflict_risk,1,0,full_corrected_21,0.8357708369636978,1
dataset3,263,fallback_hold,1,0,full_corrected_21,0.8357708369636978,1
dataset3,264,fallback_hold,1,0,full_corrected_21,0.8357708369636978,1
dataset3,265,conflict_risk,1,0,full_corrected_21,0.8357708369636978,1
dataset3,266,fallback_hold,1,0,full_corrected_21,0.8357708369636978,1
dataset3,267,conflict_risk,1,0,full_corrected_21,0.8161380619900793,1
dataset3,268,fallback_hold,1,0,full_corrected_21,0.8105944719195676,1
dataset3,269,conflict_risk,1,0,full_corrected_21,0.8047353511012443,1
dataset3,270,fallback_hold,1,0,full_corrected_21,0.7988283085541151,1
dataset3,271,fallback_hold,1,0,full_corrected_21,0.7889236260453266,1
dataset3,272,conflict_risk,1,0,full_corrected_21,0.7484603439882056,1
dataset3,273,safe_node_hold,1,0,full_corrected_21,0.6332817846639746,1
dataset3,274,normal,0,0,full_corrected_21,0.6433318903216935,1
dataset3,275,safe_node_hold,1,0,full_corrected_21,0.6282707023421542,1
dataset3,276,normal,0,0,full_corrected_21,0.634819875774083,1
dataset3,277,safe_node_hold,1,0,full_corrected_21,0.6325417972936055,1
dataset3,278,safe_node_hold,1,0,full_corrected_21,0.5939944369123723,1
dataset3,279,normal,0,0,full_corrected_21,0.3276001518714542,0
dataset3,280,resume,0,0,full_corrected_21,0.26524292963395674,0
dataset3,281,normal,0,1,full_corrected_21,0.1527018539862768,0
dataset3,282,normal,0,1,full_corrected_21,0.15834451666753058,0
dataset3,283,normal,0,1,full_corrected_21,0.11921025595159897,0
dataset3,284,normal,0,1,full_corrected_21,0.10020302258958932,0
dataset3,285,normal,0,0,full_corrected_21,0.07337226496196887,0
dataset3,286,normal,0,0,full_corrected_21,0.09758936393649657,0
dataset3,287,normal,0,0,full_corrected_21,0.1037947541676563,0
dataset3,288,normal,0,0,full_corrected_21,0.29854233826032434,0
dataset3,289,safe_node_hold,1,0,full_corrected_21,0.6767588269225056,1
dataset3,290,normal,0,1,full_corrected_21,0.47541978500215615,0
dataset3,291,safe_node_hold,1,1,full_corrected_21,0.6300310236196635,1
dataset3,292,safe_node_hold,1,1,full_corrected_21,0.5723608264076557,1
dataset3,293,normal,0,0,full_corrected_21,0.5447454582177245,1
dataset3,294,safe_node_hold,1,0,full_corrected_21,0.5268171531896904,1
dataset3,295,normal,0,0,full_corrected_21,0.3914984852554195,0
dataset3,296,safe_node_hold,1,1,full_corrected_21,0.42453776542139904,0
dataset3,297,safe_node_hold,1,1,full_corrected_21,0.45518050418889344,0
dataset3,298,normal,0,1,full_corrected_21,0.4675513529154813,0
dataset3,299,safe_node_hold,1,1,full_corrected_21,0.4261795882910198,0
dataset3,300,normal,0,1,full_corrected_21,0.43308505144673715,0
dataset3,301,safe_node_hold,1,1,full_corrected_21,0.40409456130564925,0
dataset3,302,normal,0,0,full_corrected_21,0.23032988595175713,0
dataset3,303,resume,0,0,full_corrected_21,0.1854539024792432,0
dataset3,304,normal,0,1,full_corrected_21,0.12771774324071183,0
dataset3,305,normal,0,1,full_corrected_21,0.22997307131312283,0
dataset3,306,normal,0,1,full_corrected_21,0.11827658517466928,0
dataset3,307,normal,0,1,full_corrected_21,0.09806169161087323,0
dataset3,308,normal,0,0,full_corrected_21,0.06820142947387255,0
dataset3,309,normal,0,0,full_corrected_21,0.07135726750383867,0
dataset3,310,normal,0,0,full_corrected_21,0.03266629017293291,0
dataset3,311,normal,0,0,full_corrected_21,0.0654755674173284,0
dataset3,312,normal,0,0,full_corrected_21,0.18634271626090307,0
dataset3,313,normal,0,0,full_corrected_21,0.23063984319867847,0
dataset3,314,normal,0,1,full_corrected_21,0.2502805920716913,0
dataset3,315,normal,0,1,full_corrected_21,0.3825561178833801,0
dataset3,316,safe_node_hold,1,1,full_corrected_21,0.6119219593506809,1
dataset3,317,safe_node_hold,1,0,full_corrected_21,0.2716982535773908,0
dataset3,318,normal,0,0,full_corrected_21,0.30710863423531204,0
dataset3,319,resume,0,1,full_corrected_21,0.4226863719327146,0
dataset3,320,normal,0,1,full_corrected_21,0.22418076806171527,0
dataset3,321,normal,0,1,full_corrected_21,0.24612073155604314,0
dataset3,322,normal,0,0,full_corrected_21,0.2009751501754657,0
dataset3,323,normal,0,0,full_corrected_21,0.19385341943712228,0
dataset3,324,normal,0,1,full_corrected_21,0.18480148099064544,0
dataset3,325,normal,0,1,full_corrected_21,0.1781688082132996,0
dataset3,326,normal,0,1,full_corrected_21,0.18509343787826893,0
dataset3,327,normal,0,0,full_corrected_21,0.11622628471939155,0
dataset3,328,normal,0,1,full_corrected_21,0.10391166146511838,0
dataset3,329,normal,0,1,full_corrected_21,0.07416294358160416,0
dataset3,330,normal,0,1,full_corrected_21,0.08872227130627132,0
dataset3,331,normal,0,1,full_corrected_21,0.08564750222182899,0
dataset3,332,normal,0,1,full_corrected_21,0.03453612488319061,0
dataset3,333,normal,0,1,full_corrected_21,0.01833211991880711,0
dataset3,334,normal,0,1,full_corrected_21,0.021280065124286564,0
dataset3,335,normal,0,1,full_corrected_21,0.02814764450943657,0
dataset3,336,normal,0,1,full_corrected_21,0.03846214304179903,0
dataset3,337,normal,0,0,full_corrected_21,0.040464681340677544,0
dataset3,338,normal,0,0,full_corrected_21,0.03712979709962818,0
dataset3,339,normal,0,0,full_corrected_21,0.04341440639009066,0
dataset3,340,normal,0,0,full_corrected_21,0.037590971346733656,0
dataset3,341,normal,0,0,full_corrected_21,0.03165559250229586,0
dataset3,342,normal,0,0,full_corrected_21,0.02680694087604162,0
dataset3,343,normal,0,0,full_corrected_21,0.017533740586236638,0
dataset3,344,normal,0,0,full_corrected_21,0.01201111508614024,0
dataset3,345,normal,0,0,full_corrected_21,0.012476776693255134,0
dataset3,346,normal,0,0,full_corrected_21,0.013694266691363893,0
dataset3,347,normal,0,1,full_corrected_21,0.014130209107671475,0
dataset3,348,normal,0,1,full_corrected_21,0.0331446954427944,0
dataset3,349,normal,0,1,full_corrected_21,0.051047273838952203,0
dataset3,350,normal,0,0,full_corrected_21,0.04352912602924835,0
dataset3,351,normal,0,0,full_corrected_21,0.03763208410726344,0
dataset3,352,normal,0,0,full_corrected_21,0.044197476362403135,0
dataset3,353,normal,0,0,full_corrected_21,0.040389447360531086,0
dataset3,354,normal,0,0,full_corrected_21,0.02657920593286421,0
dataset3,355,normal,0,0,full_corrected_21,0.023263548283053388,0
dataset3,356,normal,0,1,full_corrected_21,0.02551538497959639,0
dataset3,357,normal,0,1,full_corrected_21,0.015046661556658032,0
dataset3,358,normal,0,1,full_corrected_21,0.01852963686467351,0
dataset3,359,normal,0,0,full_corrected_21,0.017481102407997398,0
dataset3,360,normal,0,0,full_corrected_21,0.013977082838463231,0
dataset3,361,normal,0,1,full_corrected_21,0.018123340515418897,0
dataset3,362,normal,0,1,full_corrected_21,0.011670498084138068,0
dataset3,363,normal,0,1,full_corrected_21,0.020817172817295664,0
dataset3,364,normal,0,0,full_corrected_21,0.00972186289675904,0
dataset3,365,normal,0,0,full_corrected_21,0.010906834580253289,0
dataset3,366,normal,0,1,full_corrected_21,0.00749412472500865,0
dataset3,367,normal,0,1,full_corrected_21,0.009961098013114672,0
dataset3,368,normal,0,1,full_corrected_21,0.005187180321835084,0
dataset3,369,normal,0,1,full_corrected_21,0.011103177745743587,0
dataset3,370,normal,0,0,full_corrected_21,0.005250990131531504,0
dataset3,371,normal,0,1,full_corrected_21,0.003808029001872047,0
dataset3,372,normal,0,0,full_corrected_21,0.002334056399132321,0
dataset3,373,normal,0,1,full_corrected_21,0.0011670281995661605,0
dataset3,374,normal,0,0,full_corrected_21,0.0011670281995661605,0
dataset3,375,normal,0,1,full_corrected_21,0.0011670281995661605,0
dataset3,376,normal,0,0,full_corrected_21,0.002334056399132321,0
dataset3,377,normal,0,0,full_corrected_21,0.002334056399132321,0
dataset3,378,normal,0,0,full_corrected_21,0.002,0
dataset3,379,normal,0,0,full_corrected_21,0.0,0
dataset3,380,normal,0,0,full_corrected_21,0.0,0
dataset3,381,normal,0,0,full_corrected_21,0.0,0
dataset3,382,normal,0,0,full_corrected_21,0.0,0
dataset3,383,normal,0,0,full_corrected_21,0.0014739726027397262,0
dataset3,384,normal,0,0,full_corrected_21,0.0016841797441471931,0
dataset3,385,normal,0,0,full_corrected_21,0.0009658886894075403,0
dataset3,386,normal,0,0,full_corrected_21,0.0,0
dataset3,387,normal,0,1,full_corrected_21,0.0,0
dataset3,388,normal,0,0,full_corrected_21,0.0,0
dataset3,389,normal,0,1,full_corrected_21,0.0024398612921472666,0
dataset3,390,normal,0,0,full_corrected_21,0.0011670281995661605,0
dataset3,391,normal,0,0,full_corrected_21,0.0,0
dataset3,392,normal,0,0,full_corrected_21,0.012548710416829367,0
dataset3,393,normal,0,0,full_corrected_21,0.003299945088539861,0
dataset3,394,normal,0,0,full_corrected_21,0.007414918493585475,0
dataset3,395,normal,0,1,full_corrected_21,0.0077898648803305555,0
dataset3,396,normal,0,0,full_corrected_21,0.004975057201438207,0
dataset3,397,normal,0,0,full_corrected_21,0.01944622222725848,0
dataset3,398,normal,0,1,full_corrected_21,0.04129000002704913,0
dataset3,399,normal,0,0,full_corrected_21,0.06598853124784708,0
dataset3,400,normal,0,1,full_corrected_21,0.11446551507191037,0
dataset3,401,normal,0,0,full_corrected_21,0.23898224684464006,0
dataset3,402,normal,0,1,full_corrected_21,0.3978365092680472,0
dataset3,403,normal,0,0,full_corrected_21,0.1574892836712865,0
dataset3,404,normal,0,1,full_corrected_21,0.09568969336130921,0
dataset3,405,normal,0,0,full_corrected_21,0.054819980893161965,0
dataset3,406,normal,0,0,full_corrected_21,0.16250443268864012,0
dataset3,407,normal,0,0,full_corrected_21,0.1729847726853708,0
dataset3,408,normal,0,0,full_corrected_21,0.33726634078939494,0
dataset3,409,normal,0,0,full_corrected_21,0.40194278538407086,0
dataset3,410,operator_stop,1,0,full_corrected_21,0.4778899892882545,0
dataset3,411,operator_stop,1,0,full_corrected_21,0.44377809981395616,0
dataset3,412,operator_stop,1,0,full_corrected_21,0.40772949562103894,0
dataset3,413,operator_stop,1,0,full_corrected_21,0.4145513542758191,0
dataset3,414,operator_stop,1,0,full_corrected_21,0.38933644433221165,0
dataset3,415,operator_stop,1,1,full_corrected_21,0.39365546559954884,0
dataset3,416,operator_stop,1,0,full_corrected_21,0.38535443204443853,0
dataset3,417,operator_stop,1,1,full_corrected_21,0.38797166695446605,0
dataset3,418,operator_stop,1,0,full_corrected_21,0.3565428719386103,0
dataset3,419,operator_stop,1,0,full_corrected_21,0.3245470524730929,0
dataset3,420,operator_stop,1,0,full_corrected_21,0.3087017276115569,0
dataset3,421,normal,0,0,full_corrected_21,0.28802959379152937,0
dataset3,422,normal,0,0,full_corrected_21,0.4819590727311689,0
dataset3,423,normal,0,0,full_corrected_21,0.6198525710012992,1
dataset3,424,normal,0,0,full_corrected_21,0.6141143946479865,1
dataset3,425,normal,0,0,full_corrected_21,0.5107637046342185,1
dataset3,426,normal,0,0,full_corrected_21,0.5362467144160841,1
dataset3,427,normal,0,1,full_corrected_21,0.33490710201976903,0
dataset3,428,normal,0,0,full_corrected_21,0.3180136957061473,0
dataset3,429,normal,0,1,full_corrected_21,0.2526421288677495,0
dataset3,430,normal,0,0,full_corrected_21,0.20761413028259865,0
dataset3,431,normal,0,0,full_corrected_21,0.1410811974628537,0
dataset3,432,normal,0,0,full_corrected_21,0.14742511944326758,0
dataset3,433,normal,0,0,full_corrected_21,0.1457034852010543,0
dataset3,434,normal,0,0,full_corrected_21,0.12196146657255119,0
dataset3,435,normal,0,0,full_corrected_21,0.17361176325429084,0
dataset3,436,normal,0,0,full_corrected_21,0.24797913194917073,0
dataset3,437,normal,0,0,full_corrected_21,0.26519688548805975,0
dataset3,438,normal,0,0,full_corrected_21,0.09167537756630954,0
dataset3,439,normal,0,0,full_corrected_21,0.09142682775855884,0
dataset3,440,normal,0,1,full_corrected_21,0.32450751489476415,0
dataset3,441,normal,0,0,full_corrected_21,0.2839831863156292,0
dataset3,442,operator_stop,1,1,full_corrected_21,0.34361340068702645,0
dataset3,443,operator_stop,1,0,full_corrected_21,0.3485852105234238,0
dataset3,444,operator_stop,1,0,full_corrected_21,0.35849265890036675,0
dataset3,445,operator_stop,1,0,full_corrected_21,0.40253824914133873,0
dataset3,446,operator_stop,1,0,full_corrected_21,0.4098045566383925,0
dataset3,447,operator_stop,1,0,full_corrected_21,0.41284296733544557,0
dataset3,448,operator_stop,1,0,full_corrected_21,0.43306850906115313,0
dataset3,449,operator_stop,1,0,full_corrected_21,0.474347059635123,0
dataset3,450,operator_stop,1,0,full_corrected_21,0.49784162479175076,0
dataset3,451,operator_stop,1,1,full_corrected_21,0.46270563804914894,0
dataset3,452,operator_stop,1,0,full_corrected_21,0.49183244822867,0
dataset3,453,normal,0,1,full_corrected_21,0.2985211600835683,0
dataset3,454,normal,0,0,full_corrected_21,0.266310283119804,0
dataset3,455,normal,0,1,full_corrected_21,0.32561832315182504,0
dataset3,456,normal,0,0,full_corrected_21,0.29620947278072424,0
dataset3,457,normal,0,0,full_corrected_21,0.26190040825255234,0
dataset3,458,normal,0,0,full_corrected_21,0.4042669011013556,0
dataset3,459,normal,0,0,full_corrected_21,0.4139955520440174,0
dataset3,460,fallback_hold,1,0,full_corrected_21,0.3789899231502621,0
dataset3,461,normal,0,0,full_corrected_21,0.44051537297285226,0
dataset3,462,fallback_hold,1,0,full_corrected_21,0.6855921484580222,1
dataset3,463,normal,0,0,full_corrected_21,0.7030419471281135,1
dataset3,464,fallback_hold,1,0,full_corrected_21,0.7388365078967749,1
dataset3,465,fallback_hold,1,1,full_corrected_21,0.7100866108216113,1
dataset3,466,normal,0,0,full_corrected_21,0.7830910363098574,1
dataset3,467,fallback_hold,1,0,full_corrected_21,0.7916724252348588,1
dataset3,468,normal,0,0,full_corrected_21,0.695278330378268,1
dataset3,469,fallback_hold,1,0,full_corrected_21,0.7037220172784782,1
dataset3,470,normal,0,0,full_corrected_21,0.8365071534638931,1
dataset3,471,fallback_hold,1,0,full_corrected_21,0.8379370882474692,1
dataset3,472,fallback_hold,1,1,full_corrected_21,0.7356277550173915,1
dataset3,473,conflict_risk,1,0,full_corrected_21,0.7367246512182769,1
dataset3,474,deadlock,1,1,full_corrected_21,0.681709264480641,1
dataset3,475,deadlock,1,0,full_corrected_21,0.6222961508035335,1
dataset3,476,deadlock,1,0,full_corrected_21,0.8586587538121944,1
dataset3,477,deadlock,1,0,full_corrected_21,0.8248127751309399,1
dataset3,478,deadlock,1,0,full_corrected_21,0.806637576300306,1
dataset3,479,deadlock,1,1,full_corrected_21,0.797996539422187,1
dataset3,480,deadlock,1,0,full_corrected_21,0.8174343599624105,1
dataset3,481,deadlock,1,0,full_corrected_21,0.81609341479708,1
dataset3,482,deadlock,1,0,full_corrected_21,0.8172645482831005,1
dataset3,483,deadlock,1,0,full_corrected_21,0.8179055490854064,1
dataset3,484,deadlock,1,1,full_corrected_21,0.8231463223619513,1
dataset3,485,deadlock,1,0,full_corrected_21,0.8358068768686648,1
dataset3,486,deadlock,1,1,full_corrected_21,0.8072482659621352,1
dataset3,487,deadlock,1,0,full_corrected_21,0.8197705264703883,1
dataset3,488,deadlock,1,0,full_corrected_21,0.8202371881127047,1
dataset3,489,deadlock,1,0,full_corrected_21,0.8474496599526633,1
dataset3,490,deadlock,1,0,full_corrected_21,0.848397974739953,1
dataset3,491,deadlock,1,0,full_corrected_21,0.848397974739953,1
dataset3,492,deadlock,1,0,full_corrected_21,0.848397974739953,1
dataset3,493,deadlock,1,0,full_corrected_21,0.848397974739953,1
dataset3,494,deadlock,1,0,full_corrected_21,0.847819757845344,1
dataset3,495,deadlock,1,0,full_corrected_21,0.848397974739953,1
dataset3,496,deadlock,1,0,full_corrected_21,0.848397974739953,1
dataset3,497,deadlock,1,0,full_corrected_21,0.848397974739953,1
dataset3,498,deadlock,1,0,full_corrected_21,0.848397974739953,1
dataset3,499,deadlock,1,0,full_corrected_21,0.847819757845344,1
dataset3,500,deadlock,1,0,full_corrected_21,0.848397974739953,1
dataset3,501,deadlock,1,0,full_corrected_21,0.848397974739953,1
dataset3,502,deadlock,1,0,full_corrected_21,0.847819757845344,1
dataset3,503,deadlock,1,0,full_corrected_21,0.847819757845344,1
dataset3,504,fallback_hold,1,0,full_corrected_21,0.8474670327994163,1
dataset3,505,conflict_risk,1,0,full_corrected_21,0.847819757845344,1
dataset3,506,deadlock,1,0,full_corrected_21,0.847819757845344,1
dataset3,507,conflict_risk,1,0,full_corrected_21,0.848397974739953,1
dataset3,508,fallback_hold,1,0,full_corrected_21,0.848397974739953,1
dataset3,509,fallback_hold,1,0,full_corrected_21,0.848397974739953,1
dataset3,510,conflict_risk,1,0,full_corrected_21,0.847819757845344,1
dataset3,511,fallback_hold,1,0,full_corrected_21,0.847819757845344,1
dataset3,512,conflict_risk,1,0,full_corrected_21,0.848397974739953,1
dataset3,513,fallback_hold,1,0,full_corrected_21,0.848397974739953,1
dataset3,514,conflict_risk,1,0,full_corrected_21,0.848397974739953,1
dataset3,515,fallback_hold,1,0,full_corrected_21,0.848397974739953,1
dataset3,516,fallback_hold,1,0,full_corrected_21,0.8466340609989825,1
dataset3,517,conflict_risk,1,0,full_corrected_21,0.848397974739953,1
dataset3,518,fallback_hold,1,0,full_corrected_21,0.848397974739953,1
dataset3,519,conflict_risk,1,0,full_corrected_21,0.848397974739953,1
dataset3,520,fallback_hold,1,0,full_corrected_21,0.848397974739953,1
dataset3,521,fallback_hold,1,0,full_corrected_21,0.847819757845344,1
dataset3,522,conflict_risk,1,0,full_corrected_21,0.8353622155536097,1
dataset3,523,fallback_hold,1,0,full_corrected_21,0.8432380125641951,1
dataset3,524,conflict_risk,1,0,full_corrected_21,0.851648894755512,1
dataset3,525,fallback_hold,1,0,full_corrected_21,0.850313243642895,1
dataset3,526,conflict_risk,1,0,full_corrected_21,0.8375534501217948,1
dataset3,527,fallback_hold,1,0,full_corrected_21,0.8315932534896053,1
dataset3,528,fallback_hold,1,0,full_corrected_21,0.8177805968034149,1
dataset3,529,conflict_risk,1,0,full_corrected_21,0.7995433406763861,1
dataset3,530,fallback_hold,1,0,full_corrected_21,0.7938374342107872,1
dataset3,531,safe_node_hold,1,0,full_corrected_21,0.18675843867890002,0
dataset3,532,normal,0,0,full_corrected_21,0.1669873083385753,0
dataset3,533,safe_node_hold,1,0,full_corrected_21,0.16358789014183567,0
dataset3,534,normal,0,0,full_corrected_21,0.15756057568918388,0
dataset3,535,safe_node_hold,1,0,full_corrected_21,0.14348814951756766,0
dataset3,536,normal,0,0,full_corrected_21,0.3040181776659496,0
dataset3,537,resume,0,0,full_corrected_21,0.3774422496947603,0
dataset3,538,normal,0,0,full_corrected_21,0.4153892044491702,0
dataset3,539,normal,0,0,full_corrected_21,0.3922789675350581,0
dataset3,540,normal,0,0,full_corrected_21,0.33944438031757385,0
dataset3,541,normal,0,0,full_corrected_21,0.32387237450409195,0
dataset3,542,normal,0,0,full_corrected_21,0.2725461397581757,0
dataset3,543,normal,0,0,full_corrected_21,0.19042809425874443,0
dataset3,544,normal,0,1,full_corrected_21,0.14049844357009597,0
dataset3,545,normal,0,1,full_corrected_21,0.1436120785359144,0
dataset3,546,normal,0,1,full_corrected_21,0.15056182409300736,0
dataset3,547,normal,0,0,full_corrected_21,0.11439676079360539,0
dataset3,548,normal,0,0,full_corrected_21,0.10938538640243167,0
dataset3,549,normal,0,0,full_corrected_21,0.1062939037525894,0
dataset3,550,normal,0,0,full_corrected_21,0.10976792503554048,0
dataset3,551,normal,0,1,full_corrected_21,0.1673889112321929,0
dataset3,552,normal,0,1,full_corrected_21,0.15135277427349844,0
dataset3,553,normal,0,1,full_corrected_21,0.13964740281730903,0
dataset3,554,normal,0,0,full_corrected_21,0.13224535754859543,0
dataset3,555,normal,0,0,full_corrected_21,0.11281604867136093,0
dataset3,556,normal,0,1,full_corrected_21,0.12058526302357915,0
dataset3,557,normal,0,1,full_corrected_21,0.1234783325692237,0
dataset3,558,normal,0,1,full_corrected_21,0.1246499324625524,0
dataset3,559,safe_node_hold,1,0,full_corrected_21,0.11235885531934295,0
dataset3,560,normal,0,1,full_corrected_21,0.14784363010429233,0
dataset3,561,safe_node_hold,1,1,full_corrected_21,0.346537677949665,0
dataset3,562,normal,0,1,full_corrected_21,0.37857963933010147,0
dataset3,563,safe_node_hold,1,0,full_corrected_21,0.2753438306326314,0
dataset3,564,normal,0,0,full_corrected_21,0.28213187474071005,0
dataset3,565,safe_node_hold,1,0,full_corrected_21,0.2742047452977187,0
dataset3,566,resume,0,0,full_corrected_21,0.3608526620955503,0
dataset3,567,normal,0,1,full_corrected_21,0.23497376164472616,0
dataset3,568,normal,0,1,full_corrected_21,0.21625147407815332,0
dataset3,569,normal,0,1,full_corrected_21,0.2399146251168599,0
dataset3,570,normal,0,0,full_corrected_21,0.21164018902889548,0
dataset3,571,normal,0,0,full_corrected_21,0.19145182068140776,0
dataset3,572,normal,0,0,full_corrected_21,0.18169559286145162,0
dataset3,573,normal,0,0,full_corrected_21,0.21428861470545815,0
dataset3,574,normal,0,0,full_corrected_21,0.30470040307882934,0
dataset3,575,fallback_hold,1,1,full_corrected_21,0.30589669440401007,0
dataset3,576,normal,0,1,full_corrected_21,0.35207065581424624,0
dataset3,577,fallback_hold,1,1,full_corrected_21,0.5681317989184995,1
dataset3,578,normal,0,0,full_corrected_21,0.4944665461036091,0
dataset3,579,fallback_hold,1,0,full_corrected_21,0.5186646819091614,1
dataset3,580,fallback_hold,1,0,full_corrected_21,0.4993136528440791,0
dataset3,581,normal,0,0,full_corrected_21,0.5034514627981637,1
dataset3,582,fallback_hold,1,1,full_corrected_21,0.5725933521896668,1
dataset3,583,normal,0,1,full_corrected_21,0.549310772782514,1
dataset3,584,fallback_hold,1,1,full_corrected_21,0.5712000346763584,1
dataset3,585,fallback_hold,1,1,full_corrected_21,0.5648535639658602,1
dataset3,586,normal,0,1,full_corrected_21,0.5811246771385984,1
dataset3,587,fallback_hold,1,0,full_corrected_21,0.5692204813888855,1
dataset3,588,normal,0,0,full_corrected_21,0.5773279168981128,1
dataset3,589,fallback_hold,1,0,full_corrected_21,0.5771774544974025,1
dataset3,590,fallback_hold,1,0,full_corrected_21,0.6057364133309935,1
dataset3,591,deadlock,1,0,full_corrected_21,0.6208336085757414,1
dataset3,592,fallback_hold,1,0,full_corrected_21,0.6114361118076325,1
dataset3,593,normal,0,0,full_corrected_21,0.5996122155051221,1
dataset3,594,fallback_hold,1,0,full_corrected_21,0.6156802477039888,1
dataset3,595,normal,0,0,full_corrected_21,0.6250315390891006,1
dataset3,596,safe_node_hold,1,1,full_corrected_21,0.8108237178000036,1
dataset3,597,safe_node_hold,1,1,full_corrected_21,0.8130586091718309,1
dataset3,598,normal,0,1,full_corrected_21,0.81362318596297,1
dataset3,599,safe_node_hold,1,1,full_corrected_21,0.8098134500284706,1
dataset3,600,normal,0,0,full_corrected_21,0.8470503949178134,1
dataset3,601,safe_node_hold,1,0,full_corrected_21,0.8497411165103784,1
dataset3,602,normal,0,0,full_corrected_21,0.8575671990828053,1
dataset3,603,safe_node_hold,1,0,full_corrected_21,0.8466880032911489,1
dataset3,604,normal,0,0,full_corrected_21,0.8458538080372978,1
dataset3,605,safe_node_hold,1,0,full_corrected_21,0.8342674527988498,1
dataset3,606,safe_node_hold,1,0,full_corrected_21,0.8134914487996853,1
dataset3,607,normal,0,0,full_corrected_21,0.8117747313402948,1
dataset3,608,safe_node_hold,1,1,full_corrected_21,0.7741518018438042,1
dataset3,609,normal,0,1,full_corrected_21,0.7962862005547374,1
dataset3,610,safe_node_hold,1,1,full_corrected_21,0.7969155616632821,1
dataset3,611,normal,0,1,full_corrected_21,0.7154729836471382,1
dataset3,612,resume,0,0,full_corrected_21,0.3023714118629086,0
dataset3,613,normal,0,0,full_corrected_21,0.27002368095190615,0
dataset3,614,normal,0,0,full_corrected_21,0.46681753357423145,0
dataset3,615,normal,0,0,full_corrected_21,0.6410582981405956,1
dataset3,616,normal,0,0,full_corrected_21,0.6651022671854817,1
dataset3,617,normal,0,0,full_corrected_21,0.7047404588190744,1
dataset3,618,normal,0,0,full_corrected_21,0.5605761504824185,1
dataset3,619,normal,0,0,full_corrected_21,0.5778352862268026,1
dataset3,620,operator_stop,1,1,full_corrected_21,0.5265844554423299,1
dataset3,621,operator_stop,1,1,full_corrected_21,0.5648449985477655,1
dataset3,622,operator_stop,1,1,full_corrected_21,0.48154078705667624,0
dataset3,623,operator_stop,1,0,full_corrected_21,0.557748178520139,1
dataset3,624,operator_stop,1,0,full_corrected_21,0.5849431853822941,1
dataset3,625,operator_stop,1,0,full_corrected_21,0.7385554024585906,1
dataset3,626,operator_stop,1,0,full_corrected_21,0.7329518000499173,1
dataset3,627,operator_stop,1,0,full_corrected_21,0.6164516426871002,1
dataset3,628,operator_stop,1,0,full_corrected_21,0.6046670916614459,1
dataset3,629,operator_stop,1,1,full_corrected_21,0.4718523664548951,0
dataset3,630,operator_stop,1,1,full_corrected_21,0.44507843496464555,0
dataset3,631,normal,0,1,full_corrected_21,0.2262760195556363,0
dataset3,632,normal,0,1,full_corrected_21,0.20478998650664196,0
dataset3,633,normal,0,1,full_corrected_21,0.28471812781265543,0
dataset3,634,normal,0,1,full_corrected_21,0.2947097167254409,0
dataset3,635,normal,0,1,full_corrected_21,0.224779975637659,0
dataset3,636,normal,0,0,full_corrected_21,0.21094450000615952,0
dataset3,637,normal,0,0,full_corrected_21,0.18841632655383475,0
dataset3,638,normal,0,0,full_corrected_21,0.25285439623425593,0
dataset3,639,normal,0,0,full_corrected_21,0.22986883858662024,0
dataset3,640,normal,0,0,full_corrected_21,0.10663642347462547,0
dataset3,641,normal,0,0,full_corrected_21,0.05481826288718626,0
dataset3,642,normal,0,0,full_corrected_21,0.058434202612793945,0
dataset3,643,normal,0,0,full_corrected_21,0.06193488949764946,0
dataset3,644,normal,0,0,full_corrected_21,0.06080381410709024,0
dataset3,645,normal,0,0,full_corrected_21,0.04868054699878617,0
dataset3,646,normal,0,1,full_corrected_21,0.10688383101536499,0
dataset3,647,normal,0,1,full_corrected_21,0.1429300062360525,0
dataset3,648,normal,0,1,full_corrected_21,0.17005932195425444,0
dataset3,649,normal,0,0,full_corrected_21,0.206184369542473,0
dataset3,650,operator_stop,1,0,full_corrected_21,0.21991655910560226,0
dataset3,651,operator_stop,1,0,full_corrected_21,0.23521157892282724,0
dataset3,652,operator_stop,1,0,full_corrected_21,0.21917097265593274,0
dataset3,653,operator_stop,1,1,full_corrected_21,0.1959631538270244,0
dataset3,654,operator_stop,1,1,full_corrected_21,0.20701127755247714,0
dataset3,655,operator_stop,1,1,full_corrected_21,0.20373597342064753,0
dataset3,656,operator_stop,1,0,full_corrected_21,0.20530226942696717,0
dataset3,657,operator_stop,1,0,full_corrected_21,0.2160316462947,0
dataset3,658,operator_stop,1,1,full_corrected_21,0.17140922669471867,0
dataset3,659,operator_stop,1,1,full_corrected_21,0.1631720652262643,0
dataset3,660,operator_stop,1,1,full_corrected_21,0.1473651856409789,0
dataset3,661,normal,0,0,full_corrected_21,0.2208464185426762,0
dataset3,662,normal,0,0,full_corrected_21,0.2831118565691737,0
dataset3,663,normal,0,0,full_corrected_21,0.3141838785868562,0
dataset3,664,normal,0,0,full_corrected_21,0.31944308020585055,0
dataset3,665,normal,0,0,full_corrected_21,0.21523532971131581,0
dataset3,666,normal,0,0,full_corrected_21,0.2621595236014985,0
dataset3,667,normal,0,0,full_corrected_21,0.24930019705392076,0
dataset3,668,normal,0,0,full_corrected_21,0.27862743268030676,0
dataset3,669,normal,0,0,full_corrected_21,0.3069815296091566,0
dataset3,670,normal,0,0,full_corrected_21,0.347112611637695,0
dataset3,671,normal,0,0,full_corrected_21,0.27100574921028703,0
dataset3,672,normal,0,0,full_corrected_21,0.21663156800228583,0
dataset3,673,normal,0,1,full_corrected_21,0.2113541013389845,0
dataset3,674,normal,0,1,full_corrected_21,0.2060241315664567,0
dataset3,675,normal,0,1,full_corrected_21,0.16822307447469484,0
dataset3,676,normal,0,1,full_corrected_21,0.15017318520587997,0
dataset3,677,normal,0,0,full_corrected_21,0.11487281195814093,0
dataset3,678,normal,0,0,full_corrected_21,0.11364381206030445,0
dataset3,679,normal,0,0,full_corrected_21,0.13711645178493376,0
dataset3,680,safe_node_hold,1,0,full_corrected_21,0.477278536019898,0
dataset3,681,normal,0,0,full_corrected_21,0.45478581480063707,0
dataset3,682,safe_node_hold,1,1,full_corrected_21,0.6490175530023536,1
dataset3,683,normal,0,1,full_corrected_21,0.711050881957052,1
dataset3,684,safe_node_hold,1,1,full_corrected_21,0.6455267472239019,1
dataset3,685,normal,0,0,full_corrected_21,0.382202519177558,0
dataset3,686,resume,0,0,full_corrected_21,0.258266951771679,0
dataset3,687,normal,0,0,full_corrected_21,0.23826605224858938,0
dataset3,688,normal,0,1,full_corrected_21,0.21201465401079303,0
dataset3,689,normal,0,1,full_corrected_21,0.26314966947038587,0
dataset3,690,normal,0,1,full_corrected_21,0.3056223641213735,0
dataset3,691,normal,0,1,full_corrected_21,0.22880836748225625,0
dataset3,692,normal,0,1,full_corrected_21,0.2843590445848357,0
dataset3,693,normal,0,1,full_corrected_21,0.292012735121138,0
dataset3,694,normal,0,0,full_corrected_21,0.16416936035684052,0
dataset3,695,normal,0,1,full_corrected_21,0.14975469886073928,0
dataset3,696,normal,0,1,full_corrected_21,0.16397943552612337,0
dataset3,697,normal,0,1,full_corrected_21,0.1393253398111212,0
dataset3,698,normal,0,1,full_corrected_21,0.14566544773122,0
dataset3,699,normal,0,0,full_corrected_21,0.10733904316228575,0
dataset3,700,normal,0,0,full_corrected_21,0.11304284546487729,0
dataset3,701,normal,0,0,full_corrected_21,0.14803356045194246,0
dataset3,702,normal,0,0,full_corrected_21,0.17086323266934547,0
dataset3,703,normal,0,0,full_corrected_21,0.21016808034335674,0
dataset3,704,normal,0,0,full_corrected_21,0.21365359885640253,0
dataset3,705,safe_node_hold,1,1,full_corrected_21,0.3363253574087509,0
dataset3,706,normal,0,1,full_corrected_21,0.4761958346507761,0
dataset3,707,safe_node_hold,1,1,full_corrected_21,0.5179739033819263,1
dataset3,708,normal,0,0,full_corrected_21,0.4302883047918901,0
dataset3,709,resume,0,0,full_corrected_21,0.37281941887740555,0
dataset3,710,normal,0,1,full_corrected_21,0.28816868204203744,0
dataset3,711,normal,0,1,full_corrected_21,0.24384464694503763,0
dataset3,712,normal,0,1,full_corrected_21,0.18484552619421885,0
dataset3,713,normal,0,0,full_corrected_21,0.15257507467757445,0
dataset3,714,normal,0,0,full_corrected_21,0.13864793029903583,0
dataset3,715,normal,0,1,full_corrected_21,0.10704227048146049,0
dataset3,716,normal,0,1,full_corrected_21,0.0997460697064404,0
dataset3,717,normal,0,1,full_corrected_21,0.07451522781070753,0
dataset3,718,normal,0,0,full_corrected_21,0.11211373108706685,0
dataset3,719,normal,0,1,full_corrected_21,0.2109546554305175,0
dataset3,720,normal,0,1,full_corrected_21,0.18638119649641197,0
dataset3,721,normal,0,1,full_corrected_21,0.22072508707379104,0
dataset3,722,normal,0,1,full_corrected_21,0.2331436921030879,0
dataset3,723,fallback_hold,1,1,full_corrected_21,0.2639970683696068,0
dataset3,724,normal,0,1,full_corrected_21,0.2575909915348374,0
dataset3,725,fallback_hold,1,1,full_corrected_21,0.4002208646928588,0
dataset3,726,normal,0,1,full_corrected_21,0.4551056147248495,0
dataset3,727,fallback_hold,1,1,full_corrected_21,0.4538797913277221,0
dataset3,728,normal,0,0,full_corrected_21,0.49977714074068647,0
dataset3,729,fallback_hold,1,0,full_corrected_21,0.5011901113294506,1
dataset3,730,normal,0,0,full_corrected_21,0.5642608686806803,1
dataset3,731,fallback_hold,1,0,full_corrected_21,0.5642608686806803,1
dataset3,732,normal,0,0,full_corrected_21,0.5622817649425712,1
dataset3,733,normal,0,0,full_corrected_21,0.5645049532231122,1
dataset3,734,fallback_hold,1,0,full_corrected_21,0.5633374512184888,1
dataset3,735,normal,0,0,full_corrected_21,0.49171027913915544,0
dataset3,736,fallback_hold,1,0,full_corrected_21,0.42208710056883514,0
dataset3,737,normal,0,0,full_corrected_21,0.4217765995799355,0
dataset3,738,fallback_hold,1,1,full_corrected_21,0.3596182351899737,0
dataset3,739,normal,0,1,full_corrected_21,0.4261490291723652,0
dataset3,740,fallback_hold,1,1,full_corrected_21,0.37516595374595724,0
dataset3,741,normal,0,0,full_corrected_21,0.2968599674188139,0
dataset3,742,fallback_hold,1,0,full_corrected_21,0.302172889216691,0
dataset3,743,normal,0,0,full_corrected_21,0.4337787741316556,0
dataset3,744,fallback_hold,1,0,full_corrected_21,0.4516668799173645,0
dataset3,745,normal,0,0,full_corrected_21,0.3296884872318538,0
dataset3,746,fallback_hold,1,0,full_corrected_21,0.34912722380778927,0
dataset3,747,normal,0,1,full_corrected_21,0.42511707113014496,0
dataset3,748,fallback_hold,1,1,full_corrected_21,0.5284870476392914,1
dataset3,749,normal,0,1,full_corrected_21,0.5137163469765853,1
dataset3,750,fallback_hold,1,0,full_corrected_21,0.5094195355596614,1
dataset3,751,normal,0,0,full_corrected_21,0.4537323609623893,0
dataset3,752,fallback_hold,1,1,full_corrected_21,0.5127218027304029,1
dataset3,753,conflict_risk,1,1,full_corrected_21,0.5806554337148724,1
dataset3,754,fallback_hold,1,1,full_corrected_21,0.6534801826478319,1
dataset3,755,conflict_risk,1,0,full_corrected_21,0.5974990120083753,1
dataset3,756,fallback_hold,1,0,full_corrected_21,0.581882975721799,1
dataset3,757,conflict_risk,1,1,full_corrected_21,0.5776772370964275,1
dataset3,758,fallback_hold,1,1,full_corrected_21,0.5492252347125355,1
dataset3,759,normal,0,1,full_corrected_21,0.4898676500176439,0
dataset3,760,fallback_hold,1,1,full_corrected_21,0.4663171635227289,0
dataset3,761,normal,0,0,full_corrected_21,0.39599824694371727,0
dataset3,762,fallback_hold,1,0,full_corrected_21,0.41149119368438586,0
dataset3,763,normal,0,0,full_corrected_21,0.37923267958613294,0
dataset3,764,normal,0,0,full_corrected_21,0.3766101306432659,0
dataset3,765,normal,0,1,full_corrected_21,0.2760956418526919,0
dataset3,766,fallback_hold,1,0,full_corrected_21,0.7522651551410351,1
dataset3,767,normal,0,1,full_corrected_21,0.7776178513654146,1
dataset3,768,fallback_hold,1,0,full_corrected_21,0.8812531777416811,1
dataset3,769,normal,0,1,full_corrected_21,0.8414528512570211,1
dataset3,770,fallback_hold,1,0,full_corrected_21,0.8502115124497602,1
dataset3,771,normal,0,0,full_corrected_21,0.8424315085755272,1
dataset3,772,fallback_hold,1,0,full_corrected_21,0.857684079276197,1
dataset3,773,normal,0,0,full_corrected_21,0.8598622547539294,1
dataset3,774,fallback_hold,1,0,full_corrected_21,0.8596713111388545,1
dataset3,775,normal,0,0,full_corrected_21,0.8612815714624712,1
dataset3,776,fallback_hold,1,0,full_corrected_21,0.8606646048814943,1
dataset3,777,normal,0,0,full_corrected_21,0.8544253317449403,1
dataset3,778,fallback_hold,1,0,full_corrected_21,0.8500712489179642,1
dataset3,779,normal,0,0,full_corrected_21,0.8436877710588304,1
dataset3,780,fallback_hold,1,0,full_corrected_21,0.8645272492379639,1
dataset3,781,normal,0,1,full_corrected_21,0.7222167609257436,1
dataset3,782,fallback_hold,1,0,full_corrected_21,0.6918896226809543,1
dataset3,783,normal,0,1,full_corrected_21,0.7048994714226678,1
dataset3,784,fallback_hold,1,0,full_corrected_21,0.720068669603264,1
dataset3,785,conflict_risk,1,0,full_corrected_21,0.7203943589450085,1
dataset3,786,fallback_hold,1,0,full_corrected_21,0.7395648003217269,1
dataset3,787,conflict_risk,1,0,full_corrected_21,0.7238731274404454,1
dataset3,788,fallback_hold,1,0,full_corrected_21,0.7378471449424412,1
dataset3,789,conflict_risk,1,1,full_corrected_21,0.7531360349791127,1
dataset3,790,fallback_hold,1,0,full_corrected_21,0.7447374150225246,1
dataset3,791,conflict_risk,1,0,full_corrected_21,0.7354606614222517,1
dataset3,792,normal,0,1,full_corrected_21,0.4677024065638436,0
dataset3,793,normal,0,0,full_corrected_21,0.22306416842888774,0
dataset3,794,normal,0,1,full_corrected_21,0.3569913809211666,0
dataset3,795,normal,0,0,full_corrected_21,0.3781927098323775,0
dataset3,796,normal,0,1,full_corrected_21,0.26728154897046785,0
dataset3,797,normal,0,0,full_corrected_21,0.2528827316583337,0
dataset3,798,normal,0,1,full_corrected_21,0.21618232080374297,0
dataset3,799,normal,0,0,full_corrected_21,0.22469529973487656,0
dataset3,800,normal,0,0,full_corrected_21,0.19532665888154,0
dataset3,801,normal,0,0,full_corrected_21,0.15908251727794437,0
dataset3,802,normal,0,0,full_corrected_21,0.14867381585367007,0
dataset3,803,normal,0,0,full_corrected_21,0.169121251524372,0
dataset3,804,normal,0,0,full_corrected_21,0.2456698863895746,0
dataset3,805,normal,0,0,full_corrected_21,0.29004130920441384,0
dataset3,806,normal,0,0,full_corrected_21,0.3040619530450052,0
dataset3,807,normal,0,0,full_corrected_21,0.31326865317358343,0
dataset3,808,normal,0,0,full_corrected_21,0.3253824247672441,0
dataset3,809,normal,0,1,full_corrected_21,0.2906522114201286,0
dataset3,810,normal,0,0,full_corrected_21,0.28554137484202335,0
dataset3,811,normal,0,1,full_corrected_21,0.24705706778834474,0
dataset3,812,normal,0,0,full_corrected_21,0.27106803687661557,0
dataset3,813,normal,0,0,full_corrected_21,0.2753444901743035,0
dataset3,814,normal,0,0,full_corrected_21,0.311191697978912,0
dataset3,815,normal,0,0,full_corrected_21,0.37423833460446093,0
dataset3,816,normal,0,0,full_corrected_21,0.46994153152067736,0
dataset3,817,normal,0,0,full_corrected_21,0.3657966234540656,0
dataset3,818,normal,0,0,full_corrected_21,0.3928712939272996,0
dataset3,819,normal,0,0,full_corrected_21,0.3261373947132965,0
dataset3,820,normal,0,0,full_corrected_21,0.2617292654867421,0
dataset3,821,normal,0,1,full_corrected_21,0.35046568216687346,0
dataset3,822,normal,0,0,full_corrected_21,0.29956813553966055,0
dataset3,823,normal,0,1,full_corrected_21,0.2789639864886631,0
dataset3,824,normal,0,0,full_corrected_21,0.2233150760772519,0
dataset3,825,normal,0,0,full_corrected_21,0.2039941237017261,0
dataset3,826,normal,0,0,full_corrected_21,0.3375332034601433,0
dataset3,827,normal,0,0,full_corrected_21,0.3270122107145455,0
dataset3,828,normal,0,0,full_corrected_21,0.28181803104010045,0
dataset3,829,normal,0,0,full_corrected_21,0.3065343788070948,0
dataset3,830,normal,0,0,full_corrected_21,0.2867392740847905,0
dataset3,831,normal,0,0,full_corrected_21,0.2947966048743022,0
dataset3,832,normal,0,0,full_corrected_21,0.148971624144626,0
dataset3,833,normal,0,0,full_corrected_21,0.20599778173996894,0
dataset3,834,normal,0,1,full_corrected_21,0.138672301656828,0
dataset3,835,normal,0,0,full_corrected_21,0.11146419276291078,0
dataset3,836,normal,0,1,full_corrected_21,0.07345711296438785,0
dataset3,837,normal,0,0,full_corrected_21,0.05342989213450425,0
dataset3,838,normal,0,0,full_corrected_21,0.06114002981556503,0
dataset3,839,normal,0,0,full_corrected_21,0.0854282739332574,0
dataset3,840,normal,0,0,full_corrected_21,0.08070496160588084,0
dataset3,841,normal,0,0,full_corrected_21,0.03273129117745894,0
dataset3,842,normal,0,0,full_corrected_21,0.04039836301695853,0
dataset3,843,normal,0,0,full_corrected_21,0.0287458221658561,0
dataset3,844,normal,0,0,full_corrected_21,0.029912850365422263,0
dataset3,845,normal,0,1,full_corrected_21,0.019694969697934106,0
dataset3,846,normal,0,0,full_corrected_21,0.014833618720216086,0
dataset3,847,normal,0,1,full_corrected_21,0.02303487265846487,0
dataset3,848,normal,0,0,full_corrected_21,0.015028033836120891,0
dataset3,849,normal,0,1,full_corrected_21,0.030296729921987092,0
dataset3,850,normal,0,0,full_corrected_21,0.009369863013698632,0
dataset3,851,normal,0,0,full_corrected_21,0.009369863013698632,0
dataset3,852,normal,0,0,full_corrected_21,0.01608377736730421,0
dataset3,853,normal,0,0,full_corrected_21,0.1011552016539418,0
dataset3,854,normal,0,0,full_corrected_21,0.022276572572305645,0
dataset3,855,normal,0,0,full_corrected_21,0.012260527746119741,0
dataset3,856,normal,0,0,full_corrected_21,0.014987694653538636,0
dataset3,857,normal,0,0,full_corrected_21,0.0014739726027397262,0
dataset3,858,normal,0,0,full_corrected_21,0.0029479452054794525,0
dataset3,859,normal,0,1,full_corrected_21,0.0014846929324162192,0
dataset3,860,normal,0,0,full_corrected_21,0.0019927768457484053,0
dataset3,861,normal,0,0,full_corrected_21,0.0019927768457484053,0
dataset3,862,normal,0,0,full_corrected_21,0.00870997401384377,0
dataset3,863,normal,0,0,full_corrected_21,0.00787700221340993,0
dataset3,864,normal,0,0,full_corrected_21,0.0029479452054794525,0
dataset3,865,normal,0,0,full_corrected_21,0.005468995828423303,0
dataset3,866,normal,0,1,full_corrected_21,0.006989212368170255,0
dataset3,867,normal,0,0,full_corrected_21,0.004132916888973701,0
dataset3,868,normal,0,1,full_corrected_21,0.002174184051664504,0
dataset3,869,normal,0,0,full_corrected_21,0.0011670281995661605,0
dataset3,870,normal,0,0,full_corrected_21,0.0011670281995661605,0
dataset3,871,normal,0,0,full_corrected_21,0.0,0
dataset3,872,normal,0,0,full_corrected_21,0.0,0
dataset3,873,normal,0,1,full_corrected_21,0.00289599142360238,0
dataset3,874,normal,0,0,full_corrected_21,0.00463564126682487,0
dataset3,875,normal,0,1,full_corrected_21,4.1267162690803154e-05,0
dataset3,876,normal,0,1,full_corrected_21,4.1267162690803154e-05,0
dataset3,877,normal,0,1,full_corrected_21,4.1267162690803154e-05,0
dataset3,878,normal,0,1,full_corrected_21,0.005798114310109285,0
dataset3,879,normal,0,0,full_corrected_21,0.002903517753801625,0
dataset3,880,normal,0,1,full_corrected_21,0.012169985440543903,0
dataset3,881,normal,0,0,full_corrected_21,0.019608518175976003,0
dataset3,882,normal,0,1,full_corrected_21,0.006156240567736416,0
dataset3,883,normal,0,1,full_corrected_21,0.00951523976543053,0
dataset3,884,normal,0,1,full_corrected_21,0.015171133486020484,0
dataset3,885,normal,0,0,full_corrected_21,0.011911726874505391,0
dataset3,886,normal,0,0,full_corrected_21,0.01660460679286924,0
dataset3,887,normal,0,1,full_corrected_21,0.026971665563875445,0
dataset3,888,normal,0,1,full_corrected_21,0.03841714982642649,0
dataset3,889,normal,0,1,full_corrected_21,0.05617660853400256,0
dataset3,890,normal,0,0,full_corrected_21,0.11158299246006996,0
dataset3,891,normal,0,1,full_corrected_21,0.027466798347537454,0
dataset3,892,normal,0,1,full_corrected_21,0.0247179522515463,0
dataset3,893,normal,0,1,full_corrected_21,0.0265589399836472,0
dataset3,894,normal,0,0,full_corrected_21,0.01824557414831869,0
dataset3,895,normal,0,0,full_corrected_21,0.014074474109154644,0
dataset3,896,normal,0,0,full_corrected_21,0.02640375994206204,0
dataset3,897,normal,0,0,full_corrected_21,0.013403935620524632,0
dataset3,898,normal,0,1,full_corrected_21,0.017040706194533177,0
dataset3,899,normal,0,1,full_corrected_21,0.012578376303337128,0
dataset3,900,normal,0,1,full_corrected_21,0.00047484554280670795,0
dataset3,901,normal,0,0,full_corrected_21,0.003641873742372868,0
dataset3,902,normal,0,0,full_corrected_21,0.0034407342322142482,0
dataset3,903,normal,0,0,full_corrected_21,0.030570462739569555,0
dataset3,904,normal,0,0,full_corrected_21,0.02035154141766357,0
dataset3,905,normal,0,0,full_corrected_21,0.014076581129536246,0
dataset3,906,normal,0,1,full_corrected_21,0.038546354425601385,0
dataset3,907,normal,0,1,full_corrected_21,0.02746065266041281,0
dataset3,908,normal,0,1,full_corrected_21,0.043395026254868234,0
dataset3,909,normal,0,0,full_corrected_21,0.01777566366674438,0
dataset3,910,normal,0,0,full_corrected_21,0.04613931310085217,0
dataset3,911,normal,0,0,full_corrected_21,0.13104085826802592,0
dataset3,912,normal,0,0,full_corrected_21,0.04995776353060026,0
dataset3,913,normal,0,1,full_corrected_21,0.059332779869870976,0
dataset3,914,normal,0,1,full_corrected_21,0.045455632435282604,0
dataset3,915,normal,0,1,full_corrected_21,0.03682441720518749,0
dataset3,916,normal,0,1,full_corrected_21,0.024057289840016635,0
dataset3,917,normal,0,1,full_corrected_21,0.03423621099781934,0
dataset3,918,normal,0,0,full_corrected_21,0.01396047300258218,0
dataset3,919,normal,0,0,full_corrected_21,0.010427969965153536,0
dataset3,920,normal,0,0,full_corrected_21,0.010969241700716163,0
dataset3,921,normal,0,0,full_corrected_21,0.016267548520350276,0
dataset3,922,normal,0,0,full_corrected_21,0.02560760973236008,0
dataset3,923,normal,0,0,full_corrected_21,0.02557824104790793,0
dataset3,924,normal,0,0,full_corrected_21,0.0314516849543107,0
dataset3,925,normal,0,0,full_corrected_21,0.05142082394986734,0
dataset3,926,normal,0,0,full_corrected_21,0.07284930305115413,0
dataset3,927,normal,0,1,full_corrected_21,0.10515292932632919,0
dataset3,928,normal,0,1,full_corrected_21,0.14089879092006038,0
dataset3,929,normal,0,1,full_corrected_21,0.16879541633349132,0
dataset3,930,normal,0,1,full_corrected_21,0.19127466798943615,0
dataset3,931,normal,0,0,full_corrected_21,0.2025838054405016,0
dataset3,932,normal,0,0,full_corrected_21,0.2360578665978926,0
dataset3,933,normal,0,0,full_corrected_21,0.15747163882752496,0
dataset3,934,normal,0,0,full_corrected_21,0.23998241583142998,0
dataset3,935,normal,0,0,full_corrected_21,0.26004252011365325,0
dataset3,936,normal,0,0,full_corrected_21,0.2920795454689455,0
dataset3,937,normal,0,0,full_corrected_21,0.4111352102725824,0
dataset3,938,fallback_hold,1,0,full_corrected_21,0.6061054252036788,1
dataset3,939,normal,0,1,full_corrected_21,0.5967447708033354,1
dataset3,940,fallback_hold,1,1,full_corrected_21,0.6689974760252451,1
dataset3,941,normal,0,1,full_corrected_21,0.6597883159862055,1
dataset3,942,fallback_hold,1,1,full_corrected_21,0.6539615623514514,1
dataset3,943,normal,0,0,full_corrected_21,0.7287496960006031,1
dataset3,944,fallback_hold,1,0,full_corrected_21,0.7241711727943512,1
dataset3,945,fallback_hold,1,0,full_corrected_21,0.6676655405581171,1
dataset3,946,normal,0,0,full_corrected_21,0.6873281816849895,1
dataset3,947,operator_stop,1,0,full_corrected_21,0.7216974512410528,1
dataset3,948,operator_stop,1,0,full_corrected_21,0.7315399736449404,1
dataset3,949,operator_stop,1,0,full_corrected_21,0.8040326569364601,1
dataset3,950,operator_stop,1,0,full_corrected_21,0.8082545655003545,1
dataset3,951,operator_stop,1,1,full_corrected_21,0.7880063072186103,1
dataset3,952,operator_stop,1,1,full_corrected_21,0.8071757011521247,1
dataset3,953,operator_stop,1,1,full_corrected_21,0.793946670048425,1
dataset3,954,operator_stop,1,0,full_corrected_21,0.8454710293179433,1
dataset3,955,operator_stop,1,0,full_corrected_21,0.8534729495979491,1
dataset3,956,operator_stop,1,0,full_corrected_21,0.8265425580681879,1
dataset3,957,operator_stop,1,0,full_corrected_21,0.8069892353757702,1
dataset3,958,normal,0,0,full_corrected_21,0.6986564327589954,1
dataset3,959,fallback_hold,1,0,full_corrected_21,0.8673141569416277,1
dataset3,960,conflict_risk,1,1,full_corrected_21,0.7979422594735899,1
dataset3,961,fallback_hold,1,1,full_corrected_21,0.832177849684204,1
dataset3,962,conflict_risk,1,1,full_corrected_21,0.8381071021165251,1
dataset3,963,fallback_hold,1,1,full_corrected_21,0.8206447130003685,1
dataset3,964,conflict_risk,1,1,full_corrected_21,0.7912399030910049,1
dataset3,965,fallback_hold,1,1,full_corrected_21,0.7803037908992364,1
dataset3,966,normal,0,1,full_corrected_21,0.4204476191296232,0
dataset3,967,normal,0,0,full_corrected_21,0.20896095843253046,0
dataset3,968,normal,0,0,full_corrected_21,0.22299888138144006,0
dataset3,969,normal,0,0,full_corrected_21,0.19627420634252837,0
dataset3,970,normal,0,0,full_corrected_21,0.1641437399893309,0
dataset3,971,normal,0,0,full_corrected_21,0.0942328376976973,0
dataset3,972,normal,0,0,full_corrected_21,0.046761502841618015,0
dataset3,973,normal,0,0,full_corrected_21,0.031748067364684156,0
dataset3,974,normal,0,0,full_corrected_21,0.037452264089401846,0
dataset3,975,normal,0,0,full_corrected_21,0.036122128582111376,0
dataset3,976,normal,0,0,full_corrected_21,0.03974478148970681,0
dataset3,977,normal,0,1,full_corrected_21,0.10929142675218409,0
dataset3,978,normal,0,1,full_corrected_21,0.09209102993316096,0
dataset3,979,normal,0,1,full_corrected_21,0.1109553887310888,0
dataset3,980,operator_stop,1,0,full_corrected_21,0.13310698909523888,0
dataset3,981,operator_stop,1,0,full_corrected_21,0.1412636037790096,0
dataset3,982,operator_stop,1,0,full_corrected_21,0.133734177977255,0
dataset3,983,operator_stop,1,0,full_corrected_21,0.14651614630572127,0
dataset3,984,operator_stop,1,1,full_corrected_21,0.13009542072249508,0
dataset3,985,operator_stop,1,1,full_corrected_21,0.15011220482737475,0
dataset3,986,operator_stop,1,1,full_corrected_21,0.10237793639927735,0
dataset3,987,operator_stop,1,0,full_corrected_21,0.16200970128514722,0
dataset3,988,operator_stop,1,0,full_corrected_21,0.1777457351446878,0
dataset3,989,operator_stop,1,1,full_corrected_21,0.14773361258692105,0
dataset3,990,operator_stop,1,1,full_corrected_21,0.13197599678436828,0
dataset3,991,normal,0,1,full_corrected_21,0.04617136239105874,0
dataset3,992,normal,0,0,full_corrected_21,0.026705580560157337,0
dataset3,993,normal,0,0,full_corrected_21,0.020457690266138022,0
dataset3,994,normal,0,0,full_corrected_21,0.04881207115697211,0
dataset3,995,normal,0,0,full_corrected_21,0.04458714362939565,0
dataset3,996,normal,0,0,full_corrected_21,0.04606494094028228,0
dataset3,997,normal,0,0,full_corrected_21,0.04587589022194806,0
dataset3,998,normal,0,0,full_corrected_21,0.029361810971869864,0
dataset3,999,normal,0,0,full_corrected_21,0.028208962749507634,0
dataset3,1000,normal,0,0,full_corrected_21,0.02814961598100196,0
dataset3,1001,normal,0,0,full_corrected_21,0.01982501599728762,0
dataset3,1002,normal,0,0,full_corrected_21,0.0396014886669544,0
dataset3,1003,normal,0,0,full_corrected_21,0.012744464879960287,0
dataset3,1004,normal,0,0,full_corrected_21,0.002663049572688297,0
dataset3,1005,normal,0,1,full_corrected_21,0.007895000967090037,0
dataset3,1006,normal,0,1,full_corrected_21,4.1267162690803154e-05,0
dataset3,1007,normal,0,1,full_corrected_21,4.1267162690803154e-05,0
dataset3,1008,normal,0,1,full_corrected_21,0.0016765255213534171,0
dataset3,1009,normal,0,0,full_corrected_21,0.013561937393726279,0
dataset3,1010,normal,0,0,full_corrected_21,0.0026410008023058868,0
dataset3,1011,normal,0,0,full_corrected_21,0.040367810581054694,0
dataset3,1012,normal,0,0,full_corrected_21,0.0014739726027397262,0
dataset3,1013,normal,0,0,full_corrected_21,0.02338357434150613,0
dataset3,1014,normal,0,1,full_corrected_21,0.07410056047418558,0
dataset3,1015,normal,0,1,full_corrected_21,0.16372156579031183,0
dataset3,1016,normal,0,1,full_corrected_21,0.3112856750436004,0
dataset3,1017,normal,0,0,full_corrected_21,0.13220044161014727,0
dataset3,1018,normal,0,0,full_corrected_21,0.01827743869737893,0
dataset3,1019,normal,0,0,full_corrected_21,0.012750615375254239,0
dataset3,1020,normal,0,1,full_corrected_21,0.020430440026917334,0
dataset3,1021,normal,0,1,full_corrected_21,0.00384929616456285,0
dataset3,1022,normal,0,1,full_corrected_21,0.0046059866777499675,0
dataset3,1023,normal,0,1,full_corrected_21,0.0012082953622569636,0
dataset3,1024,normal,0,1,full_corrected_21,0.0030071558520983433,0
dataset3,1025,normal,0,1,full_corrected_21,0.0041741840516645035,0
dataset3,1026,normal,0,0,full_corrected_21,0.0041149734050456134,0
dataset3,1027,normal,0,1,full_corrected_21,0.008533269021757973,0
dataset3,1028,normal,0,1,full_corrected_21,0.00684021342493154,0
dataset3,1029,normal,0,1,full_corrected_21,0.002,0
dataset3,1030,normal,0,1,full_corrected_21,0.006843553720919577,0
dataset3,1031,normal,0,0,full_corrected_21,0.013109230961402341,0
dataset3,1032,normal,0,0,full_corrected_21,0.013109230961402341,0
dataset3,1033,normal,0,0,full_corrected_21,0.02209610016692283,0
dataset3,1034,normal,0,0,full_corrected_21,0.025651618037327694,0
dataset3,1035,normal,0,0,full_corrected_21,0.006504092140015222,0
dataset3,1036,normal,0,0,full_corrected_21,0.013452037345494673,0
dataset3,1037,normal,0,1,full_corrected_21,0.024787191489764573,0
dataset3,1038,normal,0,1,full_corrected_21,0.028139929224226458,0
dataset3,1039,normal,0,1,full_corrected_21,0.047049415728430494,0
dataset3,1040,normal,0,0,full_corrected_21,0.09957007061686204,0
dataset3,1041,normal,0,0,full_corrected_21,0.21751525424595008,0
dataset3,1042,normal,0,1,full_corrected_21,0.08815189373223546,0
dataset3,1043,normal,0,1,full_corrected_21,0.033591115798707355,0
dataset3,1044,normal,0,1,full_corrected_21,0.020129081419239286,0
dataset3,1045,normal,0,0,full_corrected_21,0.01965302607036252,0
dataset3,1046,normal,0,0,full_corrected_21,0.008,0
dataset3,1047,normal,0,1,full_corrected_21,0.015622698686778897,0
dataset3,1048,normal,0,1,full_corrected_21,0.014828016264326902,0
dataset3,1049,normal,0,1,full_corrected_21,0.015793904953734443,0
dataset3,1050,normal,0,0,full_corrected_21,0.010439861292147266,0
dataset3,1051,normal,0,1,full_corrected_21,0.008178289338118826,0
dataset3,1052,normal,0,1,full_corrected_21,0.008178289338118826,0
dataset3,1053,normal,0,1,full_corrected_21,0.008757503283632511,0
dataset3,1054,normal,0,1,full_corrected_21,0.008483434679944238,0
dataset3,1055,normal,0,0,full_corrected_21,0.004137022175428023,0
dataset3,1056,normal,0,0,full_corrected_21,0.0054057499815548075,0
dataset3,1057,normal,0,0,full_corrected_21,0.02176164796994964,0
dataset3,1058,normal,0,0,full_corrected_21,0.021055389717855488,0
dataset3,1059,normal,0,0,full_corrected_21,0.021055389717855488,0
dataset3,1060,normal,0,0,full_corrected_21,0.020089501028447948,0
dataset3,1061,normal,0,0,full_corrected_21,0.020089501028447948,0
dataset3,1062,normal,0,0,full_corrected_21,0.018615528425708225,0
dataset3,1063,normal,0,0,full_corrected_21,0.018615528425708225,0
dataset3,1064,normal,0,0,full_corrected_21,0.02820985646050229,0
dataset3,1065,normal,0,0,full_corrected_21,0.05243686290515887,0
dataset3,1066,normal,0,0,full_corrected_21,0.05791159425265228,0
dataset3,1067,normal,0,0,full_corrected_21,0.051240026414442044,0
dataset3,1068,normal,0,0,full_corrected_21,0.053240026414442046,0
dataset3,1069,normal,0,0,full_corrected_21,0.05508658983136695,0
dataset3,1070,normal,0,0,full_corrected_21,0.05717951446603015,0
dataset3,1071,normal,0,0,full_corrected_21,0.05665355797129,0
dataset3,1072,normal,0,0,full_corrected_21,0.06428025407606373,0
dataset3,1073,normal,0,0,full_corrected_21,0.04945310163434336,0
dataset3,1074,normal,0,0,full_corrected_21,0.05315026251762412,0
dataset3,1075,normal,0,0,full_corrected_21,0.06902761868542825,0
dataset3,1076,normal,0,0,full_corrected_21,0.06324238726774162,0
dataset3,1077,normal,0,0,full_corrected_21,0.0666049165591446,0
dataset3,1078,normal,0,0,full_corrected_21,0.06007895426850526,0
dataset3,1079,normal,0,0,full_corrected_21,0.06302689947398471,0
dataset3,1080,normal,0,0,full_corrected_21,0.0691437913442014,0
dataset3,1081,normal,0,0,full_corrected_21,0.06844645478245806,0
dataset3,1082,normal,0,0,full_corrected_21,0.080765883898817,0
dataset3,1083,normal,0,0,full_corrected_21,0.06913023317456676,0
dataset3,1084,normal,0,0,full_corrected_21,0.07082739405784752,0
dataset3,1085,normal,0,0,full_corrected_21,0.0447822757195626,0
dataset3,1086,normal,0,0,full_corrected_21,0.03272297389274638,0
dataset3,1087,normal,0,0,full_corrected_21,0.030573063008175045,0
dataset3,1088,normal,0,0,full_corrected_21,0.027262677133295117,0
dataset3,0,normal,0,0,full_minus_planned,0.012445942732343446,0
dataset3,1,normal,0,0,full_minus_planned,0.012445942732343446,0
dataset3,2,normal,0,0,full_minus_planned,0.012445942732343446,0
dataset3,3,normal,0,0,full_minus_planned,0.012445942732343446,0
dataset3,4,normal,0,0,full_minus_planned,0.012445942732343446,0
dataset3,5,normal,0,0,full_minus_planned,0.012445942732343446,0
dataset3,6,normal,0,0,full_minus_planned,0.012445942732343446,0
dataset3,7,normal,0,0,full_minus_planned,0.012445942732343446,0
dataset3,8,normal,0,0,full_minus_planned,0.012445942732343446,0
dataset3,9,normal,0,0,full_minus_planned,0.012445942732343446,0
dataset3,10,normal,0,0,full_minus_planned,0.012445942732343446,0
dataset3,11,normal,0,0,full_minus_planned,0.012445942732343446,0
dataset3,12,normal,0,0,full_minus_planned,0.012445942732343446,0
dataset3,13,normal,0,0,full_minus_planned,0.012445942732343446,0
dataset3,14,normal,0,0,full_minus_planned,0.012445942732343446,0
dataset3,15,normal,0,0,full_minus_planned,0.012445942732343446,0
dataset3,16,normal,0,0,full_minus_planned,0.012445942732343446,0
dataset3,17,normal,0,0,full_minus_planned,0.012445942732343446,0
dataset3,18,normal,0,0,full_minus_planned,0.012445942732343446,0
dataset3,19,normal,0,0,full_minus_planned,0.012445942732343446,0
dataset3,20,normal,0,0,full_minus_planned,0.012445942732343446,0
dataset3,21,normal,0,0,full_minus_planned,0.012445942732343446,0
dataset3,22,normal,0,0,full_minus_planned,0.012445942732343446,0
dataset3,23,normal,0,0,full_minus_planned,0.012445942732343446,0
dataset3,24,normal,0,0,full_minus_planned,0.012445942732343446,0
dataset3,25,normal,0,0,full_minus_planned,0.012445942732343446,0
dataset3,26,normal,0,0,full_minus_planned,0.012445942732343446,0
dataset3,27,normal,0,0,full_minus_planned,0.012445942732343446,0
dataset3,28,normal,0,0,full_minus_planned,0.012445942732343446,0
dataset3,29,normal,0,0,full_minus_planned,0.012445942732343446,0
dataset3,30,normal,0,0,full_minus_planned,0.012445942732343446,0
dataset3,31,normal,0,0,full_minus_planned,0.012445942732343446,0
dataset3,32,normal,0,0,full_minus_planned,0.012445942732343446,0
dataset3,33,normal,0,0,full_minus_planned,0.012445942732343446,0
dataset3,34,normal,0,0,full_minus_planned,0.012445942732343446,0
dataset3,35,normal,0,0,full_minus_planned,0.012445942732343446,0
dataset3,36,normal,0,0,full_minus_planned,0.012445942732343446,0
dataset3,37,normal,0,0,full_minus_planned,0.012445942732343446,0
dataset3,38,normal,0,0,full_minus_planned,0.012445942732343446,0
dataset3,39,normal,0,0,full_minus_planned,0.012445942732343446,0
dataset3,40,normal,0,0,full_minus_planned,0.012445942732343446,0
dataset3,41,normal,0,0,full_minus_planned,0.012445942732343446,0
dataset3,42,normal,0,0,full_minus_planned,0.012445942732343446,0
dataset3,43,normal,0,0,full_minus_planned,0.012445942732343446,0
dataset3,44,normal,0,0,full_minus_planned,0.012445942732343446,0
dataset3,45,normal,0,0,full_minus_planned,0.012445942732343446,0
dataset3,46,normal,0,0,full_minus_planned,0.012445942732343446,0
dataset3,47,normal,0,0,full_minus_planned,0.012445942732343446,0
dataset3,48,normal,0,0,full_minus_planned,0.012445942732343446,0
dataset3,49,normal,0,0,full_minus_planned,0.012445942732343446,0
dataset3,50,normal,0,0,full_minus_planned,0.012445942732343446,0
dataset3,51,normal,0,0,full_minus_planned,0.012445942732343446,0
dataset3,52,normal,0,0,full_minus_planned,0.012445942732343446,0
dataset3,53,normal,0,0,full_minus_planned,0.012445942732343446,0
dataset3,54,normal,0,0,full_minus_planned,0.012445942732343446,0
dataset3,55,normal,0,0,full_minus_planned,0.012445942732343446,0
dataset3,56,normal,0,0,full_minus_planned,0.012445942732343446,0
dataset3,57,normal,0,0,full_minus_planned,0.012445942732343446,0
dataset3,58,normal,0,0,full_minus_planned,0.012445942732343446,0
dataset3,59,normal,0,0,full_minus_planned,0.012445942732343446,0
dataset3,60,normal,0,0,full_minus_planned,0.012445942732343446,0
dataset3,61,normal,0,0,full_minus_planned,0.012445942732343446,0
dataset3,62,normal,0,0,full_minus_planned,0.012445942732343446,0
dataset3,63,normal,0,0,full_minus_planned,0.012445942732343446,0
dataset3,64,normal,0,0,full_minus_planned,0.012445942732343446,0
dataset3,65,normal,0,0,full_minus_planned,0.012445942732343446,0
dataset3,66,normal,0,0,full_minus_planned,0.012445942732343446,0
dataset3,67,normal,0,0,full_minus_planned,0.012445942732343446,0
dataset3,68,normal,0,0,full_minus_planned,0.012445942732343446,0
dataset3,69,normal,0,0,full_minus_planned,0.012445942732343446,0
dataset3,70,normal,0,0,full_minus_planned,0.012445942732343446,0
dataset3,71,normal,0,0,full_minus_planned,0.012445942732343446,0
dataset3,72,normal,0,0,full_minus_planned,0.012445942732343446,0
dataset3,73,normal,0,0,full_minus_planned,0.012445942732343446,0
dataset3,74,normal,0,0,full_minus_planned,0.012445942732343446,0
dataset3,75,normal,0,0,full_minus_planned,0.012445942732343446,0
dataset3,76,normal,0,0,full_minus_planned,0.012445942732343446,0
dataset3,77,normal,0,0,full_minus_planned,0.012445942732343446,0
dataset3,78,normal,0,0,full_minus_planned,0.012445942732343446,0
dataset3,79,normal,0,0,full_minus_planned,0.012445942732343446,0
dataset3,80,normal,0,0,full_minus_planned,0.012445942732343446,0
dataset3,81,normal,0,0,full_minus_planned,0.012445942732343446,0
dataset3,82,normal,0,0,full_minus_planned,0.012445942732343446,0
dataset3,83,normal,0,0,full_minus_planned,0.012445942732343446,0
dataset3,84,normal,0,0,full_minus_planned,0.012445942732343446,0
dataset3,85,normal,0,0,full_minus_planned,0.012445942732343446,0
dataset3,86,normal,0,0,full_minus_planned,0.012445942732343446,0
dataset3,87,normal,0,0,full_minus_planned,0.012445942732343446,0
dataset3,88,normal,0,0,full_minus_planned,0.012445942732343446,0
dataset3,89,normal,0,0,full_minus_planned,0.012445942732343446,0
dataset3,90,normal,0,0,full_minus_planned,0.012445942732343446,0
dataset3,91,normal,0,0,full_minus_planned,0.012445942732343446,0
dataset3,92,normal,0,0,full_minus_planned,0.012445942732343446,0
dataset3,93,normal,0,0,full_minus_planned,0.012445942732343446,0
dataset3,94,normal,0,0,full_minus_planned,0.012445942732343446,0
dataset3,95,normal,0,0,full_minus_planned,0.012445942732343446,0
dataset3,96,normal,0,0,full_minus_planned,0.012445942732343446,0
dataset3,97,normal,0,0,full_minus_planned,0.012445942732343446,0
dataset3,98,normal,0,0,full_minus_planned,0.012445942732343446,0
dataset3,99,normal,0,0,full_minus_planned,0.012445942732343446,0
dataset3,100,normal,0,0,full_minus_planned,0.012445942732343446,0
dataset3,101,normal,0,0,full_minus_planned,0.012445942732343446,0
dataset3,102,normal,0,0,full_minus_planned,0.012445942732343446,0
dataset3,103,normal,0,0,full_minus_planned,0.012445942732343446,0
dataset3,104,normal,0,0,full_minus_planned,0.012445942732343446,0
dataset3,105,normal,0,0,full_minus_planned,0.012445942732343446,0
dataset3,106,normal,0,0,full_minus_planned,0.012445942732343446,0
dataset3,107,normal,0,0,full_minus_planned,0.012445942732343446,0
dataset3,108,normal,0,0,full_minus_planned,0.012445942732343446,0
dataset3,109,normal,0,0,full_minus_planned,0.012445942732343446,0
dataset3,110,normal,0,0,full_minus_planned,0.012445942732343446,0
dataset3,111,normal,0,0,full_minus_planned,0.012445942732343446,0
dataset3,112,normal,0,0,full_minus_planned,0.012445942732343446,0
dataset3,113,normal,0,0,full_minus_planned,0.012445942732343446,0
dataset3,114,normal,0,0,full_minus_planned,0.012445942732343446,0
dataset3,115,normal,0,0,full_minus_planned,0.012445942732343446,0
dataset3,116,normal,0,0,full_minus_planned,0.012445942732343446,0
dataset3,117,normal,0,0,full_minus_planned,0.012445942732343446,0
dataset3,118,normal,0,0,full_minus_planned,0.012445942732343446,0
dataset3,119,normal,0,0,full_minus_planned,0.012445942732343446,0
dataset3,120,normal,0,0,full_minus_planned,0.012445942732343446,0
dataset3,121,normal,0,0,full_minus_planned,0.012445942732343446,0
dataset3,122,normal,0,0,full_minus_planned,0.012445942732343446,0
dataset3,123,normal,0,1,full_minus_planned,0.0014739726027397262,0
dataset3,124,normal,0,1,full_minus_planned,0.0,0
dataset3,125,normal,0,1,full_minus_planned,0.0,0
dataset3,126,normal,0,0,full_minus_planned,0.0,0
dataset3,127,normal,0,0,full_minus_planned,0.0,0
dataset3,128,normal,0,0,full_minus_planned,0.0014739726027397262,0
dataset3,129,normal,0,0,full_minus_planned,0.0,0
dataset3,130,normal,0,1,full_minus_planned,0.0009658886894075403,0
dataset3,131,normal,0,1,full_minus_planned,0.0014739726027397262,0
dataset3,132,normal,0,1,full_minus_planned,0.005607707723025363,0
dataset3,133,normal,0,0,full_minus_planned,0.0020479200806883947,0
dataset3,134,normal,0,0,full_minus_planned,0.0002570473005255613,0
dataset3,135,normal,0,1,full_minus_planned,0.006860076923213062,0
dataset3,136,normal,0,1,full_minus_planned,0.004433489525345558,0
dataset3,137,normal,0,1,full_minus_planned,0.0026721693325185043,0
dataset3,138,normal,0,0,full_minus_planned,0.0008238897396630934,0
dataset3,139,normal,0,1,full_minus_planned,0.0053655086641377315,0
dataset3,140,normal,0,1,full_minus_planned,0.0014739726027397262,0
dataset3,141,normal,0,1,full_minus_planned,0.0026721693325185048,0
dataset3,142,normal,0,0,full_minus_planned,0.0062790588242319315,0
dataset3,143,normal,0,0,full_minus_planned,0.007080862094453154,0
dataset3,144,normal,0,0,full_minus_planned,0.01677802297773391,0
dataset3,145,normal,0,0,full_minus_planned,0.0038248553657825165,0
dataset3,146,normal,0,1,full_minus_planned,0.0020311685302126185,0
dataset3,147,normal,0,1,full_minus_planned,0.0038104241044504346,0
dataset3,148,normal,0,1,full_minus_planned,0.009204745871011949,0
dataset3,149,normal,0,0,full_minus_planned,0.002590394133643235,0
dataset3,150,normal,0,0,full_minus_planned,0.002590394133643235,0
dataset3,151,normal,0,0,full_minus_planned,0.002204258665745805,0
dataset3,152,normal,0,0,full_minus_planned,0.006688575994403578,0
dataset3,153,normal,0,0,full_minus_planned,0.02054965797016931,0
dataset3,154,normal,0,1,full_minus_planned,0.017382713752118556,0
dataset3,155,normal,0,1,full_minus_planned,0.04117906053235945,0
dataset3,156,normal,0,1,full_minus_planned,0.036039417952730635,0
dataset3,157,normal,0,0,full_minus_planned,0.017688463277963896,0
dataset3,158,normal,0,0,full_minus_planned,0.021792666431813323,0
dataset3,159,normal,0,0,full_minus_planned,0.05244381037121613,0
dataset3,160,normal,0,0,full_minus_planned,0.14422526190501794,0
dataset3,161,normal,0,1,full_minus_planned,0.04729742717814534,0
dataset3,162,normal,0,1,full_minus_planned,0.04556965754376729,0
dataset3,163,normal,0,1,full_minus_planned,0.04877661705449261,0
dataset3,164,normal,0,1,full_minus_planned,0.03913374385694444,0
dataset3,165,normal,0,1,full_minus_planned,0.029284170111720114,0
dataset3,166,normal,0,0,full_minus_planned,0.009285006775970259,0
dataset3,167,normal,0,0,full_minus_planned,0.0038853192543058133,0
dataset3,168,normal,0,0,full_minus_planned,0.0,0
dataset3,169,normal,0,0,full_minus_planned,0.0026034605052915596,0
dataset3,170,normal,0,0,full_minus_planned,0.005626442374792931,0
dataset3,171,normal,0,0,full_minus_planned,0.005020762195956411,0
dataset3,172,normal,0,0,full_minus_planned,0.005482961824398409,0
dataset3,173,normal,0,0,full_minus_planned,0.0034917272432560386,0
dataset3,174,normal,0,0,full_minus_planned,0.007144098765923694,0
dataset3,175,normal,0,1,full_minus_planned,0.015738173407742306,0
dataset3,176,normal,0,1,full_minus_planned,0.03129805983906541,0
dataset3,177,normal,0,1,full_minus_planned,0.0405539598287135,0
dataset3,178,normal,0,1,full_minus_planned,0.06238568819840739,0
dataset3,179,normal,0,0,full_minus_planned,0.05659540211765417,0
dataset3,180,normal,0,0,full_minus_planned,0.0802439517784803,0
dataset3,181,normal,0,0,full_minus_planned,0.0660129084435334,0
dataset3,182,normal,0,0,full_minus_planned,0.21804527841870305,0
dataset3,183,normal,0,0,full_minus_planned,0.07778769626681256,0
dataset3,184,normal,0,0,full_minus_planned,0.04923163606633734,0
dataset3,185,normal,0,0,full_minus_planned,0.05249187417713029,0
dataset3,186,normal,0,0,full_minus_planned,0.0542764422257555,0
dataset3,187,normal,0,1,full_minus_planned,0.10971678730533314,0
dataset3,188,normal,0,1,full_minus_planned,0.282254709175494,0
dataset3,189,normal,0,1,full_minus_planned,0.2349746764284739,0
dataset3,190,normal,0,1,full_minus_planned,0.2179981126407997,0
dataset3,191,normal,0,0,full_minus_planned,0.22354311761598597,0
dataset3,192,normal,0,0,full_minus_planned,0.44860692662053114,0
dataset3,193,normal,0,0,full_minus_planned,0.2956432613880262,0
dataset3,194,normal,0,0,full_minus_planned,0.2697093781029034,0
dataset3,195,normal,0,0,full_minus_planned,0.3172395743774684,0
dataset3,196,fallback_hold,1,0,full_minus_planned,0.2993376917702678,0
dataset3,197,normal,0,0,full_minus_planned,0.35689135953085105,0
dataset3,198,normal,0,0,full_minus_planned,0.4004977523352119,0
dataset3,199,fallback_hold,1,1,full_minus_planned,0.6737340102891919,1
dataset3,200,normal,0,1,full_minus_planned,0.6519885607830733,1
dataset3,201,fallback_hold,1,1,full_minus_planned,0.6444656890091919,1
dataset3,202,normal,0,0,full_minus_planned,0.6814581716902867,1
dataset3,203,normal,0,0,full_minus_planned,0.6881552454755073,1
dataset3,204,fallback_hold,1,0,full_minus_planned,0.6937325303361902,1
dataset3,205,normal,0,0,full_minus_planned,0.6706266622741601,1
dataset3,206,normal,0,0,full_minus_planned,0.6727773850864939,1
dataset3,207,fallback_hold,1,0,full_minus_planned,0.6879813161103584,1
dataset3,208,normal,0,1,full_minus_planned,0.6646108743964829,1
dataset3,209,fallback_hold,1,1,full_minus_planned,0.678995710492329,1
dataset3,210,normal,0,1,full_minus_planned,0.6775157444109947,1
dataset3,211,fallback_hold,1,1,full_minus_planned,0.6780821553345583,1
dataset3,212,normal,0,1,full_minus_planned,0.683982644383795,1
dataset3,213,fallback_hold,1,1,full_minus_planned,0.6807570057147864,1
dataset3,214,fallback_hold,1,1,full_minus_planned,0.6876638966452115,1
dataset3,215,normal,0,0,full_minus_planned,0.6987083355699799,1
dataset3,216,fallback_hold,1,0,full_minus_planned,0.7219074299172886,1
dataset3,217,normal,0,0,full_minus_planned,0.7277191417198233,1
dataset3,218,deadlock,1,0,full_minus_planned,0.784816716983267,1
dataset3,219,deadlock,1,0,full_minus_planned,0.8112595550430168,1
dataset3,220,deadlock,1,0,full_minus_planned,0.827953186913835,1
dataset3,221,deadlock,1,0,full_minus_planned,0.8229716396502622,1
dataset3,222,deadlock,1,0,full_minus_planned,0.8465426534230541,1
dataset3,223,deadlock,1,0,full_minus_planned,0.8411205389754146,1
dataset3,224,deadlock,1,0,full_minus_planned,0.8384952027344424,1
dataset3,225,deadlock,1,1,full_minus_planned,0.8377302127351187,1
dataset3,226,deadlock,1,1,full_minus_planned,0.835920465996255,1
dataset3,227,deadlock,1,1,full_minus_planned,0.8365896152710915,1
dataset3,228,deadlock,1,0,full_minus_planned,0.8371801549562352,1
dataset3,229,deadlock,1,0,full_minus_planned,0.8371801549562352,1
dataset3,230,deadlock,1,0,full_minus_planned,0.8371801549562352,1
dataset3,231,deadlock,1,0,full_minus_planned,0.8371801549562352,1
dataset3,232,deadlock,1,1,full_minus_planned,0.8371801549562352,1
dataset3,233,deadlock,1,1,full_minus_planned,0.8357260349789557,1
dataset3,234,deadlock,1,1,full_minus_planned,0.8350610410272644,1
dataset3,235,deadlock,1,0,full_minus_planned,0.8377302127351187,1
dataset3,236,deadlock,1,0,full_minus_planned,0.8379534010156597,1
dataset3,237,deadlock,1,1,full_minus_planned,0.8379534010156597,1
dataset3,238,deadlock,1,1,full_minus_planned,0.8350080392560234,1
dataset3,239,deadlock,1,1,full_minus_planned,0.8293455894784432,1
dataset3,240,deadlock,1,0,full_minus_planned,0.8371801549562352,1
dataset3,241,deadlock,1,0,full_minus_planned,0.8371801549562352,1
dataset3,242,deadlock,1,0,full_minus_planned,0.8371801549562352,1
dataset3,243,deadlock,1,0,full_minus_planned,0.8371801549562352,1
dataset3,244,deadlock,1,0,full_minus_planned,0.8371801549562352,1
dataset3,245,deadlock,1,0,full_minus_planned,0.8371801549562352,1
dataset3,246,deadlock,1,0,full_minus_planned,0.8371801549562352,1
dataset3,247,deadlock,1,0,full_minus_planned,0.8371801549562352,1
dataset3,248,deadlock,1,0,full_minus_planned,0.8371801549562352,1
dataset3,249,deadlock,1,0,full_minus_planned,0.8371801549562352,1
dataset3,250,deadlock,1,0,full_minus_planned,0.8371801549562352,1
dataset3,251,deadlock,1,0,full_minus_planned,0.8371801549562352,1
dataset3,252,deadlock,1,0,full_minus_planned,0.8371801549562352,1
dataset3,253,deadlock,1,0,full_minus_planned,0.8371801549562352,1
dataset3,254,deadlock,1,0,full_minus_planned,0.8371801549562352,1
dataset3,255,deadlock,1,0,full_minus_planned,0.8371801549562352,1
dataset3,256,deadlock,1,0,full_minus_planned,0.8371801549562352,1
dataset3,257,conflict_risk,1,0,full_minus_planned,0.8371801549562352,1
dataset3,258,deadlock,1,0,full_minus_planned,0.8371801549562352,1
dataset3,259,fallback_hold,1,0,full_minus_planned,0.8371801549562352,1
dataset3,260,conflict_risk,1,0,full_minus_planned,0.8371801549562352,1
dataset3,261,fallback_hold,1,0,full_minus_planned,0.8371801549562352,1
dataset3,262,conflict_risk,1,0,full_minus_planned,0.8371801549562352,1
dataset3,263,fallback_hold,1,0,full_minus_planned,0.8371801549562352,1
dataset3,264,fallback_hold,1,0,full_minus_planned,0.8371801549562352,1
dataset3,265,conflict_risk,1,0,full_minus_planned,0.8371801549562352,1
dataset3,266,fallback_hold,1,0,full_minus_planned,0.8371801549562352,1
dataset3,267,conflict_risk,1,0,full_minus_planned,0.7796137560051697,1
dataset3,268,fallback_hold,1,0,full_minus_planned,0.7639955386515191,1
dataset3,269,conflict_risk,1,0,full_minus_planned,0.8113703845151765,1
dataset3,270,fallback_hold,1,0,full_minus_planned,0.8095522951579034,1
dataset3,271,fallback_hold,1,0,full_minus_planned,0.7818541529681908,1
dataset3,272,conflict_risk,1,0,full_minus_planned,0.7384140605012525,1
dataset3,273,safe_node_hold,1,0,full_minus_planned,0.6103613146315277,1
dataset3,274,normal,0,0,full_minus_planned,0.7099807410779373,1
dataset3,275,safe_node_hold,1,0,full_minus_planned,0.6985206990929065,1
dataset3,276,normal,0,0,full_minus_planned,0.709583614442161,1
dataset3,277,safe_node_hold,1,0,full_minus_planned,0.7051096021103771,1
dataset3,278,safe_node_hold,1,0,full_minus_planned,0.5368087234165048,1
dataset3,279,normal,0,0,full_minus_planned,0.41405325811544746,0
dataset3,280,resume,0,0,full_minus_planned,0.32190921829305424,0
dataset3,281,normal,0,1,full_minus_planned,0.14958700346327014,0
dataset3,282,normal,0,1,full_minus_planned,0.17088253106840925,0
dataset3,283,normal,0,1,full_minus_planned,0.12265563895407579,0
dataset3,284,normal,0,1,full_minus_planned,0.08831130461121547,0
dataset3,285,normal,0,0,full_minus_planned,0.0808502503739909,0
dataset3,286,normal,0,0,full_minus_planned,0.0999089248349564,0
dataset3,287,normal,0,0,full_minus_planned,0.09558174194552183,0
dataset3,288,normal,0,0,full_minus_planned,0.3058336200769904,0
dataset3,289,safe_node_hold,1,0,full_minus_planned,0.6632869942340528,1
dataset3,290,normal,0,1,full_minus_planned,0.4490359984801212,0
dataset3,291,safe_node_hold,1,1,full_minus_planned,0.5971577144050517,1
dataset3,292,safe_node_hold,1,1,full_minus_planned,0.6829039615684425,1
dataset3,293,normal,0,0,full_minus_planned,0.5772198926071233,1
dataset3,294,safe_node_hold,1,0,full_minus_planned,0.5324336620405874,1
dataset3,295,normal,0,0,full_minus_planned,0.396654890556945,0
dataset3,296,safe_node_hold,1,1,full_minus_planned,0.3800444341146544,0
dataset3,297,safe_node_hold,1,1,full_minus_planned,0.3888547062253577,0
dataset3,298,normal,0,1,full_minus_planned,0.41039443981729334,0
dataset3,299,safe_node_hold,1,1,full_minus_planned,0.4133271310628825,0
dataset3,300,normal,0,1,full_minus_planned,0.4075725641651768,0
dataset3,301,safe_node_hold,1,1,full_minus_planned,0.3526889535209876,0
dataset3,302,normal,0,0,full_minus_planned,0.35373451708856873,0
dataset3,303,resume,0,0,full_minus_planned,0.31958994113575084,0
dataset3,304,normal,0,1,full_minus_planned,0.12579336751282608,0
dataset3,305,normal,0,1,full_minus_planned,0.21333339803371498,0
dataset3,306,normal,0,1,full_minus_planned,0.09931478420756246,0
dataset3,307,normal,0,1,full_minus_planned,0.0647250142803585,0
dataset3,308,normal,0,0,full_minus_planned,0.08043017852244158,0
dataset3,309,normal,0,0,full_minus_planned,0.08427292773554332,0
dataset3,310,normal,0,0,full_minus_planned,0.06417381718842342,0
dataset3,311,normal,0,0,full_minus_planned,0.1403587041959601,0
dataset3,312,normal,0,0,full_minus_planned,0.2515487163173309,0
dataset3,313,normal,0,0,full_minus_planned,0.3691824024595438,0
dataset3,314,normal,0,1,full_minus_planned,0.3943109255985902,0
dataset3,315,normal,0,1,full_minus_planned,0.43326765398076583,0
dataset3,316,safe_node_hold,1,1,full_minus_planned,0.5486065152388975,1
dataset3,317,safe_node_hold,1,0,full_minus_planned,0.28656334202195793,0
dataset3,318,normal,0,0,full_minus_planned,0.3948543694190717,0
dataset3,319,resume,0,1,full_minus_planned,0.44274429078264904,0
dataset3,320,normal,0,1,full_minus_planned,0.20128738308428964,0
dataset3,321,normal,0,1,full_minus_planned,0.27794928026348026,0
dataset3,322,normal,0,0,full_minus_planned,0.3188340329842307,0
dataset3,323,normal,0,0,full_minus_planned,0.33761230557302047,0
dataset3,324,normal,0,1,full_minus_planned,0.23986030710695277,0
dataset3,325,normal,0,1,full_minus_planned,0.18527470197274698,0
dataset3,326,normal,0,1,full_minus_planned,0.16732774418803587,0
dataset3,327,normal,0,0,full_minus_planned,0.1709621759702469,0
dataset3,328,normal,0,1,full_minus_planned,0.14367964271345565,0
dataset3,329,normal,0,1,full_minus_planned,0.04126882794520984,0
dataset3,330,normal,0,1,full_minus_planned,0.053863572152572245,0
dataset3,331,normal,0,1,full_minus_planned,0.047833798938542976,0
dataset3,332,normal,0,1,full_minus_planned,0.07332987063348877,0
dataset3,333,normal,0,1,full_minus_planned,0.016382841738955742,0
dataset3,334,normal,0,1,full_minus_planned,0.009397099245434132,0
dataset3,335,normal,0,1,full_minus_planned,0.03065527667922907,0
dataset3,336,normal,0,1,full_minus_planned,0.023612550097147984,0
dataset3,337,normal,0,0,full_minus_planned,0.04014808281787812,0
dataset3,338,normal,0,0,full_minus_planned,0.046143169241746974,0
dataset3,339,normal,0,0,full_minus_planned,0.051590365599267655,0
dataset3,340,normal,0,0,full_minus_planned,0.04413249890853478,0
dataset3,341,normal,0,0,full_minus_planned,0.03731255895279995,0
dataset3,342,normal,0,0,full_minus_planned,0.02095279654220046,0
dataset3,343,normal,0,0,full_minus_planned,0.03364342733136384,0
dataset3,344,normal,0,0,full_minus_planned,0.014199608762260148,0
dataset3,345,normal,0,0,full_minus_planned,0.012129135035430226,0
dataset3,346,normal,0,0,full_minus_planned,0.010786173999529873,0
dataset3,347,normal,0,1,full_minus_planned,0.020729855150982555,0
dataset3,348,normal,0,1,full_minus_planned,0.03403916121486796,0
dataset3,349,normal,0,1,full_minus_planned,0.044968636716215774,0
dataset3,350,normal,0,0,full_minus_planned,0.04727064293602361,0
dataset3,351,normal,0,0,full_minus_planned,0.04178164711781793,0
dataset3,352,normal,0,0,full_minus_planned,0.044030463224400546,0
dataset3,353,normal,0,0,full_minus_planned,0.040611522978393155,0
dataset3,354,normal,0,0,full_minus_planned,0.036244705429375114,0
dataset3,355,normal,0,0,full_minus_planned,0.030414644155081695,0
dataset3,356,normal,0,1,full_minus_planned,0.03152164807375232,0
dataset3,357,normal,0,1,full_minus_planned,0.031309403484860214,0
dataset3,358,normal,0,1,full_minus_planned,0.023392772400337502,0
dataset3,359,normal,0,0,full_minus_planned,0.020520426381340783,0
dataset3,360,normal,0,0,full_minus_planned,0.018355921852672406,0
dataset3,361,normal,0,1,full_minus_planned,0.013691881692785004,0
dataset3,362,normal,0,1,full_minus_planned,0.02454882832676137,0
dataset3,363,normal,0,1,full_minus_planned,0.017632967305644887,0
dataset3,364,normal,0,0,full_minus_planned,0.014860450780757683,0
dataset3,365,normal,0,0,full_minus_planned,0.0043366218366802,0
dataset3,366,normal,0,1,full_minus_planned,0.004453226370643861,0
dataset3,367,normal,0,1,full_minus_planned,0.013263186106724206,0
dataset3,368,normal,0,1,full_minus_planned,0.008050453104630859,0
dataset3,369,normal,0,1,full_minus_planned,0.011247033534650243,0
dataset3,370,normal,0,0,full_minus_planned,0.008256456233849602,0
dataset3,371,normal,0,1,full_minus_planned,0.01209465653680122,0
dataset3,372,normal,0,0,full_minus_planned,0.008781880037904845,0
dataset3,373,normal,0,1,full_minus_planned,0.002332850233726913,0
dataset3,374,normal,0,0,full_minus_planned,0.0021508597983122416,0
dataset3,375,normal,0,1,full_minus_planned,0.00035464733025708636,0
dataset3,376,normal,0,0,full_minus_planned,0.0038195378722260666,0
dataset3,377,normal,0,0,full_minus_planned,0.0013205360196646267,0
dataset3,378,normal,0,0,full_minus_planned,0.00035464733025708636,0
dataset3,379,normal,0,0,full_minus_planned,0.0,0
dataset3,380,normal,0,0,full_minus_planned,0.0,0
dataset3,381,normal,0,0,full_minus_planned,0.00035464733025708636,0
dataset3,382,normal,0,0,full_minus_planned,0.0041473583171318315,0
dataset3,383,normal,0,0,full_minus_planned,0.0,0
dataset3,384,normal,0,0,full_minus_planned,0.0,0
dataset3,385,normal,0,0,full_minus_planned,0.0007019333412406611,0
dataset3,386,normal,0,0,full_minus_planned,0.0007019333412406611,0
dataset3,387,normal,0,1,full_minus_planned,0.0007019333412406611,0
dataset3,388,normal,0,0,full_minus_planned,0.003141794633387928,0
dataset3,389,normal,0,1,full_minus_planned,0.003141794633387928,0
dataset3,390,normal,0,0,full_minus_planned,0.0035310696719400856,0
dataset3,391,normal,0,0,full_minus_planned,0.003252410535297498,0
dataset3,392,normal,0,0,full_minus_planned,0.01070285093522306,0
dataset3,393,normal,0,0,full_minus_planned,0.006250655699600115,0
dataset3,394,normal,0,0,full_minus_planned,0.017255113049908375,0
dataset3,395,normal,0,1,full_minus_planned,0.014476965559226536,0
dataset3,396,normal,0,0,full_minus_planned,0.01404410907107998,0
dataset3,397,normal,0,0,full_minus_planned,0.033827397653854986,0
dataset3,398,normal,0,1,full_minus_planned,0.031247388277624955,0
dataset3,399,normal,0,0,full_minus_planned,0.06038892096994143,0
dataset3,400,normal,0,1,full_minus_planned,0.12809789361861731,0
dataset3,401,normal,0,0,full_minus_planned,0.23817150978704973,0
dataset3,402,normal,0,1,full_minus_planned,0.45763932736141916,0
dataset3,403,normal,0,0,full_minus_planned,0.14587313307614372,0
dataset3,404,normal,0,1,full_minus_planned,0.11806998930077953,0
dataset3,405,normal,0,0,full_minus_planned,0.10845418644284915,0
dataset3,406,normal,0,0,full_minus_planned,0.20590778041031327,0
dataset3,407,normal,0,0,full_minus_planned,0.12272359643201054,0
dataset3,408,normal,0,0,full_minus_planned,0.28551539815787974,0
dataset3,409,normal,0,0,full_minus_planned,0.37674148903248583,0
dataset3,410,operator_stop,1,0,full_minus_planned,0.4293808214009855,0
dataset3,411,operator_stop,1,0,full_minus_planned,0.40140542960053693,0
dataset3,412,operator_stop,1,0,full_minus_planned,0.35837440393072173,0
dataset3,413,operator_stop,1,0,full_minus_planned,0.32621210571490905,0
dataset3,414,operator_stop,1,0,full_minus_planned,0.30910187235075365,0
dataset3,415,operator_stop,1,1,full_minus_planned,0.3172521035807244,0
dataset3,416,operator_stop,1,0,full_minus_planned,0.2969532934421868,0
dataset3,417,operator_stop,1,1,full_minus_planned,0.2963456664273903,0
dataset3,418,operator_stop,1,0,full_minus_planned,0.2710724300378616,0
dataset3,419,operator_stop,1,0,full_minus_planned,0.2623217338771863,0
dataset3,420,operator_stop,1,0,full_minus_planned,0.24567730948946898,0
dataset3,421,normal,0,0,full_minus_planned,0.22907655048181763,0
dataset3,422,normal,0,0,full_minus_planned,0.40051567812132843,0
dataset3,423,normal,0,0,full_minus_planned,0.5721508429964065,1
dataset3,424,normal,0,0,full_minus_planned,0.6313103764302541,1
dataset3,425,normal,0,0,full_minus_planned,0.5431989842874528,1
dataset3,426,normal,0,0,full_minus_planned,0.6647238952690425,1
dataset3,427,normal,0,1,full_minus_planned,0.4071227150734003,0
dataset3,428,normal,0,0,full_minus_planned,0.4001050718317611,0
dataset3,429,normal,0,1,full_minus_planned,0.3238087246471098,0
dataset3,430,normal,0,0,full_minus_planned,0.2809028063132396,0
dataset3,431,normal,0,0,full_minus_planned,0.2307825106044942,0
dataset3,432,normal,0,0,full_minus_planned,0.13739257486369902,0
dataset3,433,normal,0,0,full_minus_planned,0.1279278776614905,0
dataset3,434,normal,0,0,full_minus_planned,0.09672741743881248,0
dataset3,435,normal,0,0,full_minus_planned,0.1042429455918879,0
dataset3,436,normal,0,0,full_minus_planned,0.1929164757748192,0
dataset3,437,normal,0,0,full_minus_planned,0.21146827774160265,0
dataset3,438,normal,0,0,full_minus_planned,0.12029651876424904,0
dataset3,439,normal,0,0,full_minus_planned,0.11229268029124274,0
dataset3,440,normal,0,1,full_minus_planned,0.15522496691141072,0
dataset3,441,normal,0,0,full_minus_planned,0.16529904136458878,0
dataset3,442,operator_stop,1,1,full_minus_planned,0.13556613966723205,0
dataset3,443,operator_stop,1,0,full_minus_planned,0.19172775100460968,0
dataset3,444,operator_stop,1,0,full_minus_planned,0.22490608330845135,0
dataset3,445,operator_stop,1,0,full_minus_planned,0.27203195491444904,0
dataset3,446,operator_stop,1,0,full_minus_planned,0.2903797886457879,0
dataset3,447,operator_stop,1,0,full_minus_planned,0.32843092847341726,0
dataset3,448,operator_stop,1,0,full_minus_planned,0.3412089495919912,0
dataset3,449,operator_stop,1,0,full_minus_planned,0.41535127507769254,0
dataset3,450,operator_stop,1,0,full_minus_planned,0.46377400536354035,0
dataset3,451,operator_stop,1,1,full_minus_planned,0.5000374116438321,1
dataset3,452,operator_stop,1,0,full_minus_planned,0.5050048633664451,1
dataset3,453,normal,0,1,full_minus_planned,0.304003749957339,0
dataset3,454,normal,0,0,full_minus_planned,0.23134686045639555,0
dataset3,455,normal,0,1,full_minus_planned,0.3280310960858163,0
dataset3,456,normal,0,0,full_minus_planned,0.31839969134061313,0
dataset3,457,normal,0,0,full_minus_planned,0.30056350941624654,0
dataset3,458,normal,0,0,full_minus_planned,0.40533533042230485,0
dataset3,459,normal,0,0,full_minus_planned,0.39328135048544904,0
dataset3,460,fallback_hold,1,0,full_minus_planned,0.3494394357908577,0
dataset3,461,normal,0,0,full_minus_planned,0.37386606266786565,0
dataset3,462,fallback_hold,1,0,full_minus_planned,0.7296274522272179,1
dataset3,463,normal,0,0,full_minus_planned,0.6799159994712592,1
dataset3,464,fallback_hold,1,0,full_minus_planned,0.7058707085476027,1
dataset3,465,fallback_hold,1,1,full_minus_planned,0.7431960509079246,1
dataset3,466,normal,0,0,full_minus_planned,0.762144283105159,1
dataset3,467,fallback_hold,1,0,full_minus_planned,0.7488503295020431,1
dataset3,468,normal,0,0,full_minus_planned,0.7631921360089868,1
dataset3,469,fallback_hold,1,0,full_minus_planned,0.7773183015230967,1
dataset3,470,normal,0,0,full_minus_planned,0.7870922294553554,1
dataset3,471,fallback_hold,1,0,full_minus_planned,0.8058855839907748,1
dataset3,472,fallback_hold,1,1,full_minus_planned,0.8145526159965454,1
dataset3,473,conflict_risk,1,0,full_minus_planned,0.8211836969677054,1
dataset3,474,deadlock,1,1,full_minus_planned,0.8309356650835042,1
dataset3,475,deadlock,1,0,full_minus_planned,0.7361567416588384,1
dataset3,476,deadlock,1,0,full_minus_planned,0.9136346163558497,1
dataset3,477,deadlock,1,0,full_minus_planned,0.8584648333416292,1
dataset3,478,deadlock,1,0,full_minus_planned,0.8579796216389787,1
dataset3,479,deadlock,1,1,full_minus_planned,0.8627660715465474,1
dataset3,480,deadlock,1,0,full_minus_planned,0.8642898492211362,1
dataset3,481,deadlock,1,0,full_minus_planned,0.8642898492211362,1
dataset3,482,deadlock,1,0,full_minus_planned,0.8642898492211362,1
dataset3,483,deadlock,1,0,full_minus_planned,0.8642898492211362,1
dataset3,484,deadlock,1,1,full_minus_planned,0.8642898492211362,1
dataset3,485,deadlock,1,0,full_minus_planned,0.8639977449319806,1
dataset3,486,deadlock,1,1,full_minus_planned,0.865675299361511,1
dataset3,487,deadlock,1,0,full_minus_planned,0.8636284138144376,1
dataset3,488,deadlock,1,0,full_minus_planned,0.8636284138144376,1
dataset3,489,deadlock,1,0,full_minus_planned,0.8642898492211362,1
dataset3,490,deadlock,1,0,full_minus_planned,0.8642898492211362,1
dataset3,491,deadlock,1,0,full_minus_planned,0.8642898492211362,1
dataset3,492,deadlock,1,0,full_minus_planned,0.8642898492211362,1
dataset3,493,deadlock,1,0,full_minus_planned,0.8642898492211362,1
dataset3,494,deadlock,1,0,full_minus_planned,0.8642898492211362,1
dataset3,495,deadlock,1,0,full_minus_planned,0.8642898492211362,1
dataset3,496,deadlock,1,0,full_minus_planned,0.8642898492211362,1
dataset3,497,deadlock,1,0,full_minus_planned,0.8642898492211362,1
dataset3,498,deadlock,1,0,full_minus_planned,0.8642898492211362,1
dataset3,499,deadlock,1,0,full_minus_planned,0.8642898492211362,1
dataset3,500,deadlock,1,0,full_minus_planned,0.8642898492211362,1
dataset3,501,deadlock,1,0,full_minus_planned,0.8642898492211362,1
dataset3,502,deadlock,1,0,full_minus_planned,0.8642898492211362,1
dataset3,503,deadlock,1,0,full_minus_planned,0.8642898492211362,1
dataset3,504,fallback_hold,1,0,full_minus_planned,0.8645596104262773,1
dataset3,505,conflict_risk,1,0,full_minus_planned,0.8636284138144376,1
dataset3,506,deadlock,1,0,full_minus_planned,0.8636284138144376,1
dataset3,507,conflict_risk,1,0,full_minus_planned,0.8642898492211362,1
dataset3,508,fallback_hold,1,0,full_minus_planned,0.8642898492211362,1
dataset3,509,fallback_hold,1,0,full_minus_planned,0.8642898492211362,1
dataset3,510,conflict_risk,1,0,full_minus_planned,0.8642898492211362,1
dataset3,511,fallback_hold,1,0,full_minus_planned,0.8642898492211362,1
dataset3,512,conflict_risk,1,0,full_minus_planned,0.8642898492211362,1
dataset3,513,fallback_hold,1,0,full_minus_planned,0.8642898492211362,1
dataset3,514,conflict_risk,1,0,full_minus_planned,0.8642898492211362,1
dataset3,515,fallback_hold,1,0,full_minus_planned,0.8642898492211362,1
dataset3,516,fallback_hold,1,0,full_minus_planned,0.8638981750195787,1
dataset3,517,conflict_risk,1,0,full_minus_planned,0.8642898492211362,1
dataset3,518,fallback_hold,1,0,full_minus_planned,0.8642898492211362,1
dataset3,519,conflict_risk,1,0,full_minus_planned,0.8642898492211362,1
dataset3,520,fallback_hold,1,0,full_minus_planned,0.8642898492211362,1
dataset3,521,fallback_hold,1,0,full_minus_planned,0.8642898492211362,1
dataset3,522,conflict_risk,1,0,full_minus_planned,0.8711868524038667,1
dataset3,523,fallback_hold,1,0,full_minus_planned,0.8953998031922901,1
dataset3,524,conflict_risk,1,0,full_minus_planned,0.8821531471597303,1
dataset3,525,fallback_hold,1,0,full_minus_planned,0.8675299020393918,1
dataset3,526,conflict_risk,1,0,full_minus_planned,0.8544520057305827,1
dataset3,527,fallback_hold,1,0,full_minus_planned,0.853247195332049,1
dataset3,528,fallback_hold,1,0,full_minus_planned,0.8352861658971672,1
dataset3,529,conflict_risk,1,0,full_minus_planned,0.8253807850038712,1
dataset3,530,fallback_hold,1,0,full_minus_planned,0.820828696739251,1
dataset3,531,safe_node_hold,1,0,full_minus_planned,0.2799076635846722,0
dataset3,532,normal,0,0,full_minus_planned,0.25207764604678323,0
dataset3,533,safe_node_hold,1,0,full_minus_planned,0.2425661851001929,0
dataset3,534,normal,0,0,full_minus_planned,0.22197628285546672,0
dataset3,535,safe_node_hold,1,0,full_minus_planned,0.19478921810787164,0
dataset3,536,normal,0,0,full_minus_planned,0.3231876853653761,0
dataset3,537,resume,0,0,full_minus_planned,0.39464370312499636,0
dataset3,538,normal,0,0,full_minus_planned,0.32604024445259294,0
dataset3,539,normal,0,0,full_minus_planned,0.2779196079930572,0
dataset3,540,normal,0,0,full_minus_planned,0.26045223596381173,0
dataset3,541,normal,0,0,full_minus_planned,0.2314682433515423,0
dataset3,542,normal,0,0,full_minus_planned,0.1992477399617806,0
dataset3,543,normal,0,0,full_minus_planned,0.1701844328742341,0
dataset3,544,normal,0,1,full_minus_planned,0.14606066877163942,0
dataset3,545,normal,0,1,full_minus_planned,0.13265144847126484,0
dataset3,546,normal,0,1,full_minus_planned,0.1262888310409794,0
dataset3,547,normal,0,0,full_minus_planned,0.12838966360466245,0
dataset3,548,normal,0,0,full_minus_planned,0.11948508311869818,0
dataset3,549,normal,0,0,full_minus_planned,0.11233294155221313,0
dataset3,550,normal,0,0,full_minus_planned,0.08889611969191101,0
dataset3,551,normal,0,1,full_minus_planned,0.14869219137410183,0
dataset3,552,normal,0,1,full_minus_planned,0.10142102506287733,0
dataset3,553,normal,0,1,full_minus_planned,0.09800633257957914,0
dataset3,554,normal,0,0,full_minus_planned,0.10276966809796019,0
dataset3,555,normal,0,0,full_minus_planned,0.1004970011215279,0
dataset3,556,normal,0,1,full_minus_planned,0.0974207548445516,0
dataset3,557,normal,0,1,full_minus_planned,0.08177806640818357,0
dataset3,558,normal,0,1,full_minus_planned,0.09872579265808094,0
dataset3,559,safe_node_hold,1,0,full_minus_planned,0.11100051461508294,0
dataset3,560,normal,0,1,full_minus_planned,0.09185322611354244,0
dataset3,561,safe_node_hold,1,1,full_minus_planned,0.291572220476339,0
dataset3,562,normal,0,1,full_minus_planned,0.2953938246499794,0
dataset3,563,safe_node_hold,1,0,full_minus_planned,0.3004575619123626,0
dataset3,564,normal,0,0,full_minus_planned,0.3331637761690201,0
dataset3,565,safe_node_hold,1,0,full_minus_planned,0.3249659751791988,0
dataset3,566,resume,0,0,full_minus_planned,0.31965522338174546,0
dataset3,567,normal,0,1,full_minus_planned,0.18949306747579417,0
dataset3,568,normal,0,1,full_minus_planned,0.19612955311486135,0
dataset3,569,normal,0,1,full_minus_planned,0.21069548588872752,0
dataset3,570,normal,0,0,full_minus_planned,0.20533665736524068,0
dataset3,571,normal,0,0,full_minus_planned,0.18672464024255972,0
dataset3,572,normal,0,0,full_minus_planned,0.17533520246991513,0
dataset3,573,normal,0,0,full_minus_planned,0.15350183699491726,0
dataset3,574,normal,0,0,full_minus_planned,0.3130241490772206,0
dataset3,575,fallback_hold,1,1,full_minus_planned,0.2808087050210625,0
dataset3,576,normal,0,1,full_minus_planned,0.2821863756275844,0
dataset3,577,fallback_hold,1,1,full_minus_planned,0.5324067390385274,1
dataset3,578,normal,0,0,full_minus_planned,0.5305035092581238,1
dataset3,579,fallback_hold,1,0,full_minus_planned,0.5664010434987186,1
dataset3,580,fallback_hold,1,0,full_minus_planned,0.5318531077236832,1
dataset3,581,normal,0,0,full_minus_planned,0.5604582305548585,1
dataset3,582,fallback_hold,1,1,full_minus_planned,0.5581944416719227,1
dataset3,583,normal,0,1,full_minus_planned,0.4949755596529371,0
dataset3,584,fallback_hold,1,1,full_minus_planned,0.5106730589039822,1
dataset3,585,fallback_hold,1,1,full_minus_planned,0.5154551826095138,1
dataset3,586,normal,0,1,full_minus_planned,0.5520417461612096,1
dataset3,587,fallback_hold,1,0,full_minus_planned,0.5389473688414869,1
dataset3,588,normal,0,0,full_minus_planned,0.5659560405242953,1
dataset3,589,fallback_hold,1,0,full_minus_planned,0.6018535655111447,1
dataset3,590,fallback_hold,1,0,full_minus_planned,0.6477729213699216,1
dataset3,591,deadlock,1,0,full_minus_planned,0.6599829687143759,1
dataset3,592,fallback_hold,1,0,full_minus_planned,0.6687550450355914,1
dataset3,593,normal,0,0,full_minus_planned,0.6431306949738458,1
dataset3,594,fallback_hold,1,0,full_minus_planned,0.6149419220406019,1
dataset3,595,normal,0,0,full_minus_planned,0.6376506476544459,1
dataset3,596,safe_node_hold,1,1,full_minus_planned,0.9269357196573185,1
dataset3,597,safe_node_hold,1,1,full_minus_planned,0.9056175096570418,1
dataset3,598,normal,0,1,full_minus_planned,0.9135704413124253,1
dataset3,599,safe_node_hold,1,1,full_minus_planned,0.9186137476347023,1
dataset3,600,normal,0,0,full_minus_planned,0.9374743807587813,1
dataset3,601,safe_node_hold,1,0,full_minus_planned,0.9343546585740553,1
dataset3,602,normal,0,0,full_minus_planned,0.9228540126658641,1
dataset3,603,safe_node_hold,1,0,full_minus_planned,0.9130617647363893,1
dataset3,604,normal,0,0,full_minus_planned,0.911581296943272,1
dataset3,605,safe_node_hold,1,0,full_minus_planned,0.8948033559087822,1
dataset3,606,safe_node_hold,1,0,full_minus_planned,0.8386147101963021,1
dataset3,607,normal,0,0,full_minus_planned,0.8325181435751423,1
dataset3,608,safe_node_hold,1,1,full_minus_planned,0.8194201931425117,1
dataset3,609,normal,0,1,full_minus_planned,0.8174738215231564,1
dataset3,610,safe_node_hold,1,1,full_minus_planned,0.8144389200219008,1
dataset3,611,normal,0,1,full_minus_planned,0.7422828142807529,1
dataset3,612,resume,0,0,full_minus_planned,0.3586496662808605,0
dataset3,613,normal,0,0,full_minus_planned,0.3569118971647264,0
dataset3,614,normal,0,0,full_minus_planned,0.5198904109335779,1
dataset3,615,normal,0,0,full_minus_planned,0.7440791297653885,1
dataset3,616,normal,0,0,full_minus_planned,0.7787242103601775,1
dataset3,617,normal,0,0,full_minus_planned,0.8028656477694609,1
dataset3,618,normal,0,0,full_minus_planned,0.722291336764337,1
dataset3,619,normal,0,0,full_minus_planned,0.7264149589585384,1
dataset3,620,operator_stop,1,1,full_minus_planned,0.710959539106843,1
dataset3,621,operator_stop,1,1,full_minus_planned,0.7736508457290139,1
dataset3,622,operator_stop,1,1,full_minus_planned,0.7584193359351176,1
dataset3,623,operator_stop,1,0,full_minus_planned,0.8007478794280766,1
dataset3,624,operator_stop,1,0,full_minus_planned,0.7801943665611886,1
dataset3,625,operator_stop,1,0,full_minus_planned,0.7698196650500424,1
dataset3,626,operator_stop,1,0,full_minus_planned,0.7352481358986026,1
dataset3,627,operator_stop,1,0,full_minus_planned,0.7271731578310378,1
dataset3,628,operator_stop,1,0,full_minus_planned,0.7115650151983233,1
dataset3,629,operator_stop,1,1,full_minus_planned,0.6851806494280135,1
dataset3,630,operator_stop,1,1,full_minus_planned,0.6474567483970188,1
dataset3,631,normal,0,1,full_minus_planned,0.1284062955000783,0
dataset3,632,normal,0,1,full_minus_planned,0.14485397061748437,0
dataset3,633,normal,0,1,full_minus_planned,0.31957836893242514,0
dataset3,634,normal,0,1,full_minus_planned,0.3697199268069058,0
dataset3,635,normal,0,1,full_minus_planned,0.3840507238887955,0
dataset3,636,normal,0,0,full_minus_planned,0.31557999358698624,0
dataset3,637,normal,0,0,full_minus_planned,0.26201561243184285,0
dataset3,638,normal,0,0,full_minus_planned,0.20929083882850205,0
dataset3,639,normal,0,0,full_minus_planned,0.1997693600808006,0
dataset3,640,normal,0,0,full_minus_planned,0.10287526418317396,0
dataset3,641,normal,0,0,full_minus_planned,0.05149789863144379,0
dataset3,642,normal,0,0,full_minus_planned,0.05510569895602917,0
dataset3,643,normal,0,0,full_minus_planned,0.0667562616407247,0
dataset3,644,normal,0,0,full_minus_planned,0.06900994833127652,0
dataset3,645,normal,0,0,full_minus_planned,0.05600122546324121,0
dataset3,646,normal,0,1,full_minus_planned,0.11255299653909606,0
dataset3,647,normal,0,1,full_minus_planned,0.15226881264532582,0
dataset3,648,normal,0,1,full_minus_planned,0.18297719571761104,0
dataset3,649,normal,0,0,full_minus_planned,0.19200893877323955,0
dataset3,650,operator_stop,1,0,full_minus_planned,0.19555997503130865,0
dataset3,651,operator_stop,1,0,full_minus_planned,0.23618191561881863,0
dataset3,652,operator_stop,1,0,full_minus_planned,0.22390760621777994,0
dataset3,653,operator_stop,1,1,full_minus_planned,0.22007163377791653,0
dataset3,654,operator_stop,1,1,full_minus_planned,0.2300622390635262,0
dataset3,655,operator_stop,1,1,full_minus_planned,0.22596994782042387,0
dataset3,656,operator_stop,1,0,full_minus_planned,0.2377641222086158,0
dataset3,657,operator_stop,1,0,full_minus_planned,0.24165628821156068,0
dataset3,658,operator_stop,1,1,full_minus_planned,0.23377311792874017,0
dataset3,659,operator_stop,1,1,full_minus_planned,0.23899554265353698,0
dataset3,660,operator_stop,1,1,full_minus_planned,0.20649157762971307,0
dataset3,661,normal,0,0,full_minus_planned,0.235361206901834,0
dataset3,662,normal,0,0,full_minus_planned,0.2793049368224001,0
dataset3,663,normal,0,0,full_minus_planned,0.22094802470854316,0
dataset3,664,normal,0,0,full_minus_planned,0.25802597102386166,0
dataset3,665,normal,0,0,full_minus_planned,0.13276452939993288,0
dataset3,666,normal,0,0,full_minus_planned,0.16925230962598137,0
dataset3,667,normal,0,0,full_minus_planned,0.19815915902672454,0
dataset3,668,normal,0,0,full_minus_planned,0.25640361145890544,0
dataset3,669,normal,0,0,full_minus_planned,0.39517829499351265,0
dataset3,670,normal,0,0,full_minus_planned,0.4033956028761065,0
dataset3,671,normal,0,0,full_minus_planned,0.2881335204938379,0
dataset3,672,normal,0,0,full_minus_planned,0.1644020966454183,0
dataset3,673,normal,0,1,full_minus_planned,0.16449387948047484,0
dataset3,674,normal,0,1,full_minus_planned,0.15649455199117268,0
dataset3,675,normal,0,1,full_minus_planned,0.14565340361027443,0
dataset3,676,normal,0,1,full_minus_planned,0.1366954016977589,0
dataset3,677,normal,0,0,full_minus_planned,0.13320948068797756,0
dataset3,678,normal,0,0,full_minus_planned,0.1181756180217057,0
dataset3,679,normal,0,0,full_minus_planned,0.15041106059151113,0
dataset3,680,safe_node_hold,1,0,full_minus_planned,0.4171103802578454,0
dataset3,681,normal,0,0,full_minus_planned,0.4594122044954446,0
dataset3,682,safe_node_hold,1,1,full_minus_planned,0.6751438209620935,1
dataset3,683,normal,0,1,full_minus_planned,0.6978120660462298,1
dataset3,684,safe_node_hold,1,1,full_minus_planned,0.7422461173184688,1
dataset3,685,normal,0,0,full_minus_planned,0.35151916286261864,0
dataset3,686,resume,0,0,full_minus_planned,0.26322541124884663,0
dataset3,687,normal,0,0,full_minus_planned,0.24251686125509142,0
dataset3,688,normal,0,1,full_minus_planned,0.22324407983404826,0
dataset3,689,normal,0,1,full_minus_planned,0.20971871250116145,0
dataset3,690,normal,0,1,full_minus_planned,0.2137732550432669,0
dataset3,691,normal,0,1,full_minus_planned,0.21418562648694728,0
dataset3,692,normal,0,1,full_minus_planned,0.2169111500027914,0
dataset3,693,normal,0,1,full_minus_planned,0.15514079918041837,0
dataset3,694,normal,0,0,full_minus_planned,0.12322897121875452,0
dataset3,695,normal,0,1,full_minus_planned,0.11876827038276498,0
dataset3,696,normal,0,1,full_minus_planned,0.13120050519183285,0
dataset3,697,normal,0,1,full_minus_planned,0.10760579089972327,0
dataset3,698,normal,0,1,full_minus_planned,0.10304465724956981,0
dataset3,699,normal,0,0,full_minus_planned,0.11327782849413966,0
dataset3,700,normal,0,0,full_minus_planned,0.1584800033450895,0
dataset3,701,normal,0,0,full_minus_planned,0.18249652830474442,0
dataset3,702,normal,0,0,full_minus_planned,0.1907294978282512,0
dataset3,703,normal,0,0,full_minus_planned,0.22000951818062192,0
dataset3,704,normal,0,0,full_minus_planned,0.23679648421546173,0
dataset3,705,safe_node_hold,1,1,full_minus_planned,0.40402673795726485,0
dataset3,706,normal,0,1,full_minus_planned,0.46186945896362663,0
dataset3,707,safe_node_hold,1,1,full_minus_planned,0.5448909227547476,1
dataset3,708,normal,0,0,full_minus_planned,0.4592087895189925,0
dataset3,709,resume,0,0,full_minus_planned,0.3815216840834624,0
dataset3,710,normal,0,1,full_minus_planned,0.29604489754347474,0
dataset3,711,normal,0,1,full_minus_planned,0.2590663900327334,0
dataset3,712,normal,0,1,full_minus_planned,0.21438448954700315,0
dataset3,713,normal,0,0,full_minus_planned,0.2122536258410402,0
dataset3,714,normal,0,0,full_minus_planned,0.21474157434563873,0
dataset3,715,normal,0,1,full_minus_planned,0.18347116999828547,0
dataset3,716,normal,0,1,full_minus_planned,0.1103044869834859,0
dataset3,717,normal,0,1,full_minus_planned,0.12012680198596778,0
dataset3,718,normal,0,0,full_minus_planned,0.17467989510903,0
dataset3,719,normal,0,1,full_minus_planned,0.3884075248740996,0
dataset3,720,normal,0,1,full_minus_planned,0.2286132213677831,0
dataset3,721,normal,0,1,full_minus_planned,0.2608307854819009,0
dataset3,722,normal,0,1,full_minus_planned,0.2569100680661635,0
dataset3,723,fallback_hold,1,1,full_minus_planned,0.2860819826667797,0
dataset3,724,normal,0,1,full_minus_planned,0.2701945286979032,0
dataset3,725,fallback_hold,1,1,full_minus_planned,0.36806446425204287,0
dataset3,726,normal,0,1,full_minus_planned,0.4287190094782757,0
dataset3,727,fallback_hold,1,1,full_minus_planned,0.4531339206058048,0
dataset3,728,normal,0,0,full_minus_planned,0.5271356445445775,1
dataset3,729,fallback_hold,1,0,full_minus_planned,0.534947260978414,1
dataset3,730,normal,0,0,full_minus_planned,0.5460131862390676,1
dataset3,731,fallback_hold,1,0,full_minus_planned,0.5460131862390676,1
dataset3,732,normal,0,0,full_minus_planned,0.5449647823544808,1
dataset3,733,normal,0,0,full_minus_planned,0.5491539420112664,1
dataset3,734,fallback_hold,1,0,full_minus_planned,0.5521278987170822,1
dataset3,735,normal,0,0,full_minus_planned,0.46596072259231724,0
dataset3,736,fallback_hold,1,0,full_minus_planned,0.461903507144226,0
dataset3,737,normal,0,0,full_minus_planned,0.46905945076707534,0
dataset3,738,fallback_hold,1,1,full_minus_planned,0.46064518971656737,0
dataset3,739,normal,0,1,full_minus_planned,0.44934796436044494,0
dataset3,740,fallback_hold,1,1,full_minus_planned,0.43634054908323744,0
dataset3,741,normal,0,0,full_minus_planned,0.4357878851729635,0
dataset3,742,fallback_hold,1,0,full_minus_planned,0.41831165015989935,0
dataset3,743,normal,0,0,full_minus_planned,0.4168020291794427,0
dataset3,744,fallback_hold,1,0,full_minus_planned,0.39437718082957124,0
dataset3,745,normal,0,0,full_minus_planned,0.41298265374450127,0
dataset3,746,fallback_hold,1,0,full_minus_planned,0.43199170175104,0
dataset3,747,normal,0,1,full_minus_planned,0.4103335959002122,0
dataset3,748,fallback_hold,1,1,full_minus_planned,0.48782442859901337,0
dataset3,749,normal,0,1,full_minus_planned,0.4564261186604646,0
dataset3,750,fallback_hold,1,0,full_minus_planned,0.5369403633702532,1
dataset3,751,normal,0,0,full_minus_planned,0.4782227512236527,0
dataset3,752,fallback_hold,1,1,full_minus_planned,0.5219611172240125,1
dataset3,753,conflict_risk,1,1,full_minus_planned,0.582476397543751,1
dataset3,754,fallback_hold,1,1,full_minus_planned,0.65683693973065,1
dataset3,755,conflict_risk,1,0,full_minus_planned,0.6414500712432384,1
dataset3,756,fallback_hold,1,0,full_minus_planned,0.6214231809599448,1
dataset3,757,conflict_risk,1,1,full_minus_planned,0.6113673147274892,1
dataset3,758,fallback_hold,1,1,full_minus_planned,0.5514279149269906,1
dataset3,759,normal,0,1,full_minus_planned,0.4937355566122329,0
dataset3,760,fallback_hold,1,1,full_minus_planned,0.397500563984313,0
dataset3,761,normal,0,0,full_minus_planned,0.42735006161392003,0
dataset3,762,fallback_hold,1,0,full_minus_planned,0.4229598718248784,0
dataset3,763,normal,0,0,full_minus_planned,0.39011297062997213,0
dataset3,764,normal,0,0,full_minus_planned,0.4191035973556322,0
dataset3,765,normal,0,1,full_minus_planned,0.27257084290760786,0
dataset3,766,fallback_hold,1,0,full_minus_planned,0.7211640270195951,1
dataset3,767,normal,0,1,full_minus_planned,0.7071353000835302,1
dataset3,768,fallback_hold,1,0,full_minus_planned,0.8375023222663378,1
dataset3,769,normal,0,1,full_minus_planned,0.801171840744663,1
dataset3,770,fallback_hold,1,0,full_minus_planned,0.8028740004965658,1
dataset3,771,normal,0,0,full_minus_planned,0.8049289302280322,1
dataset3,772,fallback_hold,1,0,full_minus_planned,0.8073884025049077,1
dataset3,773,normal,0,0,full_minus_planned,0.8095435362703302,1
dataset3,774,fallback_hold,1,0,full_minus_planned,0.8098463753870494,1
dataset3,775,normal,0,0,full_minus_planned,0.8110175088730699,1
dataset3,776,fallback_hold,1,0,full_minus_planned,0.8110175088730699,1
dataset3,777,normal,0,0,full_minus_planned,0.8024277050317785,1
dataset3,778,fallback_hold,1,0,full_minus_planned,0.7740401190703753,1
dataset3,779,normal,0,0,full_minus_planned,0.7536127858420004,1
dataset3,780,fallback_hold,1,0,full_minus_planned,0.7557437714177027,1
dataset3,781,normal,0,1,full_minus_planned,0.7405757169487271,1
dataset3,782,fallback_hold,1,0,full_minus_planned,0.7338203023619453,1
dataset3,783,normal,0,1,full_minus_planned,0.7422080420588706,1
dataset3,784,fallback_hold,1,0,full_minus_planned,0.7600996803622291,1
dataset3,785,conflict_risk,1,0,full_minus_planned,0.7346153102489074,1
dataset3,786,fallback_hold,1,0,full_minus_planned,0.7106273850720509,1
dataset3,787,conflict_risk,1,0,full_minus_planned,0.7153521648693419,1
dataset3,788,fallback_hold,1,0,full_minus_planned,0.7280086814440995,1
dataset3,789,conflict_risk,1,1,full_minus_planned,0.765943554787651,1
dataset3,790,fallback_hold,1,0,full_minus_planned,0.7877024878691652,1
dataset3,791,conflict_risk,1,0,full_minus_planned,0.7807266509247688,1
dataset3,792,normal,0,1,full_minus_planned,0.4068663294804684,0
dataset3,793,normal,0,0,full_minus_planned,0.20477760766327754,0
dataset3,794,normal,0,1,full_minus_planned,0.3314690414292559,0
dataset3,795,normal,0,0,full_minus_planned,0.35506833581220704,0
dataset3,796,normal,0,1,full_minus_planned,0.3136963280362966,0
dataset3,797,normal,0,0,full_minus_planned,0.261272752521753,0
dataset3,798,normal,0,1,full_minus_planned,0.22938982286269097,0
dataset3,799,normal,0,0,full_minus_planned,0.2442000810342983,0
dataset3,800,normal,0,0,full_minus_planned,0.21151769817261687,0
dataset3,801,normal,0,0,full_minus_planned,0.16130347751320873,0
dataset3,802,normal,0,0,full_minus_planned,0.13259099353047982,0
dataset3,803,normal,0,0,full_minus_planned,0.1411701730024347,0
dataset3,804,normal,0,0,full_minus_planned,0.24875662585465852,0
dataset3,805,normal,0,0,full_minus_planned,0.23889785567310162,0
dataset3,806,normal,0,0,full_minus_planned,0.25578249834261,0
dataset3,807,normal,0,0,full_minus_planned,0.2656337162266593,0
dataset3,808,normal,0,0,full_minus_planned,0.2642021700578514,0
dataset3,809,normal,0,1,full_minus_planned,0.27469213067167725,0
dataset3,810,normal,0,0,full_minus_planned,0.24740661691667246,0
dataset3,811,normal,0,1,full_minus_planned,0.24402698320538177,0
dataset3,812,normal,0,0,full_minus_planned,0.2819456440702312,0
dataset3,813,normal,0,0,full_minus_planned,0.2762449874332451,0
dataset3,814,normal,0,0,full_minus_planned,0.2968156287500952,0
dataset3,815,normal,0,0,full_minus_planned,0.37493195416407005,0
dataset3,816,normal,0,0,full_minus_planned,0.5147644056895374,1
dataset3,817,normal,0,0,full_minus_planned,0.5223074110826277,1
dataset3,818,normal,0,0,full_minus_planned,0.5129743536950835,1
dataset3,819,normal,0,0,full_minus_planned,0.4246475677761457,0
dataset3,820,normal,0,0,full_minus_planned,0.3776317081848163,0
dataset3,821,normal,0,1,full_minus_planned,0.3461870265032124,0
dataset3,822,normal,0,0,full_minus_planned,0.3284908624432703,0
dataset3,823,normal,0,1,full_minus_planned,0.31896820493695005,0
dataset3,824,normal,0,0,full_minus_planned,0.2574082987705804,0
dataset3,825,normal,0,0,full_minus_planned,0.22724518887029985,0
dataset3,826,normal,0,0,full_minus_planned,0.20422386211800053,0
dataset3,827,normal,0,0,full_minus_planned,0.22400754166743897,0
dataset3,828,normal,0,0,full_minus_planned,0.16907375672018035,0
dataset3,829,normal,0,0,full_minus_planned,0.17028332236156526,0
dataset3,830,normal,0,0,full_minus_planned,0.15997552408919022,0
dataset3,831,normal,0,0,full_minus_planned,0.1719953572078051,0
dataset3,832,normal,0,0,full_minus_planned,0.09571438029031225,0
dataset3,833,normal,0,0,full_minus_planned,0.1395581141245398,0
dataset3,834,normal,0,1,full_minus_planned,0.09758959653469473,0
dataset3,835,normal,0,0,full_minus_planned,0.08646258785335297,0
dataset3,836,normal,0,1,full_minus_planned,0.056893115536308866,0
dataset3,837,normal,0,0,full_minus_planned,0.04966624552360557,0
dataset3,838,normal,0,0,full_minus_planned,0.0636186325438105,0
dataset3,839,normal,0,0,full_minus_planned,0.055449989505440174,0
dataset3,840,normal,0,0,full_minus_planned,0.052506967594641483,0
dataset3,841,normal,0,0,full_minus_planned,0.017109985710853173,0
dataset3,842,normal,0,0,full_minus_planned,0.0067821476767516015,0
dataset3,843,normal,0,0,full_minus_planned,0.008832561190931183,0
dataset3,844,normal,0,0,full_minus_planned,0.007022373521942843,0
dataset3,845,normal,0,1,full_minus_planned,0.007297364306396492,0
dataset3,846,normal,0,0,full_minus_planned,0.017314435440582632,0
dataset3,847,normal,0,1,full_minus_planned,0.016082549268285562,0
dataset3,848,normal,0,0,full_minus_planned,0.011164778925504172,0
dataset3,849,normal,0,1,full_minus_planned,0.04052255037953407,0
dataset3,850,normal,0,0,full_minus_planned,0.009041501369841543,0
dataset3,851,normal,0,0,full_minus_planned,0.009751726640728205,0
dataset3,852,normal,0,0,full_minus_planned,0.009852016869653231,0
dataset3,853,normal,0,0,full_minus_planned,0.06563010763520846,0
dataset3,854,normal,0,0,full_minus_planned,0.01499552765156487,0
dataset3,855,normal,0,0,full_minus_planned,0.007965943930419193,0
dataset3,856,normal,0,0,full_minus_planned,0.0067989157308530335,0
dataset3,857,normal,0,0,full_minus_planned,0.006208685301927689,0
dataset3,858,normal,0,0,full_minus_planned,0.0015676844996218024,0
dataset3,859,normal,0,1,full_minus_planned,9.371189688207631e-05,0
dataset3,860,normal,0,0,full_minus_planned,9.371189688207631e-05,0
dataset3,861,normal,0,0,full_minus_planned,0.0015676844996218024,0
dataset3,862,normal,0,0,full_minus_planned,0.004208685301927689,0
dataset3,863,normal,0,0,full_minus_planned,0.0041149734050456134,0
dataset3,864,normal,0,0,full_minus_planned,0.0041149734050456134,0
dataset3,865,normal,0,0,full_minus_planned,0.009195835499498766,0
dataset3,866,normal,0,1,full_minus_planned,0.003115846345112595,0
dataset3,867,normal,0,0,full_minus_planned,0.006178457866764335,0
dataset3,868,normal,0,1,full_minus_planned,0.005679676863445817,0
dataset3,869,normal,0,0,full_minus_planned,0.008259228650174446,0
dataset3,870,normal,0,0,full_minus_planned,0.00941937635034053,0
dataset3,871,normal,0,0,full_minus_planned,0.007116135911120094,0
dataset3,872,normal,0,0,full_minus_planned,0.006861779100366445,0
dataset3,873,normal,0,1,full_minus_planned,0.0026410008023058868,0
dataset3,874,normal,0,0,full_minus_planned,0.003996164530265585,0
dataset3,875,normal,0,1,full_minus_planned,0.0004097751452724351,0
dataset3,876,normal,0,1,full_minus_planned,0.006442973351442777,0
dataset3,877,normal,0,1,full_minus_planned,0.004969000748703052,0
dataset3,878,normal,0,1,full_minus_planned,0.005072549184668275,0
dataset3,879,normal,0,0,full_minus_planned,6.934351069938467e-05,0
dataset3,880,normal,0,1,full_minus_planned,0.0009970572196201584,0
dataset3,881,normal,0,0,full_minus_planned,0.0058273895031398775,0
dataset3,882,normal,0,1,full_minus_planned,0.0065930358050557206,0
dataset3,883,normal,0,1,full_minus_planned,0.007761146267131281,0
dataset3,884,normal,0,1,full_minus_planned,0.008551486102412367,0
dataset3,885,normal,0,0,full_minus_planned,0.004025600336952417,0
dataset3,886,normal,0,0,full_minus_planned,0.022201154960990937,0
dataset3,887,normal,0,1,full_minus_planned,0.03060569197891784,0
dataset3,888,normal,0,1,full_minus_planned,0.03694795895095881,0
dataset3,889,normal,0,1,full_minus_planned,0.043082408159733764,0
dataset3,890,normal,0,0,full_minus_planned,0.1434706925388992,0
dataset3,891,normal,0,1,full_minus_planned,0.02156915404554202,0
dataset3,892,normal,0,1,full_minus_planned,0.020668809225052813,0
dataset3,893,normal,0,1,full_minus_planned,0.01592741473768488,0
dataset3,894,normal,0,0,full_minus_planned,0.02466831010759079,0
dataset3,895,normal,0,0,full_minus_planned,0.02625810729777861,0
dataset3,896,normal,0,0,full_minus_planned,0.031169038999708285,0
dataset3,897,normal,0,0,full_minus_planned,0.006338588802562402,0
dataset3,898,normal,0,1,full_minus_planned,0.007250728002757399,0
dataset3,899,normal,0,1,full_minus_planned,0.009410969873184186,0
dataset3,900,normal,0,1,full_minus_planned,0.006245678898185792,0
dataset3,901,normal,0,0,full_minus_planned,0.003218706215704805,0
dataset3,902,normal,0,0,full_minus_planned,0.005761527619663719,0
dataset3,903,normal,0,0,full_minus_planned,0.010324390607921664,0
dataset3,904,normal,0,0,full_minus_planned,0.024265269378958624,0
dataset3,905,normal,0,0,full_minus_planned,0.028548036344963418,0
dataset3,906,normal,0,1,full_minus_planned,0.03442614969555365,0
dataset3,907,normal,0,1,full_minus_planned,0.022142199503283694,0
dataset3,908,normal,0,1,full_minus_planned,0.024796039402031636,0
dataset3,909,normal,0,0,full_minus_planned,0.015379594075696699,0
dataset3,910,normal,0,0,full_minus_planned,0.053385084920548866,0
dataset3,911,normal,0,0,full_minus_planned,0.1421326481104693,0
dataset3,912,normal,0,0,full_minus_planned,0.05636204631579637,0
dataset3,913,normal,0,1,full_minus_planned,0.04846555122262125,0
dataset3,914,normal,0,1,full_minus_planned,0.04708479430977922,0
dataset3,915,normal,0,1,full_minus_planned,0.03859827187040237,0
dataset3,916,normal,0,1,full_minus_planned,0.02199928509855114,0
dataset3,917,normal,0,1,full_minus_planned,0.02886385288422114,0
dataset3,918,normal,0,0,full_minus_planned,0.0013426939826717724,0
dataset3,919,normal,0,0,full_minus_planned,0.010597880231941765,0
dataset3,920,normal,0,0,full_minus_planned,0.0058393521737771835,0
dataset3,921,normal,0,0,full_minus_planned,0.01244306947815525,0
dataset3,922,normal,0,0,full_minus_planned,0.01972361311091316,0
dataset3,923,normal,0,0,full_minus_planned,0.02357147023951442,0
dataset3,924,normal,0,0,full_minus_planned,0.028652127657276913,0
dataset3,925,normal,0,0,full_minus_planned,0.038820366268580424,0
dataset3,926,normal,0,0,full_minus_planned,0.041640976065073845,0
dataset3,927,normal,0,1,full_minus_planned,0.07530030420873936,0
dataset3,928,normal,0,1,full_minus_planned,0.09793543503180821,0
dataset3,929,normal,0,1,full_minus_planned,0.1144995959129852,0
dataset3,930,normal,0,1,full_minus_planned,0.12870460973388514,0
dataset3,931,normal,0,0,full_minus_planned,0.1421462621212263,0
dataset3,932,normal,0,0,full_minus_planned,0.1708659874329519,0
dataset3,933,normal,0,0,full_minus_planned,0.13185162475784976,0
dataset3,934,normal,0,0,full_minus_planned,0.17934405117624014,0
dataset3,935,normal,0,0,full_minus_planned,0.21116855076060653,0
dataset3,936,normal,0,0,full_minus_planned,0.17848251188103592,0
dataset3,937,normal,0,0,full_minus_planned,0.2563719666825167,0
dataset3,938,fallback_hold,1,0,full_minus_planned,0.4619265015570249,0
dataset3,939,normal,0,1,full_minus_planned,0.5489790160054343,1
dataset3,940,fallback_hold,1,1,full_minus_planned,0.6539819726940843,1
dataset3,941,normal,0,1,full_minus_planned,0.6293866612245494,1
dataset3,942,fallback_hold,1,1,full_minus_planned,0.6417584702963093,1
dataset3,943,normal,0,0,full_minus_planned,0.6632089850660424,1
dataset3,944,fallback_hold,1,0,full_minus_planned,0.6560636206131298,1
dataset3,945,fallback_hold,1,0,full_minus_planned,0.6822104017705007,1
dataset3,946,normal,0,0,full_minus_planned,0.6917699786930369,1
dataset3,947,operator_stop,1,0,full_minus_planned,0.7334651776177261,1
dataset3,948,operator_stop,1,0,full_minus_planned,0.7683594522898197,1
dataset3,949,operator_stop,1,0,full_minus_planned,0.7917685501682664,1
dataset3,950,operator_stop,1,0,full_minus_planned,0.7973042871166667,1
dataset3,951,operator_stop,1,1,full_minus_planned,0.7955451830380237,1
dataset3,952,operator_stop,1,1,full_minus_planned,0.763811643350014,1
dataset3,953,operator_stop,1,1,full_minus_planned,0.805432140069749,1
dataset3,954,operator_stop,1,0,full_minus_planned,0.7956735595623601,1
dataset3,955,operator_stop,1,0,full_minus_planned,0.8005787745071524,1
dataset3,956,operator_stop,1,0,full_minus_planned,0.7936721691312345,1
dataset3,957,operator_stop,1,0,full_minus_planned,0.7316002386331563,1
dataset3,958,normal,0,0,full_minus_planned,0.6146352887480147,1
dataset3,959,fallback_hold,1,0,full_minus_planned,0.8759744876573294,1
dataset3,960,conflict_risk,1,1,full_minus_planned,0.8474099070365283,1
dataset3,961,fallback_hold,1,1,full_minus_planned,0.8620098637555595,1
dataset3,962,conflict_risk,1,1,full_minus_planned,0.8610424710816101,1
dataset3,963,fallback_hold,1,1,full_minus_planned,0.8507284208923114,1
dataset3,964,conflict_risk,1,1,full_minus_planned,0.8570122122519753,1
dataset3,965,fallback_hold,1,1,full_minus_planned,0.8664353099977459,1
dataset3,966,normal,0,1,full_minus_planned,0.6073382824642136,1
dataset3,967,normal,0,0,full_minus_planned,0.23805514419208285,0
dataset3,968,normal,0,0,full_minus_planned,0.22831129018398294,0
dataset3,969,normal,0,0,full_minus_planned,0.17676349233478683,0
dataset3,970,normal,0,0,full_minus_planned,0.15093725366184504,0
dataset3,971,normal,0,0,full_minus_planned,0.07343887037535396,0
dataset3,972,normal,0,0,full_minus_planned,0.0504047511340478,0
dataset3,973,normal,0,0,full_minus_planned,0.036543003633561784,0
dataset3,974,normal,0,0,full_minus_planned,0.04898164410009513,0
dataset3,975,normal,0,0,full_minus_planned,0.05974280867451318,0
dataset3,976,normal,0,0,full_minus_planned,0.05785450211678721,0
dataset3,977,normal,0,1,full_minus_planned,0.08446354733639909,0
dataset3,978,normal,0,1,full_minus_planned,0.08889260530785173,0
dataset3,979,normal,0,1,full_minus_planned,0.10504408770843784,0
dataset3,980,operator_stop,1,0,full_minus_planned,0.10484447167365157,0
dataset3,981,operator_stop,1,0,full_minus_planned,0.12289670569510901,0
dataset3,982,operator_stop,1,0,full_minus_planned,0.11206461225083673,0
dataset3,983,operator_stop,1,0,full_minus_planned,0.11774771002348114,0
dataset3,984,operator_stop,1,1,full_minus_planned,0.11265328300489247,0
dataset3,985,operator_stop,1,1,full_minus_planned,0.18788985203839784,0
dataset3,986,operator_stop,1,1,full_minus_planned,0.1098090780389177,0
dataset3,987,operator_stop,1,0,full_minus_planned,0.1430250205231888,0
dataset3,988,operator_stop,1,0,full_minus_planned,0.1699146379775591,0
dataset3,989,operator_stop,1,1,full_minus_planned,0.17272554986503846,0
dataset3,990,operator_stop,1,1,full_minus_planned,0.16868313846084698,0
dataset3,991,normal,0,1,full_minus_planned,0.033288468372027716,0
dataset3,992,normal,0,0,full_minus_planned,0.019429482503314756,0
dataset3,993,normal,0,0,full_minus_planned,0.01755617540967671,0
dataset3,994,normal,0,0,full_minus_planned,0.03093322761619963,0
dataset3,995,normal,0,0,full_minus_planned,0.03419906437604412,0
dataset3,996,normal,0,0,full_minus_planned,0.038667077662905426,0
dataset3,997,normal,0,0,full_minus_planned,0.0314585334452966,0
dataset3,998,normal,0,0,full_minus_planned,0.03512426803150365,0
dataset3,999,normal,0,0,full_minus_planned,0.027274572060910357,0
dataset3,1000,normal,0,0,full_minus_planned,0.02808998072480486,0
dataset3,1001,normal,0,0,full_minus_planned,0.017666819340521594,0
dataset3,1002,normal,0,0,full_minus_planned,0.0347553026615331,0
dataset3,1003,normal,0,0,full_minus_planned,0.026020207230505916,0
dataset3,1004,normal,0,0,full_minus_planned,0.010392087695576865,0
dataset3,1005,normal,0,1,full_minus_planned,0.007902301053640214,0
dataset3,1006,normal,0,1,full_minus_planned,0.007249452352686009,0
dataset3,1007,normal,0,1,full_minus_planned,0.004845328855371516,0
dataset3,1008,normal,0,1,full_minus_planned,0.008638624551165673,0
dataset3,1009,normal,0,0,full_minus_planned,0.016148790079449925,0
dataset3,1010,normal,0,0,full_minus_planned,0.00802084254610499,0
dataset3,1011,normal,0,0,full_minus_planned,0.015452277897431296,0
dataset3,1012,normal,0,0,full_minus_planned,0.011216670972177177,0
dataset3,1013,normal,0,0,full_minus_planned,0.0371978973908989,0
dataset3,1014,normal,0,1,full_minus_planned,0.10082305214946227,0
dataset3,1015,normal,0,1,full_minus_planned,0.20117682583579272,0
dataset3,1016,normal,0,1,full_minus_planned,0.40554238333111897,0
dataset3,1017,normal,0,0,full_minus_planned,0.15985459577296438,0
dataset3,1018,normal,0,0,full_minus_planned,0.02505864468947011,0
dataset3,1019,normal,0,0,full_minus_planned,0.02357205304161587,0
dataset3,1020,normal,0,1,full_minus_planned,0.014319076318751183,0
dataset3,1021,normal,0,1,full_minus_planned,0.009199165517663681,0
dataset3,1022,normal,0,1,full_minus_planned,0.009495190333280336,0
dataset3,1023,normal,0,1,full_minus_planned,0.009919710123699457,0
dataset3,1024,normal,0,1,full_minus_planned,0.008668925801500763,0
dataset3,1025,normal,0,1,full_minus_planned,0.005804736718653844,0
dataset3,1026,normal,0,0,full_minus_planned,0.0028257546568017694,0
dataset3,1027,normal,0,1,full_minus_planned,0.004505450444377752,0
dataset3,1028,normal,0,1,full_minus_planned,0.006538823249418952,0
dataset3,1029,normal,0,1,full_minus_planned,0.009365551633530844,0
dataset3,1030,normal,0,1,full_minus_planned,0.013874962003844618,0
dataset3,1031,normal,0,0,full_minus_planned,0.013874962003844618,0
dataset3,1032,normal,0,0,full_minus_planned,0.013874962003844618,0
dataset3,1033,normal,0,0,full_minus_planned,0.007628830774673457,0
dataset3,1034,normal,0,0,full_minus_planned,0.009868961540806822,0
dataset3,1035,normal,0,0,full_minus_planned,0.008290879349026,0
dataset3,1036,normal,0,0,full_minus_planned,0.015149619679708945,0
dataset3,1037,normal,0,1,full_minus_planned,0.031763790219590096,0
dataset3,1038,normal,0,1,full_minus_planned,0.026894866947321943,0
dataset3,1039,normal,0,1,full_minus_planned,0.04229277847076332,0
dataset3,1040,normal,0,0,full_minus_planned,0.16486327705610535,0
dataset3,1041,normal,0,0,full_minus_planned,0.3319449959564526,0
dataset3,1042,normal,0,1,full_minus_planned,0.12994070269056807,0
dataset3,1043,normal,0,1,full_minus_planned,0.03777115741609555,0
dataset3,1044,normal,0,1,full_minus_planned,0.03261949666004652,0
dataset3,1045,normal,0,0,full_minus_planned,0.04572237628684308,0
dataset3,1046,normal,0,0,full_minus_planned,0.026864189082846917,0
dataset3,1047,normal,0,1,full_minus_planned,0.03194964795679738,0
dataset3,1048,normal,0,1,full_minus_planned,0.030306567505062196,0
dataset3,1049,normal,0,1,full_minus_planned,0.029594645181840375,0
dataset3,1050,normal,0,0,full_minus_planned,0.02928063184804373,0
dataset3,1051,normal,0,1,full_minus_planned,0.02728063184804373,0
dataset3,1052,normal,0,1,full_minus_planned,0.02941436311576751,0
dataset3,1053,normal,0,1,full_minus_planned,0.02239057812022579,0
dataset3,1054,normal,0,1,full_minus_planned,0.012096640591748396,0
dataset3,1055,normal,0,0,full_minus_planned,0.004800760763957158,0
dataset3,1056,normal,0,0,full_minus_planned,0.01988350461077244,0
dataset3,1057,normal,0,0,full_minus_planned,0.021127823062772368,0
dataset3,1058,normal,0,0,full_minus_planned,0.015768531205726827,0
dataset3,1059,normal,0,0,full_minus_planned,0.015768531205726827,0
dataset3,1060,normal,0,0,full_minus_planned,0.015768531205726827,0
dataset3,1061,normal,0,0,full_minus_planned,0.015768531205726827,0
dataset3,1062,normal,0,0,full_minus_planned,0.013768531205726827,0
dataset3,1063,normal,0,0,full_minus_planned,0.013768531205726827,0
dataset3,1064,normal,0,0,full_minus_planned,0.017207531416792963,0
dataset3,1065,normal,0,0,full_minus_planned,0.017859213745026213,0
dataset3,1066,normal,0,0,full_minus_planned,0.029764308250771247,0
dataset3,1067,normal,0,0,full_minus_planned,0.017806403930733482,0
dataset3,1068,normal,0,0,full_minus_planned,0.01980640393073348,0
dataset3,1069,normal,0,0,full_minus_planned,0.022786907681722222,0
dataset3,1070,normal,0,0,full_minus_planned,0.028075890357951334,0
dataset3,1071,normal,0,0,full_minus_planned,0.027419287871261203,0
dataset3,1072,normal,0,0,full_minus_planned,0.033292788544260196,0
dataset3,1073,normal,0,0,full_minus_planned,0.01996489030655083,0
dataset3,1074,normal,0,0,full_minus_planned,0.020720571854550902,0
dataset3,1075,normal,0,0,full_minus_planned,0.025047295121495006,0
dataset3,1076,normal,0,0,full_minus_planned,0.02652126772423473,0
dataset3,1077,normal,0,0,full_minus_planned,0.04080932202984155,0
dataset3,1078,normal,0,0,full_minus_planned,0.024015944973052587,0
dataset3,1079,normal,0,0,full_minus_planned,0.023485603164018973,0
dataset3,1080,normal,0,0,full_minus_planned,0.02671268827275785,0
dataset3,1081,normal,0,0,full_minus_planned,0.028845605161731548,0
dataset3,1082,normal,0,0,full_minus_planned,0.04917414095091181,0
dataset3,1083,normal,0,0,full_minus_planned,0.034080269776216976,0
dataset3,1084,normal,0,0,full_minus_planned,0.034904159515880065,0
dataset3,1085,normal,0,0,full_minus_planned,0.02808641685326468,0
dataset3,1086,normal,0,0,full_minus_planned,0.028189771272637873,0
dataset3,1087,normal,0,0,full_minus_planned,0.0473871076290237,0
dataset3,1088,normal,0,0,full_minus_planned,0.04010181109253136,0
