mean_predicted_probability,fraction_of_positives
0.03125635553071518,0.010080645161290322
0.1851474498197985,0.15827338129496402
0.3016771779279963,0.16981132075471697
0.44061477749040084,0.42857142857142855
0.566201746102315,0.6119402985074627
0.6834049533819914,0.582089552238806
0.7994316716798605,0.9130434782608695
0.9292750430090431,1.0
