accuracy,balanced_accuracy,macro_f1,risk_precision,risk_recall,risk_f1,support_total,risk_support,non_risk_support,roc_auc,pr_auc,brier_score
0.8797061524334252,0.8383838383838385,0.8452260706826873,0.7985611510791367,0.7474747474747475,0.7721739130434783,1089,297,792,0.9390920994456348,0.874172996188899,0.08660459390565026
