metric,mean,ci95_low,ci95_high,std,n_bootstrap_valid
accuracy,0.8794123048668503,0.8594811753902664,0.898989898989899,0.00981925874432127,1000
balanced_accuracy,0.8379207550540799,0.8126407072661364,0.8634414818583778,0.013032151410560853,1000
macro_f1,0.8446791400548601,0.8202703719026025,0.8684104638247704,0.012259688657052594,1000
risk_precision,0.7983861238365028,0.7491405941305364,0.8447063060179257,0.023862145666593174,1000
risk_recall,0.746605417651898,0.6996508956255995,0.793232487851132,0.024449268358968372,1000
risk_f1,0.7713241606148917,0.7353886876567289,0.8052865631589036,0.01878824323502859,1000
roc_auc,0.9390407152605098,0.9250462909110179,0.9525183398303556,0.006971591381710204,1000
pr_auc,0.8740977920278755,0.8444873322140524,0.9006094675385589,0.014197146522550826,1000
brier_score,0.08667179796096348,0.07716214063590368,0.09655553495069506,0.00478657276789269,1000
